lombardo_row,compound_name,reference,pmid,pmcid,paperclip_id,percentage_found,percentage_full_text_found,matching_notes,source_urls
1,α-hANP,"Nakao, K.; Sugawara, A.; Morii, N.; Sakamoto, M.; Yamada, T.; Itoh, H.; Shiono, S.; Saito, Y.; Nishimura, K.; Ban, T.; Kangawa, K.; Matsuo, H.; Imura, H.  The pharmacokinetics of α-​human atrial natriuretic polypeptide in healthy subjects. Eur. J. Clin. Pharmacol., 1986, 31, 101-103.",2946587,,132170949,100.0,0,1 of 1 distinct cited papers matched in Paperclip.,https://paperclip.gxl.ai/citations/papers/132170949
2,(-)dOTC,"PATRICK F. SMITH, ALAN FORREST, CHARLES H. BALLOW, DAVID E. MARTIN,AND LOUISE PROULX. Absolute Bioavailability and Disposition of (-) and (+) 2'-Deoxy-3'-Oxa-4'-Thiocytidine (dOTC) following Single Intravenousand Oral Doses of Racemic dOTC in Humans. ANTIMICROBIAL AGENTS AND CHEMOTHERAPY,2000, 44,1609–1615.",10817717,PMC89921,41518773,100.0,0,1 of 1 distinct cited papers matched in Paperclip.,https://paperclip.gxl.ai/citations/papers/41518773
3,(+)dOTC,"PATRICK F. SMITH, ALAN FORREST, CHARLES H. BALLOW, DAVID E. MARTIN,AND LOUISE PROULX. Absolute Bioavailability and Disposition of (-) and (+) 2'-Deoxy-3'-Oxa-4'-Thiocytidine (dOTC) following Single Intravenousand Oral Doses of Racemic dOTC in Humans. ANTIMICROBIAL AGENTS AND CHEMOTHERAPY,
2000, 44,1609–1615.",10817717,PMC89921,41518773,100.0,0,1 of 1 distinct cited papers matched in Paperclip.,https://paperclip.gxl.ai/citations/papers/41518773
4,"1,3-DCQA","Wen-Zheng Ju,Yang Zhao,Fang Liu,Ting Wua,Jun Zhang,Shi-Jia Liu,Lin gZhou,Guo-Liang Dai,Ning-Ning Xiong,Zhu-Yuan Fang. Clinical tolerability and pharmacokinetics of Erigerontis hydroxybenzene injection: Results of a randomized phase I study in healthy Chinese volunteers. Phytomed. 2015, 22, 319–325",25765839,,70445421,100.0,0,1 of 1 distinct cited papers matched in Paperclip.,https://paperclip.gxl.ai/citations/papers/70445421
5,16-acetyl gitoxin,"Hausten, K.-O. On the Pharmacokinetics of 16-Acetyl-gitoxin and Its Bioavailability from Pengitoxin-Containing Tablet Formulations. Int. J. Pharmacokin. Biopharm. 1986, 14, 357-364. ",3772737,,131335223,100.0,0,1 of 1 distinct cited papers matched in Paperclip.,https://paperclip.gxl.ai/citations/papers/131335223
6,1-Aminocyclopropanecarboxylic Acid,"Cherkofsky, S.C. (1995) 1-Aminocyclopropylcarboxylic acid: mouse to man interspecies pharmacokinetic comparisons and allometric relationships.  J. Pharm. Sci.  84: 1231-1235.",8801339,,122094579,100.0,0,1 of 1 distinct cited papers matched in Paperclip.,https://paperclip.gxl.ai/citations/papers/122094579
7,"3,4-DCQA","Wen-Zheng Ju,Yang Zhao,Fang Liu,Ting Wua,Jun Zhang,Shi-Jia Liu,Lin gZhou,Guo-Liang Dai,Ning-Ning Xiong,Zhu-Yuan Fang. Clinical tolerability and pharmacokinetics of Erigerontis hydroxybenzene injection: Results of a randomized phase I study in healthy Chinese volunteers. Phytomed. 2015, 22, 319–325",25765839,,70445421,100.0,0,1 of 1 distinct cited papers matched in Paperclip.,https://paperclip.gxl.ai/citations/papers/70445421
8,"3,5-DCQA","Wen-Zheng Ju,Yang Zhao,Fang Liu,Ting Wua,Jun Zhang,Shi-Jia Liu,Lin gZhou,Guo-Liang Dai,Ning-Ning Xiong,Zhu-Yuan Fang. Clinical tolerability and pharmacokinetics of Erigerontis hydroxybenzene injection: Results of a randomized phase I study in healthy Chinese volunteers. Phytomed. 2015, 22, 319–325",25765839,,70445421,100.0,0,1 of 1 distinct cited papers matched in Paperclip.,https://paperclip.gxl.ai/citations/papers/70445421
9,3-O-demethylfortimicin A,"LAWRENCE T. SENNELLO, DAVID S. WILSON, JOANNE AFARIAN, LORRAINE S. HOLTAM, GREGORY NORMAN, DOUGLAS E. ROLLINS, AND KEITH G. TOLMAN. Single-Dose Pharmacokinetics of 3-0-Demethylfortimicin A in Humans after Intravenous and Intramuscular Administration. ANTIMICR. Agents CHEMOTHER.. 1986, 29, 400-404.",3717941,PMC180402,86916893,100.0,0,1 of 1 distinct cited papers matched in Paperclip.,https://paperclip.gxl.ai/citations/papers/86916893
10,5-Hydroxymethyl tolterodine,PDR reference on fesoterodine. Accessed July 14 2014. http://www.pdr3d.com/detail.php?c=114031#section-12,,,,,,No identifiable paper citations; non-paper sources excluded.,
11,852A,"Harrison LI, Astry C, Kumar S, et al. Pharmacokinetics of 852A, an imidazoquinoline Toll-like receptor 7-specific agonist, following intravenous, subcutaneous, and oral administrations in humans. J Clin Pharmacol. 2007;47:962–969",17660481,,116376586,100.0,0,1 of 1 distinct cited papers matched in Paperclip.,https://paperclip.gxl.ai/citations/papers/116376586
12,Abacavir,"Chittick GE, Gillotin C, McDowell JA, Lou Y, Edwards KD, Prince WT, and Stein DS. (1999) Abacavir: absolute bioavailability, bioequivalence of three oral formulations, and effect of food.    Pharmacotherapy 19: 932-942.  Ziagen Product Label.",10453964,,135201709,100.0,0,1 of 1 distinct cited papers matched in Paperclip. 1 non-paper source segment(s) excluded.,https://paperclip.gxl.ai/citations/papers/135201709
13,Abanoquil,"Schafers RF, Elliott HL, Meredith PA, Miller SHK, and Reid JL (1991) Studies with abanoquil (UK-52,046) a novel quinoline α1-adrenoceptor antagonist:  II.  Duration of action, pharmacokinetics and concentration-effect relationships in normotensive subjects.  Br. J. Clin. Pharmacol. 32: 605-610.",1683250,PMC1368638,86713829,100.0,0,1 of 1 distinct cited papers matched in Paperclip.,https://paperclip.gxl.ai/citations/papers/86713829
14,Abexinostat,"S. D. Undevia, L. Janisch, R. L. Schilsky, D. Loury, S. Balasubramanian, C. Mani, M. Sirisawad, J. J. Buggy, R. A. Miller, M. J. Ratain. Phase I study of the safety, pharmacokinetics (PK) and pharmacodynamics (PD) of the histone deacetylase inhibitor (HDACi) PCI-24781. J. Clin. Oncol. 26, no. 90150 (May 2008) abstract 14514. http://ascopubs.org/doi/abs/10.1200/jco.2008.26.90150.14514. Accessed December 17 2016.",,,,0.0,0,"0 of 1 distinct cited papers matched in Paperclip. Unmatched citations: Phase I study of the safety, pharmacokinetics (PK) and pharmacodynamics (PD) of the histone deacetylase inhibitor (HDACi) PCI-24781.",
15,ABP-700,"Michel M. R. F. Struys, M.D., Ph.D., F.R.C.A., Beatrijs I. Valk, B.Sc., Douglas J. Eleveld, Ph.D.,
Anthony R. Absalom, Peter Meyer,  Sascha Meier, Izaak den Daas,  Thomas Chou, Kai van Amsterdam, Jason A. Campagna,  Steven P. Sweeney, . A Phase 1, Single-center, Double-blind, Placebocontrolled Study in Healthy Subjects to Assess the Safety, Tolerability, Clinical Effects, and Pharmacokinetics–Pharmacodynamics of Intravenous Cyclopropyl-methoxycarbonylmetomidate (ABP-700) after a Single Ascending Bolus Dose. Anesth. 2017  doi: 10.1097/ALN.00000000000016. Accessed May 12 2017.",28459733,,50697266,100.0,0,1 of 1 distinct cited papers matched in Paperclip.,https://paperclip.gxl.ai/citations/papers/50697266
16,Acamprosate,2003-Jul-23  PDF(2806k) Clinical Pharmacology and Biopharmaceutics Review 021431/S-000. FDA. Accessed through Pharmapendium. ,,,,,,No identifiable paper citations; non-paper sources excluded.,
17,Acarbose,"Putter J, Keup U, Krause HP, Muller L, and Weber H (1982) Pharmacokinetics of acarbose.  Int. Congr. Ser. 594: 38-48. ",,,,0.0,0,0 of 1 distinct cited papers matched in Paperclip. Unmatched citations: Pharmacokinetics of acarbose.,
18,Acebutolol,"Kaye CM, Kumana CR, Leighton M, Hamer J, and Turner P (1976) Observations on the pharmacokinetics of acebutolol.  Clin. Pharmacol. Ther.  19: 416-420.  Meffin PJ, Winkle RA, Peters FA, and Harrison DC (1977) Acebutolol disposition after intravenous administration.  Clin. Pharmacol. Ther. 22: 557-567.  Roux A, Flouvat B, Chau NP, Letac B, and Lucsko M (1980) Pharmacokinetics of acebutalol after intravenous bolus administration.  Br. J. Clin. Pharmacol. 9: 215-217.",1269192;913023,,61705530;61455556,66.67,0,2 of 3 distinct cited papers matched in Paperclip. Unmatched citations: Pharmacokinetics of acebutalol after intravenous bolus administration.,https://paperclip.gxl.ai/citations/papers/61705530;https://paperclip.gxl.ai/citations/papers/61455556
19,Acecainide (N-acetylprocainamide),"Coyle JD, Boudoulas H, and Lima JJ (1991) Acecainide pharmacokinetics in normal subjects of known acetylator phenotype.  Biopharm. Drug Dispos. 12: 599-612.   Connolly SJ and Kates RE (1982)  Clinical pharmacokinetics of N-acetylprocainamide.    Clin. Pharmacokinet. 7: 206-220.",1724922;6178545,,122655243;108689320,100.0,0,2 of 2 distinct cited papers matched in Paperclip.,https://paperclip.gxl.ai/citations/papers/122655243;https://paperclip.gxl.ai/citations/papers/108689320
20,Acenocoumarol,"Godbillon J, Richard J, Gerardin A, et al. Pharmacokinetics of the enantiomers of acenocoumarol in man. Br J Clin Pharmacol 1981, 12, 621-629.",7332726,PMC1401957,86842614,100.0,0,1 of 1 distinct cited papers matched in Paperclip.,https://paperclip.gxl.ai/citations/papers/86842614
21,Acetaminophen,"Rowlins MD, Henderson DB, Hijab AR (1977) Pharmacokinetics of paracetamol (acetaminophen) after intravenous and oral administration.  Eur. J. Clin. Pharmacol. 11: 283-286.  Kurz H, Mauser-Ganshorn A, and Stickel HH (1977) Differences in the binding of drugs to plasma proteins from newborn and adult man. I. Eur. J. Clin. Pharmacol. 11: 463-467.",862649;891592,,133875395;133277262,100.0,0,2 of 2 distinct cited papers matched in Paperclip.,https://paperclip.gxl.ai/citations/papers/133875395;https://paperclip.gxl.ai/citations/papers/133277262
22,Acetazolamide,"Chapron DJ, Sweeney KR, Feig PU, and Kramer PA (1985) Influence of advanced age on the disposition of acetazolamide.  Br. J. Clin. Pharmacol. 19: 363-371.",3986087,PMC1463727,86061980,100.0,0,1 of 1 distinct cited papers matched in Paperclip.,https://paperclip.gxl.ai/citations/papers/86061980
23,"Acetylcysteine, N-","Prescott LF, Donovan JW, Jarvie DR, and Proudfoot AT. The disposition and kinetics of intravenous N-acetylcysteine in patients with paracetamol overdosage.  Eur. J. Clin. Pharmacol. 1989, 37, 501-506.  Acetadote Product Label.",2598989,,133783387,100.0,0,1 of 1 distinct cited papers matched in Paperclip. 1 non-paper source segment(s) excluded.,https://paperclip.gxl.ai/citations/papers/133783387
24,"Acetylmethadol, L-","Walsh SL, Johnson RE, Cone EJ, and Bigelow GE (1998) Intravenous and oral l-.alpha.-acetylmethadol: pharmacodynamics and pharmacokinetics in humans.  J. Pharmacol. Exp. Ther.  285: 71-82.  Toro-Goyco E, Martin BR, and Harris LS (1980) Binding of 1-alpha-acetylmethadol and its metabolites to blood constituents.  Biochem. Pharmacol. 29: 1897-1902.",9535996,,189525798,50.0,0,1 of 2 distinct cited papers matched in Paperclip. Unmatched citations: Binding of 1-alpha-acetylmethadol and its metabolites to blood constituents.,https://paperclip.gxl.ai/citations/papers/189525798
25,Acetylsalicylic Acid,"Aarons L, Hopkins K, Rowland M, Brossel S, and Thiercelin JF (1989) Route of administration and sex differences in the pharmacokinetics of aspirin, administered as its lysine salt.   Pharm. Res. 6: 660-666.  Lee S, Johnson D, Klein J, and Eppler J (1995) Protein binding of acetylsalicylic acid and salicylic acid in porcine and human serum.  Vet. Human Toxicol. 37: 224-225",2510140;7571349,,141914708;188774044,100.0,0,2 of 2 distinct cited papers matched in Paperclip.,https://paperclip.gxl.ai/citations/papers/141914708;https://paperclip.gxl.ai/citations/papers/188774044
26,ACHT 4-10,"U. Bickel, J. Born, H.L. Fehm, M. Distler, and K. H. Voigt. The Behaviorally Active Peptide ACTH 4-10: Measurement in Plasma and Pharmacokinetics in Man.  Eur J Clin Pharmacol (1988) 35:371-377",2848706,,133401895,100.0,0,1 of 1 distinct cited papers matched in Paperclip.,https://paperclip.gxl.ai/citations/papers/133401895
27,Acivicin,"McGovern JP, Pratt EA, Belt RJ, Taylor SA, Benjamin RS, Ardalan B, and Ohnuma T (1985) Pharmacokinetic and biochemical studies on acivicin in phase I clinical trials.  Canc. Res.  45: 4460-4463.",3896481,,185620183,100.0,0,1 of 1 distinct cited papers matched in Paperclip.,https://paperclip.gxl.ai/citations/papers/185620183
28,Aclidinium bromide,PDR. Accessed August 07 2014. http://www.pdr3d.com/detail.php?c=82946#section-12,,,,,,No identifiable paper citations; non-paper sources excluded.,
29,Actisomide,"Cook CS et al. Pharmacokinetics of a novel antiarrhythmic drug, Actisomide. Pharm Res, 1993, 10(3), 427-433.",8464818,,140412119,100.0,0,1 of 1 distinct cited papers matched in Paperclip.,https://paperclip.gxl.ai/citations/papers/140412119
30,Acyclovir,De Miranda P and Blum MR (1983) Pharmacokinetics of acyclovir after intravenous and oral administration.  J. Antimic. Chemother. 12(Suppl B): 29-37.,6355048,,84101399,100.0,0,1 of 1 distinct cited papers matched in Paperclip.,https://paperclip.gxl.ai/citations/papers/84101399
31,Adefovir,"Cundy KC, Barditch-Crovo P, Walker RE, Collier AC, Ebeling D, Toole J, and Jaffe HS. (1995) Clinical pharmacokinetics of adefovir in human immunodeficiency virus type 1-infected patients.  Antimic. Agents Chemother. 39: 2401-2405.   Hepsera Product Label.",8585716,PMC162955,87005707,100.0,0,1 of 1 distinct cited papers matched in Paperclip. 1 non-paper source segment(s) excluded.,https://paperclip.gxl.ai/citations/papers/87005707
32,Adinazolam,"Fleishaker JC, Friedman H, and Pollock SR (1991)  Extent and variability of the first-pass elimination of adinazolam mesylate in healthy male volunteers.  Pharm. Res.  8: 162-167.",2023863,,141376480,100.0,0,1 of 1 distinct cited papers matched in Paperclip.,https://paperclip.gxl.ai/citations/papers/141376480
33,AFN-1252,"Kaplan, Nachum; Garner, Colin; Hafkin, Barry. AFN-1252 in vitro absorption studies and pharmacokinetics following microdosing in healthy subjects. European Journal of Pharmaceutical Sciences (2013), 50(3-4), 440-446.",23988847,,78360890,100.0,0,1 of 1 distinct cited papers matched in Paperclip.,https://paperclip.gxl.ai/citations/papers/78360890
34,AG-EE-388 ZW,"Greischel, Andreas; Beschke, Klaus; Rapp, Hermann; Roth, Willy. Quantitation of the new hypoglycemic agent AG-EE 388 ZW in human plasma by automated highperformance
liquid chromatography with electrochemical detection. J. Chrom, Biomed App. 1991, 568, 246-252",1770103,,4581757,100.0,0,1 of 1 distinct cited papers matched in Paperclip.,https://paperclip.gxl.ai/citations/papers/4581757
35,Ajmaline,"Roberto Padrini,  Donatella Piovan,  Antonio Javarnaro, Francesco Cucchini, Mariano Ferrari. Pharmacokinetics and Electrophysiological Effects of Intravenous Ajmaline. Clin. Pharmacokinet. 1993, 25, 408-414.//ppb: Köppel C, Wagemann A, Martens F. Pharmacokinetics and antiarrhythmic efficacy of intravenous ajmaline in ventricular arrhythmia of acute onset. Eur J Drug Metab Pharmacokinet. 1989, 14, 161-167.",8287634;2591421,,108189321;100331246,100.0,0,2 of 2 distinct cited papers matched in Paperclip.,https://paperclip.gxl.ai/citations/papers/108189321;https://paperclip.gxl.ai/citations/papers/100331246
36,Albuterol (salbutamol),"Boulton DW and Fawcett JP (1996) Enantioselective disposition of salbutamol in man following oral and intravenous administration.  Br. J. Clin. Pharmacol. 1996, 41, 35-40.  Morgan DJ, Paull JD, Richmond BH, Wilson-Evered E, and Ziccone SP (1986) Pharmacokinetics of intravenous and oral salbutamol and its sulphate conjugate.  Br. J. Clin. Pharmacol.  22: 587-593.",8824691;3790406,PMC1401185,110541267;86062086,100.0,0,2 of 2 distinct cited papers matched in Paperclip.,https://paperclip.gxl.ai/citations/papers/110541267;https://paperclip.gxl.ai/citations/papers/86062086
37,Alcuronium,"Walker J, Shanks CA, and Triggs EJ (1980)  Clinical pharmacokinetics of alcuronium chloride in man.  Eur. J. Clin. Pharmacol. 17: 449-457. ",7398736,,133403829,100.0,0,1 of 1 distinct cited papers matched in Paperclip.,https://paperclip.gxl.ai/citations/papers/133403829
38,Alectinib,"Peter N. Morcos, Li Yu, Katrijn Bogman, Mika Sato, Hisakazu Katsuki, Kosuke Kawashima, David J Moore, Matt Whayman, Keith Nieforth, Katja Heinig, Elena Guerini, Dieter Muri, Meret Martin-Facklam and Alex Phipps. Absorption, distribution, metabolism and excretion (ADME) of the ALK inhibitor alectinib: results from an absolute bioavailability and mass balance study in healthy subjects. Xenobiot. Early online 2016, DOI: 10.1080/00498254.2016.1179821//ppb: FDA review https://www.accessdata.fda.gov/drugsatfda_docs/nda/2015/208434Orig1s000PharmR.pdf. Accessed May 1 2017.",27180975,,60321893,100.0,0,1 of 1 distinct cited papers matched in Paperclip. 1 non-paper source segment(s) excluded.,https://paperclip.gxl.ai/citations/papers/60321893
39,Alendronate,"Trimethylsilyldiazomethane derivatization coupled with solid-phase extraction for the determination of alendronate in human plasma by LC-MS/MS Meixia Chen, Ke Liu, Dafang Zhong, Xiaoyan Chen. Anal Bioanal Chem (2012) 402:791–798. ppb: reported by PDR :Protein binding in human plasma is approximately 78%. Accessed December 30 2014. http://www.pdr3d.com/detail.php?c=13132#section-3",22002562,,94491766,100.0,0,1 of 1 distinct cited papers matched in Paperclip. 1 non-paper source segment(s) excluded.,https://paperclip.gxl.ai/citations/papers/94491766
40,Alfacalcidol,"L. Brandi, M. Egfjord, K. Olgaard. Pharmacokinetics of 1,25(OH)2D3 and 1a(OH)D3 in normal and uraemic men. Nephrol. Dial. Transpl. 2002, 17, 829-842.",11981071,,159427349,100.0,0,1 of 1 distinct cited papers matched in Paperclip.,https://paperclip.gxl.ai/citations/papers/159427349
41,Alfentanil,"Bower S and Hull CJ (1982) Comparative pharmacokinetics of fentanyl and alfentanil.  Br. J. Anaesth. 54: 871-877.  McDonnell CG, Malkan D, Van Pelt FD, and Shorten GD (2003) Elimination of alfentanil delivered by infusion is not altered by the chronic administration of atorvastatin.    Eur. J. Anaesth. 20: 662-667.  Meuldermans WEG, Hurkmans RMA, and Heykants JJP (1982) Plasma protein binding and distribution of fentanyl, sufentanil, alfentanil and lofentanil in blood.    Arch. Int. Pharmacodyn. Ther.  257: 4-19.  Lemmens HJ, Burm AG, Bovill JG, Hennis PJ, and Gladines MP (1992)  Pharmacodynamics of alfentanil. The role of plasma protein binding.    Anesthesiol.  76: 65-70.",6125162;12932070;6214227;1729938,,120851303;129640734;188021413;122222764,100.0,0,"4 of 4 distinct cited papers matched in Paperclip. Bibliographic match checked against title, author and pagination at https://pubmed.ncbi.nlm.nih.gov/12932070/.",https://paperclip.gxl.ai/citations/papers/120851303;https://paperclip.gxl.ai/citations/papers/129640734;https://paperclip.gxl.ai/citations/papers/188021413;https://paperclip.gxl.ai/citations/papers/122222764
42,Alfuzosin,"Guinebault P, Colafranceschi C, Bianchetti G, Thenot JP, Maillard D, Thiercelin JF, Larribaud J, and Morselli PL (1984) Absolute bioavailability of alfuzosin, a new α1-​post synaptic receptor antagonist, after oral and intravenous administration.  Biopharm. Pharmacokinet. 2nd European Congress 2: 578-583. ppb: The PDR states: Results of in vitro studies indicate that alfuzosin is moderately bound to human plasma proteins (82% to 90%), with linear binding over a wide concentration range (5 to 5,000 ng/mL). Median value taken. Accessed January 7 2015. http://www.pdr3d.com/detail.php?c=76486#section-13.",,,,0.0,0,"0 of 1 distinct cited papers matched in Paperclip. 1 non-paper source segment(s) excluded. Unmatched citations: Absolute bioavailability of alfuzosin, a new α1-​post synaptic receptor antagonist, after oral and intravenous administration.",
43,Alinidine,"Arndts, D.; Warnkross, H.; Rominger, K. L.; Justus, H. Proof of the Linearity of the Pharmacokinetics of Alidine in Man. Eur. J. Clin. Pharmacol. (1981), 21, 201-207.//ppb: R. E. Heckner. Systematic study of protein binding of biologically active substances. Pharmatherapeutica, 1973, 2, 177-186.",7318879,,133761072,50.0,0,1 of 2 distinct cited papers matched in Paperclip. Unmatched citations: Systematic study of protein binding of biologically active substances.,https://paperclip.gxl.ai/citations/papers/133761072
44,Alizapride,"Houin G, Barre J, and Tillement JP. Absolute intramuscular, oral, and rectal bioavailability of alizapride.  J. Pharm. Sci.  (1984) 73: 1450-1453.",6502497,,122094276,100.0,0,1 of 1 distinct cited papers matched in Paperclip.,https://paperclip.gxl.ai/citations/papers/122094276
45,Allopurinol,"Breithaupt H and Tittel M (1982) Kinetics of allopurinol after sinlge intravenous and oral doses.  Eur. J. Clin. Pharmacol. 22: 77-84.  Elion GB, Kovensky A, Hitchings GH, Metz E, and Rundles RW (1966) Metabolic studies of allopurinol, an inhibitor of xanthine oxidase.    Biochem. Pharmacol. 15: 863-889.",7094977,,123516329,50.0,0,"1 of 2 distinct cited papers matched in Paperclip. Unmatched citations: Metabolic studies of allopurinol, an inhibitor of xanthine oxidase.",https://paperclip.gxl.ai/citations/papers/123516329
46,Almitrine,"Bernhard R. Winkelmann, Thomas H. Kullmer, Dieter G. Kneissi, Dietmar Trenk, Hartmut Kronenberger. Low-dose Almitrine Bismesylate in the Treatment of Hypoxemia due to Chronic Obstructive Pulmonary Disease. Chest, 1994; 105, 1383-1391.////ppb: Bromet N; Singlas E. Clinical pharmacokinetics of almitrine dimesylate. Presse medicale, 1984, 13, 2071-2077.",8181324;6149534,,115817134;187991766,100.0,0,2 of 2 distinct cited papers matched in Paperclip.,https://paperclip.gxl.ai/citations/papers/115817134;https://paperclip.gxl.ai/citations/papers/187991766
47,Almokalant,"Electropharmacologic effects and pharmacokinetics of almokalant, a new class III antiarrhythmic, in patients with healed or healing myocardial infarcts and complex ventricular arrhythmias Wiesfeld A C; Crijns H J; Tobe T J; Almgren O; Bergstrand R H; Aberg J; Haaksma J; Lie K I. The American journal of cardiology (1992), 70(11), 990-996.",1384304,,135161095,100.0,0,1 of 1 distinct cited papers matched in Paperclip.,https://paperclip.gxl.ai/citations/papers/135161095
48,Almorexant,"Absolute Oral Bioavailability of Almorexant, a Dual Orexin Receptor Antagonist, in Healthy Human Subjects. Matthias Hoch  Petra Hoever, Jochen Zisowsky, Anthony Priestley,
David Fleet, Jasper Dingemanse. Pharmacology 2012;89:53–57.",22302127,,90638464,100.0,0,1 of 1 distinct cited papers matched in Paperclip.,https://paperclip.gxl.ai/citations/papers/90638464
49,Almotriptan,"Gras J, Llenas J, Jansat JM, Jáuregui J, Cabarrocas X, Palacios JM (2002) Almotriptan, a New Anti-Migraine Agent: A Review CNS Drug Rev. 8: 217-234.  Jansat, JM, Costa J, Salva P, Fernandez FJ, and Martinez-Tobed A (2002) Absolute bioavailability, pharmacokinetics, and urinary excretion of the novel antimigraine agent almotriptan in healthy male volunteers.  J. Clin. Pharmacol. 42: 1303-1310.",12353056;12463724,PMC6741687,101943617;139892932,100.0,0,2 of 2 distinct cited papers matched in Paperclip.,https://paperclip.gxl.ai/citations/papers/101943617;https://paperclip.gxl.ai/citations/papers/139892932
50,Alosetron,"Kock KM, Palmer JL, Noordin N, Tomlinson JJ, and Baidoo C (2002) Sex and age differences in the pharmacokinetics of alosetron.  Br. J. Clin. Pharmacol. 53: 238-242.  Lotronex Product Label",11874386,PMC1874312,140260591,100.0,0,1 of 1 distinct cited papers matched in Paperclip. 1 non-paper source segment(s) excluded.,https://paperclip.gxl.ai/citations/papers/140260591
51,Alpiropride," F. BRESSOLLE, J. BRES and M. SNOUSSI. High-performance liquid chromatographic determination of a new benzamide in biological fluids for use in a human pharmacokinetic study. Journal of Chromatography, Biomedical Applications  1985 343, 443-448",,,,0.0,0,0 of 1 distinct cited papers matched in Paperclip. Unmatched citations: High-performance liquid chromatographic determination of a new benzamide in biological fluids for use in a human pharmacokinetic study.,
52,Alprazolam,"Smith RB, Kroboth PD, Vanderligt JT, Phillips JP, and Juhl RP (1984) Pharmacokinetics and pharmacodynamics of alprazolam after oral and IV administration.  Psychopharmacology 84: 452-456.  Greenblatt DJ and Wright CE (1993) Clinical pharmacokinetics of alprazolam. Therapeutic implications.    Clin. pharmacokinet. 24: 453-471.  ",6152055;8513649,,133435681;108189315,100.0,0,2 of 2 distinct cited papers matched in Paperclip.,https://paperclip.gxl.ai/citations/papers/133435681;https://paperclip.gxl.ai/citations/papers/108189315
53,Alprenolol,"Bodin NO, Borg KO, Johansson R, Obianwu H, Svensson R. The absorption, distribution, and excretion of alprenolol in man, dog, and rat.  Acta Pharmacol. Toxicol. 1974, 35, 261-269.   Imamura H, Komori T, Ismail A, Suenaga A, and Otagiri M (2002)  Stereoselective protein binding of alprenolol in the renal diseased state.  Chirality 14: 599-603.",4479578;12112335,,99977031;144000225,100.0,0,2 of 2 distinct cited papers matched in Paperclip.,https://paperclip.gxl.ai/citations/papers/99977031;https://paperclip.gxl.ai/citations/papers/144000225
54,Alprostadil,"W. Cawello , H. Schweel , R. Miiller, R. Bonn, H.W. Seyberth. Metabolism and pharmacokinetics of prostaglandin E1 administered
by intravenous infusion in human subjects. Eur J Clin Pharmacol (1994) 46:275-277",8070511,,134131616,100.0,0,1 of 1 distinct cited papers matched in Paperclip.,https://paperclip.gxl.ai/citations/papers/134131616
55,Alvimopan,Biopharmaceutics review: https://www.accessdata.fda.gov/drugsatfda_docs/nda/2008/021775_ENTEREG_CAPSULES_BIOPHARMR.pdf. Accessed on April 11 2017.,,,,,,No identifiable paper citations; non-paper sources excluded.,
56,Amantadine,Aoki FY and Sitar DS (1988) Clinical pharmacokinetics of amantadine hydrochloride.  Clin. Pharmacokinet. 14: 35-51.,3280212,,114116777,100.0,0,1 of 1 distinct cited papers matched in Paperclip.,https://paperclip.gxl.ai/citations/papers/114116777
57,Amdinocillin,"Patel IH, Bornemann LD, Brocks VM, Fang LS, Tolkoff-Rubin NE, and Rubin RH (1985) Pharmacokinetics of intravenous amdinocillin in healthy subjects and patients with renal insufficiency.  Antimicrob. Agents Chemother. 28: 46-50.//ppb: Tan, James S.; Salstrom, Sara Jane; File, Thomas M., Jr. Levels of amdinocillin in human plasma and interstitial fluid following intravenous administration. The American Journal of Medicine 1983, 75, 65-67.",4037777;6311008,PMC176307,86916839;135140028,100.0,0,2 of 2 distinct cited papers matched in Paperclip.,https://paperclip.gxl.ai/citations/papers/86916839;https://paperclip.gxl.ai/citations/papers/135140028
58,Amezinium,"Kaumeier S, Kehrhahn OH, Morgenthaler H, Neugebauer G. Absolute bioavailability of amezinium. A cross-over study after i.v. and p.o. application.Arzneimittelforschung. 1981;31(9a):1653-7.",7197980,,188576966,100.0,0,1 of 1 distinct cited papers matched in Paperclip.,https://paperclip.gxl.ai/citations/papers/188576966
59,Amifloxacin,"Schentag J J et al. Pharmacokinetics of Amifloxacin After Oral and Intravenous Administration. Review of infectious diseases. 1989  11, suppl 5",,,,0.0,0,0 of 1 distinct cited papers matched in Paperclip. Unmatched citations: Pharmacokinetics of Amifloxacin After Oral and Intravenous Administration.,
60,Amifostine," LESLIE M. SHAW, PH.D., ANDREW T. TURRISI, M.D., DONNA J. GLOVER, M.D., HEATHER S. BONNER, B.S., A. LORRAINE NORFLEET, B.S., CLARE WEILER, R.N.
AND MORTON M. KLIGERMAN, M.D. HUMAN PHARMACOKINETICS OF WR-2721. Int. J. Radiation Oncology Bio. Phys.. 1986, 12, 1501-1504.",3019968,,104019603,100.0,0,1 of 1 distinct cited papers matched in Paperclip.,https://paperclip.gxl.ai/citations/papers/104019603
61,Amikacin,"Lanao JM, Dominguez-Gil A, Tabernero JM, and De Castro S (1979)  Pharmacokinetics of amikacin (BB-K8) in patients with normal or impaired renal function.  Int. J. Clin. Pharmacol. Biopharm. 17: 171-175.  Clarke JT, Libke RD, Regamey C, and Kirby WMM (1974) Comparative pharmacokinetics of amikacin and kanamycin.  Clin. Pharmacol. Ther.  15: 610-616.  Brunnemann SR and Segal JR (1991) Amikacin serum protein binding in spinal cord injury.  Life Sci. 49: PL1-PL5.",447438;4210297;2062169,,186804644;61705419;141977183,100.0,0,3 of 3 distinct cited papers matched in Paperclip.,https://paperclip.gxl.ai/citations/papers/186804644;https://paperclip.gxl.ai/citations/papers/61705419;https://paperclip.gxl.ai/citations/papers/141977183
62,"Aminocamptothecin, 9-","Herben VM, van Gijn R, Schellens JH, Schot M, Lieverst J, Hillebrand MJ, Schoemaker NE, Porro MG, Beijnen JH, and ten Bokkel Huinink WW (1999)  Phase I and pharmacokinetic study of a daily times 5 short intravenous infusion schedule of 9-aminocamptothecin in a colloidal dispersion formulation in patients with advanced solid tumors.  J. Clin. Oncol.17: 1906-1914.  Masubuchi N, May RD, and Atsumi R (2004)  A predictive model of human myelotoxicity using five camptothecin derivatives and the in vitro colony-forming unit granulocyte/macrophage assay.  Clin. Cancer Res. 10: 6722-6731.",10561232;15475463,,52401705;128508978,100.0,0,2 of 2 distinct cited papers matched in Paperclip.,https://paperclip.gxl.ai/citations/papers/52401705;https://paperclip.gxl.ai/citations/papers/128508978
63,"Aminohexanoic acid, 6-","Frederiksen  MC, Bowsher DJ, Ruo TI, Henthorn TK, Ts'ao CH, Green D, and Atkinson AJ (1984) Kinetics of epsilon-aminocaproic acid distribution, elimination, and antifibrinolytic effects in normal subjects.  Clin. Pharmacol. Ther. 35: 387-393.  McNicol GP, Fletcher AP, Alkjaersig N, and Sherry S (1962) The absorption, distribution, and excretion of e-aminocaproic acid following oral or intravenous administration to man.  J. Lab Clin. Med. 59: 15-24.",6697646,,100053528,50.0,0,"1 of 2 distinct cited papers matched in Paperclip. Unmatched citations: The absorption, distribution, and excretion of e-aminocaproic acid following oral or intravenous administration to man.",https://paperclip.gxl.ai/citations/papers/100053528
64,Aminolevulinic acid,1999-Nov-19  PDF(1255k) Pharmacology Review 020965/S-000. NDA 20-965 page 21.,,,,,,No identifiable paper citations; non-paper sources excluded.,
65,"Aminosalicylic acid, 5-","Bondesen S, Hegnhoj J, Larsen F, Hansen H, Hansen CP, and Rasmussen SN (1991) Pharmacokinetics of 5-aminosalicylic acid in man following administration of intravenous bolus and per os slow-release formulation.  Digest. Dis. Sci.  12: 1735-1740.  Way EL, Smith PK, Howie DL, Weiss R, and Swanson R (1948) The absorption, distribution, excretion, and fate of para-aminosalicylic acid.  J. Pharmacol. Exp. Ther. 93: 368-382.  Kurz H, Mauser-Ganshorn A, and Stickel HH (1977) Differences in the binding of drugs to plasma proteins from newborn and adult man. I. Eur. J. Clin. Pharmacol. 11: 463-467.",1748043;891592,,130440932;133277262,66.67,0,"2 of 3 distinct cited papers matched in Paperclip. Unmatched citations: The absorption, distribution, excretion, and fate of para-aminosalicylic acid.",https://paperclip.gxl.ai/citations/papers/130440932;https://paperclip.gxl.ai/citations/papers/133277262
66,Amiodarone ,"Ujhelyi MR, Klamerus KJ, Vadiei K, O'Rangers E, Izard M, Neefe DL, Zimmerman JJ, and Chow MSS (1996) Disposition of intravenous amiodarone in subjects with normal and impaired renal function.  J. Clin. Pharmacol. 36: 122-130.  Veronese ME, McLean S, and Hendriks R (1988) Plasma protein binding of amiodarone in a patient population: measurement by erythrocyte partitioning and a novel glass-binding method.  Br. J. Clin. Pharmacol 26: 721-731.",8852388;3242577,PMC1386587,81890809;86718186,100.0,0,2 of 2 distinct cited papers matched in Paperclip.,https://paperclip.gxl.ai/citations/papers/81890809;https://paperclip.gxl.ai/citations/papers/86718186
67,Amiprilose,"Garrett E R; Van Peer A; Altmayer P; Schuermann W; Lucker P. Pharmacokinetics of the immunomodulatory 1,2-O-isopropylidene-3-O-3'-(N',N'-dimethyl-amino-n-propyl)-Dglucofuranose
hydrochloride in normal human volunteers. J. Pharmacokin. Biopharm. 1982, 10, 247-264",7175698,,131571142,100.0,0,1 of 1 distinct cited papers matched in Paperclip.,https://paperclip.gxl.ai/citations/papers/131571142
68,Amitriptyline,Jorgensen A and Hansen V (1976) Pharmacokinetics of amitriptyline infused intravenously in man.  Eur. J. Clin. Pharmacol.  10: 337-341.  Nyberg G and Maartensson E (1984) Determination of free fractions of tricyclic antidepressants.    Naunyn-Sch Arch. Pharmacol. 327: 260-265.,976307;6493364,,134027785;133420482,100.0,0,2 of 2 distinct cited papers matched in Paperclip.,https://paperclip.gxl.ai/citations/papers/134027785;https://paperclip.gxl.ai/citations/papers/133420482
69,Amlodipine,"Faulkner JK, McGibney D, Chasseaud LF, Perry JL, and Taylor IW (1986) The pharmacokinetics of amlodipine in healthy volunteers after single intravenous and oral doses and after 14 repeated oral doses given once daily. Br. J. Clin. Pharmacol. 22: 21-25.  Kirsten R, Nelson K, Kirsten D, and Heintz B (1998) Clinical  pharmacokinetics  of vasodilators. Part I.  Clin. Pharmacokinet. 34: 457-482.  ",2943308,PMC1401071,86842945,50.0,0,1 of 2 distinct cited papers matched in Paperclip. Unmatched citations: Clinical pharmacokinetics of vasodilators.,https://paperclip.gxl.ai/citations/papers/86842945
70,Amodiaquine,"White, N. J.; Looareesuwan, Sornchai; Edwards, G.; Phillips, R. E.; Karbwang, Juntra; Nicholl, Deborah D.; Bunch, C.; Warrell, D. A.. Pharmacokinetics of intravenous amodiaquine. British Journal of Clinical Pharmacology (1987), 23(2), 127-135",3828191,PMC1386059,86060121,100.0,0,1 of 1 distinct cited papers matched in Paperclip.,https://paperclip.gxl.ai/citations/papers/86060121
71,Amonafide,"Clinical Pharmacokinetics of Amonafide (NSC 308847) in 62 Patients. W. Kreis, M.D., Ph.D.,l K. Chan, Ph.D., D. R. Budman, M.D.,S. L. Allen, M.D., D. Fusco, B.S.N., A. Mittelman, M.D., J. Freeman, M.S., K. Hock, B.A., S. Akerman, B.S., A. Calabro, M.S., C. Puccio, M. Spigelman, M.D.Cancer Investigation, 1996, 14(4), 320-327.",8689426,,115294523,100.0,0,1 of 1 distinct cited papers matched in Paperclip.,https://paperclip.gxl.ai/citations/papers/115294523
72,Amoxicillin,"Arancibia A, Guttmann J, Gonzalez G, and Gonzalez C (1980) Absorption and disposition kinetics of amoxicillin in normal human subjects.  Antimicrob. Agents Chemother. 17: 199-202.  Bergan T (1984) Pharmacokinetics of beta-lactam antibiotics.  Scand. J. Infect. Dis. 42(Suppl): 83-98.",7387142,PMC283758,87546417,50.0,0,1 of 2 distinct cited papers matched in Paperclip. Unmatched citations: Pharmacokinetics of beta-lactam antibiotics.,https://paperclip.gxl.ai/citations/papers/87546417
73,AMP579,"Peter N. Zannikos, PharmD, PhD, Bradford K. Jensen, PhD, Bruno X. Boutouyrie, MD,
Lisa Tripp, BS, Luo Yongyi, MS, Tracy McGowan, MD, Scott A. Waldman, MD, PhD,
and Howard E. Greenberg, MD, MS. Pharmacokinetics and Safety of Single Intravenous Infusions of the Adenosine Agonist, AMP 579, in Patients with End-Stage Renal Insufficiency. Journal of Clinical Pharmacology, 2000;40:745-751",10883416,,138832561,100.0,0,1 of 1 distinct cited papers matched in Paperclip.,https://paperclip.gxl.ai/citations/papers/138832561
74,Amphetamine (-d),"Angagard E, Gunne LM, Jonsson LE and Niklasson F (1970) Pharmacokinetics and clinical studies on amphetamine dependent subjects.  Eur. J. Clin. Pharmacol. 3: 3-11.  Busto U, Bendayan R, and Sellers EM (1989) Clinical pharmacokinetics of non-opiate abused drugs.  Clin. Pharmacokinet. 16: 1-26.  De la Torre R, Farre M, Navarro M, Pacifici R, Zuccaro P, and Pichini S. Clinical pharmacokinetics of amfetamine and related substances: monitoring in conventional and non-conventional matrices.  Clin. Pharmacokinet. 2004, 43, 157-185.",2565176;14871155,,114370461;126873898,66.67,0,2 of 3 distinct cited papers matched in Paperclip. Unmatched citations: Pharmacokinetics and clinical studies on amphetamine dependent subjects.,https://paperclip.gxl.ai/citations/papers/114370461;https://paperclip.gxl.ai/citations/papers/126873898
75,Amphotericin B,"Kan, V. L.; Bennett, J. E.; Amantea, M. A.; Smolskis, M. C.; McManus, E.; Grasela, D. M.; Sherman, J. W. Comparative safety, tolerance, and pharmacokinetics of amphotericin B lipid complex and amphotericin B deoxycholate in healthy male volunteers. J. Infect. Dis. 1991, 164, 418-421.",1856491,,99387532,100.0,0,1 of 1 distinct cited papers matched in Paperclip.,https://paperclip.gxl.ai/citations/papers/99387532
76,Ampicillin,"Blum RA, Kohli RK, Harrison NJ, and Schentag JJ (1989) Pharmacokinetics of ampicillin (2.0 grams) and sulbactam (1.0 gram) coadministered to subjects with normal and abnormal renal function and with end-stage renal disease on hemodialysis.    Antimic. Agents Chemother. 33: 1470-1476.  Bergan T (1984) Pharmacokinetics of beta-lactam antibiotics.  Scand. J. Infect. Dis. 42(Suppl): 83-98.",2817847,PMC172685,89292098,50.0,0,1 of 2 distinct cited papers matched in Paperclip. Unmatched citations: Pharmacokinetics of beta-lactam antibiotics.,https://paperclip.gxl.ai/citations/papers/89292098
77,Amrinone,"Hamilton RA, Kowalsky SF, Wright EM, Cernak P, Benziger DP, Stroshane RM, and Edelson J (1986)  Effect of the acetylator phenotype on amrinone pharmacokinetics.  Clin. Pharmacol. Ther. 40: 615-619.  Koprda V, Trnovec T, and Landmann H (1986) The binding of amrinone to plasma proteins.  Pharmazie 41: 300-301.",3780123,,100053895,50.0,0,1 of 2 distinct cited papers matched in Paperclip. Unmatched citations: The binding of amrinone to plasma proteins.,https://paperclip.gxl.ai/citations/papers/100053895
78,Amsacrine,"Jurlina JL, Varcoe AR, and Paxton JW (1985) Pharmacokinetics of amsacrine in patients receiving combined chemotherapy for treatment of acute myelogenous leukemia.  Canc. Chemother. Pharmacol.  14: 21-25.  Paxton JW, Kim SN, and Whitfield LR (1990) Pharmacokinetic and toxicity scaling of the antitumor agents amsacrine and CI-921, a new analogue, in mice, rats, rabbits, dogs, and humans.  Cancer Res.  50: 2692-2697.",3855288;2328494,,133894935;183855473,100.0,0,2 of 2 distinct cited papers matched in Paperclip.,https://paperclip.gxl.ai/citations/papers/133894935;https://paperclip.gxl.ai/citations/papers/183855473
79,Amsalog,"Paxton JW, Hardy JR, Evans PC, Harvey VJ, and Baguley BC (1988) The clinical pharmacokinetics of N-5-dimethyl-9-[(2-methoxy-4-methyl-sulfonylamino)phenylamino]-4-acridinecarboxamide (CI-921) in a phase 1 trial.  Canc. Chemother. Pharmacol. 22: 235-240.  Fyfe D, Prce C, Langley RE, Pagonis C, Houghton J, Osborne L, Woll PJ, Gardner C, Baguley BC, and Carmichael J (2001) A phase I trial of amsalog (CI-921) administered by intravenous infusion using a 5-day schedule.  Canc. Chemoher. Pharmacol. 47: 333-337.  Paxton JW, Kim SN, and Whitfield LR (1990) Pharmacokinetic and toxicity scaling of the antitumor agents amsacrine and CI-921, a new analogue, in mice, rats, rabbits, dogs, and humans.  Cancer Res.  50: 2692-2697.",3409457;11345650;2328494,,133621017;140730330;183855473,100.0,0,3 of 3 distinct cited papers matched in Paperclip.,https://paperclip.gxl.ai/citations/papers/133621017;https://paperclip.gxl.ai/citations/papers/140730330;https://paperclip.gxl.ai/citations/papers/183855473
80,Amygdalin,"Xiaobing Li  Fuguo Shi, Pan Gua, Lingye Liua, Hua Heb,, Li Dinga. A sensitive LC–MS/MS method for simultaneous determination of amygdalin and paeoniflorin in human plasma and its application.  Journal of Pharmaceutical and Biomedical Analysis 92 (2014) 160–164",24525563,,75836928,100.0,0,1 of 1 distinct cited papers matched in Paperclip.,https://paperclip.gxl.ai/citations/papers/75836928
81,Anhydrovinblastine,"Ramnath N, Schwartz GN, Smith P, Bong D, Kanter P, Berdzik J, and Creaven PJ (2003) Phase I and pharmacokinetic study of anhydrovinblastine every three weeks in patients with refractory solid tumors.  Canc. Chemother. Pharmacol. 51: 227-230.",12655441,,26755257,100.0,0,1 of 1 distinct cited papers matched in Paperclip.,https://paperclip.gxl.ai/citations/papers/26755257
82,Anidulafungin,"Dowell JA, Schranz J, Baruch A, and Foster G (2005) Safety and pharmacokinetics of coadministered voriconazole and anidulafungin.  J. Clin. Pharmacol. 45: 1373-1382.  Eraxis Product Label.",16291712,,127651295,100.0,0,1 of 1 distinct cited papers matched in Paperclip. 1 non-paper source segment(s) excluded.,https://paperclip.gxl.ai/citations/papers/127651295
83,Antazoline,"Joanna Giebułtowicza,, Roman Piotrowski, Jakub Baran, Piotr Kułakowski,Piotr Wroczyński.  Application of a novel liquid chromatography/tandem massspectrometry method for the determination of antazoline in humanplasma: Result of ELEPHANT-I [ELEctrophysiological, pharmacokineticand hemodynamic effects of PHenazolinum (ANTazoline mesylate)]human pharmacokinetic study. J. of Pharm. Biomed. Anal.  2016, 123, 113–119.",26895496,,61010993,100.0,0,1 of 1 distinct cited papers matched in Paperclip.,https://paperclip.gxl.ai/citations/papers/61010993
84,Antipyrine,"Andreasen PB and Vesell ES (1974) Comparison of plasma levels of antipyrine, tolbutamide, and warfarin after oral and intravenous administration.  Clin. Pharmacol. Ther. 16: 1059-1065.  Danhof M, vanZuilen A, Boeijinga JK, and Breimer DD (1982) Studies of the different metabolic pathways of antipyrine in man.  Eur. J. Clin. Pharmacol.  21: 433-441.  Lee KJ, Mower R, Hollenbeck T, Castelo J, Johnson N, Gordon P, Sinko PJ, Holme K, and Lee YH (2003)  Modulation of nonspecific binding in ultrafiltration protein binding studies.  Pharm. Res. 20: 1015-1021.",4611464;7075648;12880287,,60955415;134032518;137952822,100.0,0,3 of 3 distinct cited papers matched in Paperclip.,https://paperclip.gxl.ai/citations/papers/60955415;https://paperclip.gxl.ai/citations/papers/134032518;https://paperclip.gxl.ai/citations/papers/137952822
85,Antofloxacin,"Pharmacokinetics of antofloxacin hydrochloride, a novel fluoroquinolone, after single-dose intravenous administration in healthy Chinese male volunteers.  Wang et al. Xenobiot. 2010, 40, 344-349",20230254,,102249168,100.0,0,1 of 1 distinct cited papers matched in Paperclip.,https://paperclip.gxl.ai/citations/papers/102249168
86,Apalcillin,"Busch von U., Heinzel g., Seyfarth H., Mielenz H. Arzneim.-Forsch. 1982, 32, 1131-1135.  Investigation of the pharmacokinetics of apalcillin in man.",6890838,,188388387,100.0,0,1 of 1 distinct cited papers matched in Paperclip.,https://paperclip.gxl.ai/citations/papers/188388387
87,Apixaban,"FDA aproval data. Accessed through PharmaPendium on June 23 2014.https://www.pharmapendium.com/fda.do?document=a9a1a313612e0fc9f6473123da9f3f58&drugName=Apixaban&reference=32
clearance  3.43 L/h and t1/2 12 h. 70 kg assumed. VDss 21 L.",,,,,,No identifiable paper citations; non-paper sources excluded.,
88,Apomorphine,"van der Geest R, van Laar T, Kruger PP, Gubbens-Stibbe JM, Boddé HE, Roos RA, Danhof M.Pharmacokinetics, enantiomer interconversion, and metabolism of R-apomorphine in patients with idiopathic Parkinson's disease. Clin. Neuropharmacol. 1998, 21, 159-168.  Smith RV, Velagapudi RB, McLean AM, and Wilcox RE (1985) Interactions of apomorphine with serum and tissue proteins.  J. Med. Chem. 28:  613-620.",9617507;3989821,,189557154;130104118,100.0,0,2 of 2 distinct cited papers matched in Paperclip.,https://paperclip.gxl.ai/citations/papers/189557154;https://paperclip.gxl.ai/citations/papers/130104118
89,Apremilast,PDR. Accessed October 13 2014. http://www.pdr3d.com/detail.php?c=132827#section-13,,,,,,No identifiable paper citations; non-paper sources excluded.,
90,Aprepitant,"Majumdar AK, Howard L, Goldberg, MR, Hickey L, Constanzer M, Rothenberg PL, Crumley TM, Panebianco D, Bradstreet TE, Bergman AJ, Waldman SA, Greenberg HE, Butler K,  Knops A, De Lepeleire I, Michiels N, and Petty KJ (2006) Pharmacokinetics of aprepitant after single and multiple oral doses in healthy volunteers.  J. Clin. Pharmacol. 46: 291-300.  Emend Product Label.",16490805,,127707939,100.0,0,1 of 1 distinct cited papers matched in Paperclip. 1 non-paper source segment(s) excluded.,https://paperclip.gxl.ai/citations/papers/127707939
91,AR-709,"G. Lappin, M. J. Boyce,  T. Matzow, S. Lociuro,
M. Seymour, S. J. Warrington. A microdose study of 14C-AR-709 in healthy men: pharmacokinetics, absolute bioavailability and concentrations in key compartments of the lung. Eur. J. Clin. Pharmacol. 2013, 69, 1673-1682",23739997,,80560833,100.0,0,1 of 1 distinct cited papers matched in Paperclip.,https://paperclip.gxl.ai/citations/papers/80560833
92,Arbekacin,"HIROMI KUMON, AKIHIRO MIZUNO, YOSHITSUGU NASU, MASAYA TSUGAWA,
MIKIO KISHI and HIROYUKI OHMORI. PHARMACOKINETICS OF ARBEKACIN IN HEALTHY VOLUNTEERS AND PATIENTS WITH RENAL INSUFFICIENCY",2709618,,184395657,100.0,0,1 of 1 distinct cited papers matched in Paperclip.,https://paperclip.gxl.ai/citations/papers/184395657
93,Argatroban,"Hauptmann, J. Pharmacokinetics of an emerging new class of anticoagulant/antithrombotic drugs A review of small-molecule thrombin inhibitors. Eur J Clin Pharmacol  2002, 57,  751-758. ppb: The PDR states: Argatroban is 54% bound to human serum proteins, with binding to albumin and α1 – acid glycoprotein being 20% and 34%, respectively. Accessed January 7 2015. http://www.pdr3d.com/detail.php?c=135305#section-12.",11868795,,140725177,100.0,0,1 of 1 distinct cited papers matched in Paperclip. 1 non-paper source segment(s) excluded.,https://paperclip.gxl.ai/citations/papers/140725177
94,Aripiprazole,Abilify Product Label.,,,,,,No identifiable paper citations; non-paper sources excluded.,
95,Artesunate,"Newton PN, Barnes KI, Smith PJ, Evans AC, Chierakul, W, Ruangveerayuth R, and WhiteNJ (2006) The pharmacokinetics of intravenous artesunate in adults with severe falciparum malaria.    Eur. J. Clin. Pharmacol.  62: 1003-1009.  Li Q, Xie LH, Haeberle A, Zhang J, and Weina P (2006) The evaluation of radiolabeled artesunate on tissue distribution in rats and protein binding in humans.  Am. J. Trop. Med. Hyg. 75: 817-826.",17089111;17123971,,121830161;182594771,100.0,0,2 of 2 distinct cited papers matched in Paperclip.,https://paperclip.gxl.ai/citations/papers/121830161;https://paperclip.gxl.ai/citations/papers/182594771
96,Articaine,"Vree, Torn B.; Simon, Marc A. M.; Gielen, Mathieu J. M.; Booij, Leo H. D. J. Regional metabolism of articaine in 10 patients undergoing intravenous regional anesthesia during day case surgery. British Journal of Clinical Pharmacology, 1997, 44, 29-34.//ppb:  Oertel, Reinhard; Richter, K. Plasma protein binding of the local anesthetic drug articaine and its metabolite articainic acid. Pharmazie, 1998, 53, 646-647.",9241093,PMC2042809,138069561,50.0,0,1 of 2 distinct cited papers matched in Paperclip. Unmatched citations: Plasma protein binding of the local anesthetic drug articaine and its metabolite articainic acid.,https://paperclip.gxl.ai/citations/papers/138069561
97,Asarone,"Yang, Zhenghong; Wu, Chuang. Absolute bioavailability of synthetic asarone in healthy volunteers. Zhongguo Yiyuan Yaoxue Zazhi (1997), 17(4), 165-167",,,,0.0,0,0 of 1 distinct cited papers matched in Paperclip. Unmatched citations: Absolute bioavailability of synthetic asarone in healthy volunteers.,
98,Ascorbic acid,"Zetler, G. Seidel, G., Siegers, G-P, Iven. H. Pharmacokinetics of ascorbic acid in man. Eur. J. Clin. Pharmacol. 1976, 10, 273-282.// (L. John Hoffer, Line Robitaille, Robert Zakarian, David Melnychuk, Petr Kavan, Jason Agulnik,Victor Cohen, David Small Wilson H. Miller, Jr. High-Dose Intravenous Vitamin C Combined with Cytotoxic Chemotherapy in Patients with Advanced Cancer: A Phase I-II Clinical Trial. PLOS ONE  DOI:10.1371/journal.pone.0120228 April 7, 2015)",25848948,PMC4388666,PMC4388666,50.0,50,1 of 2 distinct cited papers matched in Paperclip. Unmatched citations: Pharmacokinetics of ascorbic acid in man.,https://paperclip.gxl.ai/citations/papers/PMC4388666
99,Asenapine,PDR. Accessed February 18 2013. http://www.pdr3d.com/detail.php?c=82606#section-14,,,,,,No identifiable paper citations; non-paper sources excluded.,
100,Aspoxicillin,"F. KEES, K. G. NABER, H. GROBECKER. In-vitro-Aktivitat von Aspoxicillin und Pharmakokinetik bei Probanden. Zeitschrift fuer Antimikrobielle und Antineoplastische Chemotherapie, 1987, 5, 53-60.",,,,0.0,0,"0 of 1 distinct cited papers matched in Paperclip. Unmatched citations: F. KEES, K. G. NABER, H. GROBECKER. In-vitro-Aktivitat von Aspoxicillin und Pharmakokinetik bei Probanden. Zeitschrift fuer Antimikrobielle und Antineoplastische Chemotherapie,.",
101,Astragaloside IV,"Pharmacokinetics and tolerance of toal astragalosides after intravenous infusion of astragalosides injection in healthy Chinese volunteers. Xu, Meijuan; Yin, Jungang; Xie, Liyan; Zhang, Jun; Zou, Chong; Zou, Jiandong; Liu, Fang; Ju, Wenzheng; Li, Ping Phytomed. 2013, 20, 1105-1111.// ppb: Xu, Duo; Liu, Mei; Yang, Bo; Yin, Qiong-yu; Lu, Yu. Determination of protein-​binding rate of adenosine and astragaloside IV in Anchuanshu pills in human plasma by LC-​MS​/MS. Zhongnan Yaoxue, 2016, 14, 282-285.",23838148,,78978413,50.0,0,1 of 2 distinct cited papers matched in Paperclip. Unmatched citations: Determination of protein-​binding rate of adenosine and astragaloside IV in Anchuanshu pills in human plasma by LC-​MS​/MS.,https://paperclip.gxl.ai/citations/papers/78978413
102,Astromicin,"Nakashima, Mitsuyoshi; Takiguchi, Yoshiharu; Inoue, Akinobu; Kobayashi, Satoshi. Phase I study on intravenous drip infusion of astromicin. apanese Journal of Antibiotics. 1986, 39, 1453-1472.",3761559,,185492754,100.0,0,1 of 1 distinct cited papers matched in Paperclip.,https://paperclip.gxl.ai/citations/papers/185492754
103,Asunaprevir,"http://www.bmscanada.ca/static/products/en/pm_pdf/SUNVEPRA_E_PM.PDF. Accessed July 29 2016.//ppb: McPhee, Fiona; Sheaffer, Amy K.; Friborg, Jacques; Hernandez, Dennis; Falk, Paul; Zhai, Guangzhi; Levine, Steven; Chaniewski, Susan; Yu, Fei; Barry, Diana; et al. Preclinical profile and characterization of the hepatitis C virus NS3 protease inhibitor asunaprevir (BMS-650032). Antimicrobial Agents and Chemotherapy (2012), 56(10), 5387-5396. ",22869577,PMC3457370,86688083,100.0,0,1 of 1 distinct cited papers matched in Paperclip. 1 non-paper source segment(s) excluded.,https://paperclip.gxl.ai/citations/papers/86688083
104,Atenolol,"Mason WD, Winer N, Kochak G, Cohen I, and Bell R (1979) Kinetics and absolute bioavailability of atenolol.  Clin. Pharmacol. Ther.  25: 408-415.  Henry JA and Mitchell SN (1981)  Effect of pH on human plasma protein binding of a series of .beta.-adrenoceptor antagonists.    Br. J. Clin. Pharmacol. 11: 119P-120P. ",428185,,61593647,50.0,0,1 of 2 distinct cited papers matched in Paperclip. Unmatched citations: Effect of pH on human plasma protein binding of a series of .beta.-adrenoceptor antagonists.,https://paperclip.gxl.ai/citations/papers/61593647
105,Atipamizole,"SAKARI KARHUVAARA, ANTERO KALLIO, MIKA SCHEININ, MARKKU ANTTILA, JARMO S. SALONEN & HARRY SCHEININ. Pharmacological effects and pharmacokinetics of atipamezole, a novel 0L2-adrenoceptor antagonista randomized, double-blind cross-over study in healthy male volunteers. Br. J. clin. Pharmac. (1990), 30, 97-106",1975199,PMC1368280,86462609,100.0,0,1 of 1 distinct cited papers matched in Paperclip.,https://paperclip.gxl.ai/citations/papers/86462609
106,Atomoxetine,Strattera Product Label,,,,,,No identifiable paper citations; non-paper sources excluded.,
107,Atovaquone,Mepron Product Label,,,,,,No identifiable paper citations; non-paper sources excluded.,
108,Atracurium,"Cameron M, Donati F, and Varin F (1995) In vitro plasma protein binding of neuromuscular blocking agents in different subpopulations of patients.    Anesth. Analg. 81: 1019-1025.   deBros FM, Lai A, Scott R, deBros J, Batson AG, Goudsouzian N, Ali HH, Cosimi AB, and Savarese JJ (1986) Pharmacokinetics and pharmacodynamics of atracurium during isoflurane anesthesia in normal and anephric patients.    Anesth. Analg. 65: 743-746.  Ward S, Neill EAM, Weatherly BC, and Corall IM (1983) Pharmacokinetics of atricurium besylate in healthy patients after a single i.v. bolus dose.  Br. J. Anaesth. 55: 113-118.",7486041;3755015;6687550,,135062977;185487202;120591804,100.0,0,3 of 3 distinct cited papers matched in Paperclip.,https://paperclip.gxl.ai/citations/papers/135062977;https://paperclip.gxl.ai/citations/papers/185487202;https://paperclip.gxl.ai/citations/papers/120591804
109,Atropine,"Adams RG, Verma P, Jackson AJ, and Miller RL (1982) Plasma pharmacokinetics of intravenously administered atropine in normal human subjects.  J. Clin. Pharmacol. 22: 477-481.  Kurz H, Mauser-Ganshorn A, and Stickel HH (1977) Differences in the binding of drugs to plasma proteins from newborn and adult man. I. Eur. J. Clin. Pharmacol. 11: 463-467.",7174856;891592,,82765445;133277262,100.0,0,2 of 2 distinct cited papers matched in Paperclip.,https://paperclip.gxl.ai/citations/papers/82765445;https://paperclip.gxl.ai/citations/papers/133277262
110,Avarofloxacin,"J. Michael Davenport, Paul Covington, Mark Gotfried, Matthew Medlock, Prapoch Watanalumlerd, Gail McIntyre, Lisa Turner, and June Almenoff. Summary of Pharmacokinetics and Tissue Distribution of a Broad-Spectrum Fluoroquinolone, JNJ-Q2//ppb: G Eichenbaum, MK Pugsley, DJ Gallacher, R Towart, G McIntyre, U Shukla, JM Davenport, HR Lu, J Rohrbacher, and V Hillsamer. Role of mixed ion channel effects in the cardiovascular safety assessment of the novel anti-MRSA fluoroquinolone JNJ-Q2. Br. J. Clin. Pharmacol. 2012, 166, 1694-1707.",27121454;22289150,PMC3419912,86626760;92403843,100.0,0,2 of 2 distinct cited papers matched in Paperclip.,https://paperclip.gxl.ai/citations/papers/86626760;https://paperclip.gxl.ai/citations/papers/92403843
111,Avibactam,"Riccobene, Todd A.; Su, Sheng Fang; Rank, Douglas. Single- and multiple-​dose study to determine the safety, tolerability, and pharmacokinetics of ceftaroline fosamil in combination with avibactam in healthy subjects. Antimicrobial Agents and Chemotherapy 2013, 57(3), 1496 –1504.//ppb: https://www.fda.gov/downloads/AdvisoryCommittees/CommitteesMeetingMaterials/Drugs/Anti-InfectiveDrugsAdvisoryCommittee/UCM425458.pdf",23295928,PMC3591900,83712178,100.0,0,1 of 1 distinct cited papers matched in Paperclip. 1 non-paper source segment(s) excluded.,https://paperclip.gxl.ai/citations/papers/83712178
112,Avitriptan,"Marathe, P. H.; Greene, D. S.; Barbhaiya, R. H. Disposition of [14C]avitriptan in rats and humans. Drug Metab. and Disp. 1997, 25, 881-888",9224783,,189413842,100.0,0,1 of 1 distinct cited papers matched in Paperclip.,https://paperclip.gxl.ai/citations/papers/189413842
113,Avosentan,"Dieterle W, Hengelage T. Absolute bioavailability and pharmacokinetics of avosentan in man. Int. J. Clin. Pharmacol. Ther. 2009, 47, 587-594.",19761718,,97227109,100.0,0,1 of 1 distinct cited papers matched in Paperclip.,https://paperclip.gxl.ai/citations/papers/97227109
114,Axitinib,http://www.accessdata.fda.gov/drugsatfda_docs/nda/2012/202324Orig1s000ClinPharmR.pdf. Accessed on September 26 2015.,,,,,,No identifiable paper citations; non-paper sources excluded.,
115,Azacytidine,"Marcucci G, Silverman L, Eller M, Lintz L, and Beach CL (2005) Bioavailability of azacitidine subcutaneous versus intravenous in patients with the myelodysplastic syndromes.  J. Clin. Pharmacol. 45:  597-602. ",15831784,,130188116,100.0,0,1 of 1 distinct cited papers matched in Paperclip.,https://paperclip.gxl.ai/citations/papers/130188116
116,Azapropazone,"Gikalov I, Kaufmann R, and Schuster O (1982) Humanpharmakokinetik verschiedener i.v. dosen von azapropazon (HPLC-bestimmung).    Arzn. Forsch. 32: 423-426.",,,,0.0,0,0 of 1 distinct cited papers matched in Paperclip. Unmatched citations: dosen von azapropazon (HPLC-bestimmung).,
117,AZD4877,"A Phase I study to assess the safety, tolerability, and pharmacokinetics of AZD4877, an intravenous Eg5 inhibitor in patients with advanced solid tumors  Infante J R; Kurzrock R; Spratlin J; Burris H A; Eckhardt S G; Li J; Wu K; Skolnik J M; Hylander-Gans L; Osmukhina A; Huszar D; Herbst R S. Cancer chemotherapy and pharmacology 2012, 69 (1)165-72",21638123,,95365630,100.0,0,1 of 1 distinct cited papers matched in Paperclip.,https://paperclip.gxl.ai/citations/papers/95365630
118,Azelastine,"Weliky I, Howard JR, and Wichmann JK (1990) Absolute bioavailability and pharmacokinetics of azelastine.  Pharm. Res. 7: S-247.  Estelle F, Simons R, and Simons KJ (1999) Clinical pharmacology of new histamine H1 receptor antagonists.  Clin. Pharmacokinet. 36: 329-352.",10384858,,128259259,50.0,0,1 of 2 distinct cited papers matched in Paperclip. Unmatched citations: Absolute bioavailability and pharmacokinetics of azelastine.,https://paperclip.gxl.ai/citations/papers/128259259
119,Azimilide,"Corey AE, Agnew JR, Valentine SN, Nesbitt JD, Wagner DL, Powell JH, and Thompson GA (1999) Azimilide pharmacokinetics following intravenous and oral administration of a solution and capsule formulation.  J. Clin. Pharmacol. 39: 1272-1276.",10586393,,138833631,100.0,0,1 of 1 distinct cited papers matched in Paperclip.,https://paperclip.gxl.ai/citations/papers/138833631
120,Azithromycin,"Luke DR, Foulds G, Cohen SF, and Levy B (1996) Safety, toleration, and pharmacokinetics of intravenous azithromycin.  Antimic. Agents Chemother.  40: 2577-2581.  Foulds G, Shepard RM, and Johnson RB (1990) The pharmacokinetics of azithromycin in human serum and tissues.  J. Antimic. Chemother. 25(Suppl. A):  73-82.",8913468;2154441,PMC163579,37735745;84476301,100.0,0,2 of 2 distinct cited papers matched in Paperclip.,https://paperclip.gxl.ai/citations/papers/37735745;https://paperclip.gxl.ai/citations/papers/84476301
121,Azlocillin,"Haen E, Remien J, Richter E, Frank U, and Adam D (1985) Uber die bedeutung der applikationsgeschwindigkeit fur die pharmakokinetischen parameter von azlocillin und mexlocillin.    Arz. Forsch. 35: 864-868.  Bergan T (1984) Pharmacokinetics of beta-lactam antibiotics.  Scand. J. Infect. Dis. 42(Suppl): 83-98.",,,,0.0,0,"0 of 2 distinct cited papers matched in Paperclip. Unmatched citations: Haen E, Remien J, Richter E, Frank U, and Adam D . Uber die bedeutung der applikationsgeschwindigkeit fur die pharmakokinetischen parameter von azlocillin und mexlocillin. Arz. Forsch. 35: 864-868 | Pharmacokinetics of beta-lactam antibiotics.",
122,Aztreonam,"Burgess DS, Summers KK, and HardinTC (1999) Pharmacokinetics and pharmacodynamics of aztreonam administered by continuous intravenous infusion.  Clin. Ther. 21: 1882-1889.  Swabb EA, Sugerman A, Frantz M, Platt TB, and Stern M (1983) Renal handling of the monobactam azthreonam in healthy subjects.  Clin. Pharmacol. Ther. 33: 609-614.",10890260;6682362,,155782272;100771661,100.0,0,2 of 2 distinct cited papers matched in Paperclip.,https://paperclip.gxl.ai/citations/papers/155782272;https://paperclip.gxl.ai/citations/papers/100771661
123,Baclofen,"Suresh K. Agarwal, Robert L. Kriel, James C. Cloyd, Lisa D. Coles, Lisa A. Scherkenbach, Michael H. Tobin and Linda E. Krach. Pilot Study Assessing Pharmacokinetics and Tolerability of Oral and Intravenous Baclofen in Healthy Adult Volunteers. J Child Neurol published online 14 July 2014. DOI: 10.1177/0883073814535504. ppb (UF method): Wuis EW, Dirks MJ, Termond EF, Vree TB, Van der Kleijn E. 1989. Plasma and urinary excretion kinetics of oral baclofen in healthy subjects. Eur J Clin Pharmacol 37:181–184.",25028414;2792173,,74317309;134026333,100.0,0,2 of 2 distinct cited papers matched in Paperclip.,https://paperclip.gxl.ai/citations/papers/74317309;https://paperclip.gxl.ai/citations/papers/134026333
124,Bambuterol,"Nyberg L, Rosenborg J, Weibull E, Jonsson S, Kennedy BM, and Nilsson M (1998) Pharmacokinetics of bambuterol in healthy subjects.   Br. J. Clin. Pharmacol. 45: 471-478.",9643620,PMC1873546,139125971,100.0,0,1 of 1 distinct cited papers matched in Paperclip.,https://paperclip.gxl.ai/citations/papers/139125971
125,Basimglurant,"Elena Guerini, Simone Schadt, Gerard Greig, Ruth Haas, Christophe Husser, Manfred Zell, Christoph Funk, Thomas Hartung, Andreas Gloge, and Navita L. Mallalieu.  A double-tracer technique to characterize absorption, distribution, metabolism and excretion (ADME) of [14C]-basimglurant and absolute bioavailability after oral administration and concomitant intravenous microdose administration of [13C6]-labeled basimglurant in humans. Xenobiotica, (2017), 47, 144-153.//ppb: Lothar Lindemann, Richard H. Porter, Sebastian H. Scharf, Basil Kuennecke, Andreas Bruns, Markus von Kienlin, Anthony C. Harrison, Axel Paehler, Christoph Funk, Andreas Gloge, Manfred Schneider, Neil J. Parrott, Liudmila Polonchuk, Urs Niederhauser, Stephen R. Morairty, Thomas S. Kilduff, Eric Vieira, Sabine Kolczewski, Juergen Wichmann, Thomas Hartung, Michael Honer, Edilio Borroni, Jean-Luc Moreau, Eric Prinssen, Will Spooren, Joseph G. Wettstein, and Georg Jaeschke. Pharmacology of Basimglurant (RO4917523, RG7090), a Unique Metabotropic Glutamate Receptor 5 Negative Allosteric Modulator in Clinical Development for Depression. J. Pharmacol. Exp. Ther. 2015,  353, 213-233",27123695;25665805,,59129108;68538036,100.0,0,2 of 2 distinct cited papers matched in Paperclip.,https://paperclip.gxl.ai/citations/papers/59129108;https://paperclip.gxl.ai/citations/papers/68538036
126,Batanopride,"J. V. St. Peter, M. E. Brady, E. E Foote, K.A. Dandekar, L. Smaldone, J. L. Pykkonen, W. E Keane, and C. E. Halstenson. The disposition and protein binding of batanopride and its metabolites in subjects with renal impairment. Eur J Clin Pharmacol (1993) 45:59-53 ",8405031,,133730984,100.0,0,1 of 1 distinct cited papers matched in Paperclip.,https://paperclip.gxl.ai/citations/papers/133730984
127,Batifiban,"Chen, Hui; Qiao, Jian; Li, Qian; Deng, Jungang; Tan, Zhirong; Guo, Tao; Li, Weiyong. Safety, pharmacokinetic and pharmacodynamic studies of batifiban injection following single- and multiple dose administration to healthy Chinese subjects. Journal of Huazhong University of Science and Technology, Medical Sciences 2009, 29, 12-18.",19224155,,101326025,100.0,0,1 of 1 distinct cited papers matched in Paperclip.,https://paperclip.gxl.ai/citations/papers/101326025
128,Bazedoxifene,EMA approval package. https://www.pharmapendium.com/emea.do?document=4c0872d79ea3bbd57566034c1b98c34e&drugName=Bazedoxifene+acetate&reference=17. Accessed 06-13-2014.,,,,,,No identifiable paper citations; non-paper sources excluded.,
129,BB 83698,"Ramanathan-Girish S, McColm J, Clements JM, Taupin P, Barrowcliffe S, Hevizi J, Safrin S, Moore C, Patou G, Moser H, Gadd A, Hoch U, Jiang V, Lofland D, and Johnson KW. Pharmacokinetics in animals and humans of a first-in-class peptide deformylase inhibitor. Antimic. Agents Chemother. (2004)  48: 4835-4842.",15561864,PMC529202,133773103,100.0,0,1 of 1 distinct cited papers matched in Paperclip.,https://paperclip.gxl.ai/citations/papers/133773103
130,Becatecarin,"Anthony W. Tolcher, S. Gail Eckhardt, John Kuhn, Lisa Hammond, Geoffrey Weiss, Jinee Rizzo, Cheryl Aylesworth, Manuel Hidalgo, Amita Patnaik, Garry Schwartz, Sally Felton, Elizabeth Campbell, and Eric K. Rowinsky. Phase I and Pharmacokinetic Study of NSC 655649, a Rebeccamycin Analog With Topoisomerase Inhibitory Properties. Journal of Clinical Oncology, 2001, 19, 2937-2947.",11387367,,54276729,100.0,0,1 of 1 distinct cited papers matched in Paperclip.,https://paperclip.gxl.ai/citations/papers/54276729
131,Beclabuvir,"Hao Jianga, Craig Titsch, Jianing Zenga, Barry Jones, Philip Joyce, Yash Gandhi,Wesley Turley, Richard Burrell, Anne F. Aubry, Mark E. Arnold. Overcoming interference with the detection of a stable isotopically labeled microtracer in the evaluation of beclabuvir absolute bioavailability using a concomitant microtracer approach. J. Pharm. Biomed. Anal. 2017, 143, 9–16.//ppb : Nicholas A. Meanwell. 2015 Philip S. Portoghese Medicinal Chemistry Lectureship. Curing Hepatitis C Virus Infection with Direct-Acting Antiviral Agents: The Arc of a Medicinal Chemistry Triumph. J. Med. Chem. 2016, 59, 7311−7351.",28544885;27501244,,50270771;56550667,100.0,0,2 of 2 distinct cited papers matched in Paperclip.,https://paperclip.gxl.ai/citations/papers/50270771;https://paperclip.gxl.ai/citations/papers/56550667
132,Beclomethasone dipropionate,"Daley-Yates PT, Price AC, Sisson JR, Pereira A, and Dallow N (2001)  Beclomethasone dipropionate: absolute bioavailability, pharmacokinetics and metabolism following intravenous, oral, intranasal and inhaled administration in man.    Br. J.. Clin. Pharmacol.  51: 400-409.  Beconase AQ Product Label",11421996,PMC2014471,140770618,100.0,0,1 of 1 distinct cited papers matched in Paperclip. 1 non-paper source segment(s) excluded.,https://paperclip.gxl.ai/citations/papers/140770618
133,Belinostat,"U Lassen, LR Molife, M Sorensen, S-A Engelholm, L Vidal, R Sinha, RT Penson, P Buhl-Jensen, E Crowley, J Tjornelund, P Knoblauch,  JS de Bono. Phase I trial of belinostat with carboplatin and/or paclitaxel. British Journal of Cancer (2010) 103, 12 – 17. ppb: The PDR states: In vitro plasma studies have shown that between 92.9% and 95.8% of belinostat is bound to protein in an equilibrium dialysis assay, and was independent of belinostat plasma concentrations from 500 to 25,000 ng/mL. 94% taken as median. Accessed January 7 2015. http://www.pdr3d.com/detail.php?c=126664#section-12",,,,0.0,0,"0 of 1 distinct cited papers matched in Paperclip. 1 non-paper source segment(s) excluded. Unmatched citations: U Lassen, LR Molife, M Sorensen, S-A Engelholm, L Vidal, R Sinha, RT Penson, P Buhl-Jensen, E Crowley, J Tjornelund, P Knoblauch, JS de Bono. Phase I trial of belinostat with carboplatin and/or paclitaxel. British Journal of Cancer . 103, 12 – 17.",
134,Bendamustine,"Ogura et al. Phase I and pharmacokinetic study of bendamustine hydrochloride in relapsed or refractory indolent B-cell non-Hodgkin lymphoma and mantle cell lymphoma. Cancer Science, 2010, 101, 2054-2058. ppb: The PDR states: In vitro, the binding of bendamustine to human serum plasma proteins ranged from 94-96% and was concentration independent from 1-50 μg/mL. Accessed January 2 2015. http://www.pdr3d.com/detail.php?c=135686#section-13",20594195,PMC11159326,102502894,100.0,0,1 of 1 distinct cited papers matched in Paperclip. 1 non-paper source segment(s) excluded.,https://paperclip.gxl.ai/citations/papers/102502894
135,Benperidol,"Seiler W, Wetzel H, Hillert A, Schoellnhammer G, Langer M, Barlage U, and Hiemke C (1994) Pharmacokinetics and bioavailability of benperidol in schizophrenic patients after intravenous and two different kinds of oral application.  Psychopharmacology 116: 457-463.",7701049,,128346623,100.0,0,1 of 1 distinct cited papers matched in Paperclip.,https://paperclip.gxl.ai/citations/papers/128346623
136,Benzydamine,"G. A. BALDOCK, R. R. BRODIE, L. F. CHASSEAUD, T. TAYLOR AND L. M. WALMSLEY. PHARMACOKINETICS OF BENZYDAMINE AFTER INTRAVENOUS, ORAL, AND TOPICAL DOSES TO HUMAN SUBJECTS. BIOPHARMACEUTICS & DRUG DISPOSITION, 1991, 12, 481-492.//ppb: Chasseaud LF, Catanese B. Pharmacokinetics of benzydamine. Int J Tissue React. 1985, 7, 195-204.",1932611,,122047237,50.0,0,1 of 2 distinct cited papers matched in Paperclip. Unmatched citations: Pharmacokinetics of benzydamine.,https://paperclip.gxl.ai/citations/papers/122047237
137,Bepridil,"Pharmacokinetics of intravenous bepridil in patients with coronary disease By Lesko, Lawrence J.; Benotti, Joseph R.; Alpert, Joseph S.; Brady, Priscilla M.; McCue, Jane E.; Weiner, Bonnie H.; Ockene, Ira S. From Journal of Pharmaceutical Sciences (1986), 75(10), 952-4. ppb: NIGEL J. WATERS, RACHEL JONES, GARETH WILLIAMS, BINDI SOHAL (2008). Validation of a Rapid Equilibrium Dialysis Approach for the Measurement of Plasma Protein Binding, 97, 4586-4595.",3491897;18300299,,122518085;113698839,100.0,0,2 of 2 distinct cited papers matched in Paperclip.,https://paperclip.gxl.ai/citations/papers/122518085;https://paperclip.gxl.ai/citations/papers/113698839
138,Berubicin,"R. Kazerooni, C. Conrad, C. Baud, M. Johansen, N. Thapar, C. Meyer, W. Priebe, and T. Madden. Phase I clinical pharmacokinetics of RTA 744: A blood brain barrier penetrating anthracycline active against high-grade glioma. Journal of Clinical Oncology, 2007 ASCO Annual Meeting Proceedings (Post-Meeting Edition).Vol 25, No 18S (June 20 Supplement), 2007: 2045 
",,,23332495,100.0,0,1 of 1 distinct cited papers matched in Paperclip.,https://paperclip.gxl.ai/citations/papers/23332495
139,Betamethasone,"Petersen MC, Nation RL, McBride WG, Ashley JJ, and Moore RG (1983) Pharmacokinetics of betamethasone in healthy adults after intravenous administration.  Eur. J. Clin. Pharmacol. 25: 643-650. ",6662164,,133530552,100.0,0,1 of 1 distinct cited papers matched in Paperclip.,https://paperclip.gxl.ai/citations/papers/133530552
140,Betamipron,"Saito A (1991) Pharmacokinetics of panipenem/betamipron.  Chemotherapy (Tokyo)  39(Suppl. 3): 227-235.  Kurihara A, Naganuma H, Hisaoka M, Tokiwa H, and Kawahara Y (1992) Prediction of human pharmacokinetics of panipenem-betamipron, a new carbapenem, from animal data.    Antimic. Agents Chemother. 36: 1810-1816.",1416872,PMC192191,87005235,50.0,0,1 of 2 distinct cited papers matched in Paperclip. Unmatched citations: Pharmacokinetics of panipenem/betamipron.,https://paperclip.gxl.ai/citations/papers/87005235
141,Betaxolol,"Ludden TM, Boyle DA, Gieseker D, Kennedy GT, Crawford MH, Ludden LK, and Clementi WA (1988) Absolute bioavailability and dose proportionality of betaxolol in normal healthy subjects.  J. Pharm. Sci. 77: 779-783.  Henry JA and Mitchell SN (1981) Effect of pH on human plasma protein binding of a series of .beta.-adrenoceptor antagonists.    Br. J. Clin. Pharmacol. 11: 119P-120P. ",2906367,,122518201,50.0,0,1 of 2 distinct cited papers matched in Paperclip. Unmatched citations: Effect of pH on human plasma protein binding of a series of .beta.-adrenoceptor antagonists.,https://paperclip.gxl.ai/citations/papers/122518201
142,Bevantolol,"McNeil JJ, Drummer OH, Anderson AIE, and Louis WJ (1986) Pharmacokinetics and concentration-effect relationships of bevantolol (CI-775) in normal volunteers.  J. Cardiovasc. Pharmacol. 8: 1201-1207.  Ichikawa M, Haruki S, Esumi Y, Takaichi M, Seki H, and Shiina M (1992) Metabolic fate of bevantolol hydrochloride.  Absorption, distribution and excretion in rats and dogs after single oral administration.  Yakuri to Chiryo 20: 1695-1708. ",2434747,,121311085,50.0,0,"1 of 2 distinct cited papers matched in Paperclip. Unmatched citations: Absorption, distribution and excretion in rats and dogs after single oral administration.",https://paperclip.gxl.ai/citations/papers/121311085
143,BI2536,"Peter M. Ellis, Quincy S. Chu, Natasha Leighl, Scott A. Laurie, Holger Fritsch, Birgit Gaschler-Markefski, Steve Gyorffy, Gerd Munzert.A Phase I Open-Label Dose-Escalation Study of Intravenous BI 2536 Together With Pemetrexed in Previously Treated Patients With Non–Small- Cell Lung Cancer. Clinical Lung Cancer, Vol. 14, No. 1, 19-27, 2013",22658814,,87226212,100.0,0,1 of 1 distinct cited papers matched in Paperclip.,https://paperclip.gxl.ai/citations/papers/87226212
144,Biapenem,"Shiba K, Maezawa H, Yoshida M, Sakai O, and Saito A (1994) Basic and clinical studies of biapenem.  Chemotherapy 42(Suppl. 4): 322-329.  Yamashita N, Kawashima K, Nomura K, Takeuchi H, Hikida M, and Naruke T (1994) Pharmacokinetics of biapenem in laboratory animals.    Chemotherapy 42(Suppl. 4): 243-250.",,,,0.0,0,0 of 2 distinct cited papers matched in Paperclip. Unmatched citations: Basic and clinical studies of biapenem | Pharmacokinetics of biapenem in laboratory animals.,
145,Bidisomide," Cook, Chyung S.; Ames, Gregory B.; Smith, Margaret E.; Kowalski, Kenneth G.; Karim, Aziz. Absorption and disposition of a new antiarrhythmic agent bidisomide in man. Pharmaceutical Research, 1993, 10 (11), 1675-1682. ",8290484,,140532564,100.0,0,1 of 1 distinct cited papers matched in Paperclip.,https://paperclip.gxl.ai/citations/papers/140532564
146,Bilastine,"B. Sádaba, A. Gómez-Guiu, J. R. Azanza, I. Ortega, R. Valiente. Oral Availability of Bilastine. Clin Drug Investig 2013, 33, 375–381.//ppb: Erminia Ridolo,Marcello Montagni, Laura Bonzano, Cristoforo Incorvaia, and Giorgio Walter Canonica. Bilastine: new insight into antihistamine treatment. Clin. Mol. Allergy.2015, 13, 1-6.",23529786;25878559,PMC4397738,81293111;PMC4397738,100.0,50,2 of 2 distinct cited papers matched in Paperclip.,https://paperclip.gxl.ai/citations/papers/81293111;https://paperclip.gxl.ai/citations/papers/PMC4397738
147,Bilobalide,"Fourtillian JB, Brisson AM, Girault J, Ingrand I, Decourt JP, Drieu K, Jouenne P, and Biber A (1995) Proprietes pharmaccinetiques du bilobalide et des ginkgolides A et B chez le sujet sain apres administrations intraveineuses et orales d'extrait de Ginkgo biolba (EGb 761).  Therapie  50: 137-144.",,,,0.0,0,0 of 1 distinct cited papers matched in Paperclip. Unmatched citations: Proprietes pharmaccinetiques du bilobalide et des ginkgolides A et B chez le sujet sain apres administrations intraveineuses et orales d'extrait de Ginkgo biolba (EGb 761).,
148,Bimatoprost,PDR. Accessed February 18 2013. http://www.pdr3d.com/detail.php?c=85286#section-10,,,,,,No identifiable paper citations; non-paper sources excluded.,
149,Binodenoson,"Richard J. Barrett, PhD, Michael J. Lamson, PhD, James Johnson, PhD, William B. Smith, MD, FACC.  Pharmacokinetics and safety of binodenoson after
intravenous dose escalation in healthy volunteers. Journal of Nuclear Cardiology, 2005, Volume 12, Number 2;166-171",15812370,,130557159,100.0,0,1 of 1 distinct cited papers matched in Paperclip.,https://paperclip.gxl.ai/citations/papers/130557159
150,Biolimus A9,"Randomized, double-blind, placebo-controlled, single intravenous dose-escalation study to evaluate the safety, tolerability, and pharmacokinetics of the novel coronary smooth muscle cell proliferation inhibitor biolimus A9 in healthy individuals . Steudel, Wolfgang; Dingmann, Colleen; Zhang, Yan-Ling; Bendrick-Peart, Jamie; Clavijo, Claudia; Shulze, John; Betts, Ronald; Christians, Uwe  Journal of Clinical Pharmacology (2011), 51(1), 29-39.",20305057,,102614503,100.0,0,1 of 1 distinct cited papers matched in Paperclip.,https://paperclip.gxl.ai/citations/papers/102614503
151,Biperiden,"Grimaldi R, Perucca E, Ruberto G, Gelmi C, Trimarchi F, Hollmann M, and Crema A (1986) Pharmacokinetic and pharmacodynamic studies following the intravenous and oral administration of the antiparkinsonian drug biperiden to normal subjects.  Eur. J. Clin. Pharmacol.  29: 735-737.  Nakashima E, Yokogawa K, Ichimura F, Kurata K, Kido H, Yamaguchi N, and Yamana T (1987) A physiologically based pharmacokinetic model for biperiden in animals and its extrapolation to humans.  Chem. Pharm. Bull. 35: 718-725.",3709619,,133135088,50.0,0,1 of 2 distinct cited papers matched in Paperclip. Unmatched citations: A physiologically based pharmacokinetic model for biperiden in animals and its extrapolation to humans.,https://paperclip.gxl.ai/citations/papers/133135088
152,Biricodar,"Ronald A. Peck, Jan Hewett, Matthew W. Harding, Yow-Ming Wang, Pravin R. Chaturvedi, Anish Bhatnagar,
Harvey Ziessman, Frank Atkins, and Michael J. Hawkins. Phase I and Pharmacokinetic Study of the Novel MDR1 and MRP1 Inhibitor Biricodar Administered Alone and in Combination With Doxorubicin. Journal of Clinical Oncology,  2001, Vol 19, 3130-3141",11408511,,52401838,100.0,0,1 of 1 distinct cited papers matched in Paperclip.,https://paperclip.gxl.ai/citations/papers/52401838
153,Bisaramil,"Gemesi L, Kapas M, Matos L (1993)  Pharmacokinetic study of bisaramil in man.  Acta Pharm. Hungarica  63: 327-333. ",8116453,,188993587,100.0,0,1 of 1 distinct cited papers matched in Paperclip.,https://paperclip.gxl.ai/citations/papers/188993587
154,Bisoprolol,"Horikiri Y, Suzuki T, and Mizobe M (1998) Pharmacokinetics and Metabolism of Bisoprolol Enantiomers in Humans.  J. Pharm. Sci. 87: 289-294.  Leopold G, Pabst J, Ungethuem W, and Buehring KU (1986) Basic pharmacokinetics of bisoprolol, a new highly beta1-selective adrenoceptor antagonist.  J. Clin. Pharmacol. 26: 616-621.  ",9523980;2878941,,143843788;82255550,100.0,0,2 of 2 distinct cited papers matched in Paperclip.,https://paperclip.gxl.ai/citations/papers/143843788;https://paperclip.gxl.ai/citations/papers/82255550
155,Bivalirudin,"Guixiang Pana, Xiaoming Wang, Yuhong Huang, Xiumei Gao, Yuefei Wang. Development and validation of a LC–MS/MS method for determination of bivalirudin in human plasma: Application to a clinical pharmacokinetic study J.Pharm. Biomed. Anal.. 2010, 52 105–109.//CHA IDong, WANG Rui, BA INan, CA IYun LIANG B ei- bei. Pharmacokinetics of bivalirudin injections in Chinese healthy volunteers. Chin. J. Clin Pharmacol. 2011, 27, 280-282.// ppb: https://www.accessdata.fda.gov/drugsatfda_docs/label/2015/090816s000lbl.pdf. Accessed July 14 2014.",20042308,,104791536,50.0,0,1 of 2 distinct cited papers matched in Paperclip. 1 non-paper source segment(s) excluded. Unmatched citations: Pharmacokinetics of bivalirudin injections in Chinese healthy volunteers.,https://paperclip.gxl.ai/citations/papers/104791536
156,Bizelesin,"Pitot, Henry C.; Reid, Joel M.; Sloan, Jeff A.; Ames, Matthew M.; Adjei, Alex A.; Rubin, Joseph; Bagniewski, Pamela G.; Atherton, Pamela; Rayson, Daniel; Goldberg, Richard M; Erlichman, Charles. A phase I study of bizelesin (NSC 615291) in patients with advanced solid tumors. Clin. Cancer Res. 2002, 8, 712-717.",11895900,,180391685,100.0,0,1 of 1 distinct cited papers matched in Paperclip.,https://paperclip.gxl.ai/citations/papers/180391685
157,Bleomycin,FDA label Accessed October 1 2018. https://www.accessdata.fda.gov/drugsatfda_docs/label/2010/050443s036lbl.pdf,,,,,,No identifiable paper citations; non-paper sources excluded.,
158,BLP1654,"JOHN T. CLARKE, ROBERT D. LIBKE, EDWARD D. RALPH, RUEDI P. LUTHY, and WILLIAM M. M. KIRBY. Human Pharmacokinetics of BL-P1654 Compared with Ampicillin. Antimicr. Agents Chemother., 974, 6, 729-733. ",4455125,PMC444727,87807145,100.0,0,1 of 1 distinct cited papers matched in Paperclip.,https://paperclip.gxl.ai/citations/papers/87807145
159,BMS-214662,"Ryan DP, Eder JP, Puchlaski T, Seiden MV, Lynch TJ, Fuchs CS, Amrein PC, Sonnichsen D, Supko JG, and Clark JW (2004) Phase I clinical trial of the farnesyltransferase inhibitor BMS-214662 given as a 1 hour intravenous infusion in patients with advanced solid tumors.  Clin. Canc. Res.  10: 2222-2230.//ppb: Helen J. Mackay, Ronald Hoekstra, Ferry A. L. M. Eskens, Walker J. Loos, Donna Crawford, Maurizio Voi, Anne Van Vreckem, T. R. Jeffrey Evans, Jaap Verweij. A Phase I Pharmacokinetic and Pharmacodynamic Study of the Farnesyl Transferase Inhibitor BMS-214662 in Combination with Cisplatin in Patients with Advanced Solid Tumors. Clin. Cancer Res. 2004, 10, 2636-2644.",15073096;15102665,,128669836;128508759,100.0,0,2 of 2 distinct cited papers matched in Paperclip.,https://paperclip.gxl.ai/citations/papers/128669836;https://paperclip.gxl.ai/citations/papers/128508759
160,Bortezomib,"Papandreou CN, Daliani D, Nix D, Yang H, Madden T, Wang X, Pien CS, Millikan RE, Tu SM, Pagliaro L, Kim J, Adams J, Elliott P, Esseltine D, Petrusich A, Dieringer P, Perez C, and Logothetis CJ (2004) Phase I trial of the proteasome inhibitor bortezomib in patients with advanced solid tumors with observations in androgen-independent prostate cancer.  J. Clin. Oncol. 22: 2108-2121.  Velcade Product Label.",15169797,,135124728,100.0,0,1 of 1 distinct cited papers matched in Paperclip. 1 non-paper source segment(s) excluded.,https://paperclip.gxl.ai/citations/papers/135124728
161,Bosentan,"Weber C, Schmitt R, Birnboeck H, Hopfgartner G, Eggers H, Meyer J, Van Marle S, Viischer HW, and Jonkman JHG (1999)  Multiple-dose pharmacokinetics, safety, and tolerability of bosentan, an endothelin receptor antagonist, in healthy male volunteers.  J. Clin. Pharmacol. 39:  703-714.  Weber C, Schmitt R, Birnboeck H, Hopfgartner G, Van Marle SP, Peeters PAM, Jonkman JHG, and Jones CR (1996) Pharmacokinetics pharmacodynamics of the endothelin-receptor antagonist bosentan in healthy human subjects.  Clin. Pharmacol. Ther. 60: 124-137.",10392325;8823230,,138657567;131360021,100.0,0,2 of 2 distinct cited papers matched in Paperclip.,https://paperclip.gxl.ai/citations/papers/138657567;https://paperclip.gxl.ai/citations/papers/131360021
162,Brexpiprazole,https://www.accessdata.fda.gov/drugsatfda_docs/nda/2015/205422Orig1Orig2s000ClinPharmR.pdf. Accessed April 10 2017.,,,,,,No identifiable paper citations; non-paper sources excluded.,
163,Brivaracetam,"Armel Stockis, Jan Hartstra, Muriel Mollet, and Salah Hadi. Bioavailability and bioequivalence comparison of brivaracetam 10, 50, 75, and 100 mg tablets and 100 mg intravenous bolus. Epilepsia, doi: 10.1111/epi.13433// ppb: reported by Sargentini-Maier ML, Espie P, Coquette A, et al. Pharmacokinetics and metabolism of 14C-brivaracetam, a novel SV2A ligand, in healthy subjects. Drug Metab Dispos 2008, 36:36–45.",27346728;17908923,,59322688;115854409,100.0,0,2 of 2 distinct cited papers matched in Paperclip.,https://paperclip.gxl.ai/citations/papers/59322688;https://paperclip.gxl.ai/citations/papers/115854409
164,Bromazepam,"Raaflaub VJ and Speiser-Courvoisier J (1974) Zur pharmakokinetik von bromazepam beim menschen.  Arz. Forsch. 24: 1841-1844.  Lucek RW and Coutinho CB (1976) The role of substituents in the hydrophobic binding of the 1,4-benzodiazepines by human plasma proteins.    Molec. Pharmacol. 12: 612-619.",,,,0.0,0,"0 of 2 distinct cited papers matched in Paperclip. Unmatched citations: Raaflaub VJ and Speiser-Courvoisier J . Zur pharmakokinetik von bromazepam beim menschen. Arz. Forsch. 24: 1841-1844 | The role of substituents in the hydrophobic binding of the 1,4-benzodiazepines by human plasma proteins.",
165,Bromfenac,"Gumbhir-Shah K, Cevallos WH, DeCleene SA, Halstenson CE, and Korth-Bradley JM (1997) Absolute bioavailability of bromfenac in humans.  Ann. Pharmacother. 31: 395-399.",9100997,,49358152,100.0,0,1 of 1 distinct cited papers matched in Paperclip.,https://paperclip.gxl.ai/citations/papers/49358152
166,Bromopride,"Brodie RR, Chasseaud LF, Darragh A, Lambe RF, Rooney L, and Taylor T (1986) Pharmacokinetics and bioavailability of the anti-emetic agent bromopride.  Biopharm. Drug Dispos.  7: 215-222.",3730521,,122046922,100.0,0,1 of 1 distinct cited papers matched in Paperclip.,https://paperclip.gxl.ai/citations/papers/122046922
167,Bromotetrandrine," Zheng L; Qing Y-P; Xu N; Yu Q; Wang Y; Wang F-P; Li Z-Y. Pharmacokinetics and safety of bromotetrandrine (BrTet, W198) after single-​dose intravenous administration in healthy Chinese volunteers. Journal of clinical pharmacy and therapeutics (2010), 35(1), 113-119.//ppb: Xiao SH, Wei GL, Lu R, Liu CX, Wang FP. Pharmacokinetics of bromotetrandrin (W198) in rats and beagle dogs. Yao Xue Xue Bao. 2004, 39, 301-304. ",20175820;15303664,,106887671;182188571,100.0,0,2 of 2 distinct cited papers matched in Paperclip.,https://paperclip.gxl.ai/citations/papers/106887671;https://paperclip.gxl.ai/citations/papers/182188571
168,Brostallicin,"A Phase I Dose-Escalation and Pharmacokinetic Study of Brostallicin (PNU-166196A), a Novel DNA Minor Groove Binder, in Adult Patients with Advanced Solid TumorsA. Craig Lockhart,1 Martin Howard, Kenneth R. Hande, Bruce J. Roth,Jordan D. Berlin, Franzanne Vreeland, Angela Campbell, Erminia Fontana,Francesca Fiorentini, Camilla Fowst, Victoria A. Paty, Odessa Lankford, and Mace L. Rothenberg Clin. Cancer. Res. 2004, v. 10, 468-475.",14760067,,128838556,100.0,0,1 of 1 distinct cited papers matched in Paperclip.,https://paperclip.gxl.ai/citations/papers/128838556
169,Brotizolam,"Jochemsen R, Wesselman JGJ, Hermans J, Van Boxtel CJ, and Breimer DD (1983) Pharmacokinetics of brotizolam in healthy subjects following intravenous and oral administration.  Br. J. Clin. Pharmacol. 16(Suppl. 2): 285-290.  Jochemsen R, Joeres RP, Wesselman JG, Richter E, and Breimer DD (1983) Pharmacokinetics of oral brotizolam in patients with liver cirrhosis.  Br. J. Clin. Pharmacol.  16(Suppl 2): 315S-322S.",6661374;6661377,PMC1428208;PMC1428219,86059552;86842793,100.0,0,2 of 2 distinct cited papers matched in Paperclip.,https://paperclip.gxl.ai/citations/papers/86059552;https://paperclip.gxl.ai/citations/papers/86842793
170,Budesonide,"Ryrfeldt A, Andersson P, Edsbacker S, Tonnesson M, Davies D, and Pauwels R (1982) Pharmacokinetics and metabolism of budesonide, a selective glucocorticoid.  Eur. J. Resp. Dis. 63: 86-95.  Entocort EC Product Label.",6958498,,188440902,100.0,0,1 of 1 distinct cited papers matched in Paperclip. 1 non-paper source segment(s) excluded.,https://paperclip.gxl.ai/citations/papers/188440902
171,Buflomedil,"Gundert-Remy U, Weber E, Lam G, Chiou WL, Mann W, and Aynilian GH (1981) The clinical pharmacokinetics of buflomedil in normal subjects after intravenous and oral administration.  Eur. J.Clin. Pharmacol. 20: 459-63.  Rey E, D'Athis P, Richard MO, Fillastre JP, and Olive G (1984) Pharmacokinetics of buflomedil after intravenous administration in patients with chronic renal failure.  Int. J. Clin. Pharmacol. Ther. Toxicol. 12: 648-652.",7286057;6526539,,133657467;188181441,100.0,0,2 of 2 distinct cited papers matched in Paperclip.,https://paperclip.gxl.ai/citations/papers/133657467;https://paperclip.gxl.ai/citations/papers/188181441
172,Bufuralol,"Dayer P, Balant L, Kupfer A, Striberni R, and Leemann T (1985) Effect of oxidative polymorphism (debrisoquine/sparteine type) on hepatic first-pass metabolism of bufuralol.  Eur. J. Clin. Pharmacol. 28: 317-320.  Foti RS and Fisher MB (2004) Impact of incubation conditions on bufuralol human clearance predictions: Enzyme lability and nonspecific binding.  Drug Metab. Dispos. 32: 295-304.",2861095;14977863,,133891268;136634247,100.0,0,2 of 2 distinct cited papers matched in Paperclip.,https://paperclip.gxl.ai/citations/papers/133891268;https://paperclip.gxl.ai/citations/papers/136634247
173,Bumecaine,"Piotrovskii, V. K.; Blagodatskikh, S. V.; Ryabokon, O. S.; Metelitsa, V. I.; Smirnov, V. K.; Gorshkov, V. A.; Mazur, N. A.; Pryanishnikova, N. T.  Clinical pharmacokinetics of pyromecaine. I. Single intravenous administration Khimiko-Farmatsevticheskii Zhurnal (1983), 17(12), 1427-32",,,,0.0,0,0 of 1 distinct cited papers matched in Paperclip. Unmatched citations: Single intravenous administration Khimiko-Farmatsevticheskii Zhurnal.,
174,Bumetanide,"Pentikainen PJ, Pasternack A, Lampainen E, Neuvonen PJ, and Penttila A (1985) Bumetanide kinetics in renal failure.  Clin. Pharmacol. Ther. 37:  582-528.  Lau HSH, Hyneck ML, Berardi RR, Swartz RD, and Smith DE (1986) Kinetics, dynamics, and bioavailability of bumetanide in healthy subjects and patients with chronic renal failure.  Clin. Pharmacol. Ther. 39: 635-645.  Cook JA, Smith DE, Cornish LA, Tankanow RM, Nicklas JM, and Hyneck ML (1988) Kinetics, dynamics, and bioavailability of bumetanide in healthy subjects and patients with congestive heart failure.  Clin. Pharmacol. Ther. 44: 487-500.",3987182;3709028;3180632,,100771906;100771919;100054184,100.0,0,3 of 3 distinct cited papers matched in Paperclip.,https://paperclip.gxl.ai/citations/papers/100771906;https://paperclip.gxl.ai/citations/papers/100771919;https://paperclip.gxl.ai/citations/papers/100054184
175,Bunazosin,"Morishita N, Tomono Y, Hasegawa J, and Heuer HJ (1993)  Single dose crossover study to evaluate the absolute bioavailability of a sustained-release formulation of bunazosin (E1015) in healthy male volunteers.  Drug Invest.  6:  5-9.  Yamato C, Takahashi T, Tadano K, Kinoshita K, and Fujita T (1985)  The metabolic fate of bunazosin hydrochloride (2). Studies on the transfer to fetus and milk, plasma protein binding, tissue accumulation and effect on drug-metabolizing enzymes. Oyo Yakuri  30: 257-265.",,,,0.0,0,"0 of 2 distinct cited papers matched in Paperclip. Unmatched citations: Single dose crossover study to evaluate the absolute bioavailability of a sustained-release formulation of bunazosin (E1015) in healthy male volunteers | Studies on the transfer to fetus and milk, plasma protein binding, tissue accumulation and effect on drug-metabolizing enzymes.",
176,Bupivacaine,"Burm AGL, Van der Meer AD, Van Kleef JW, Zeijlmans PWM, and Groen K (1994) Pharmacokinetics of the enantiomers of bupivacaine following intravenous administration of the racemate.  Br. J. Clin. Pharmacol. 38: 125-129.",7981012,PMC1364857,87158008,100.0,0,1 of 1 distinct cited papers matched in Paperclip.,https://paperclip.gxl.ai/citations/papers/87158008
177,Buprenorphine,"Kuhlman JJ, Lalani S, Magluilo, J, Levine B, Darwin WD, Johnson RE, and Cone EJ (1996) Human pharmacokinetics of intravenous, sublingual and buccal buprenorphine.  J. Anal. Toxicol. 20: 369-378.   Elkader A and Sproule B (2005)  Buprenorphine: clinical pharmacokinetics in the treatment of opioid dependence.  Clin. pharmacokinet. 44: 661-680.",8889672,,81657203,50.0,0,1 of 2 distinct cited papers matched in Paperclip. Unmatched citations: Buprenorphine: clinical pharmacokinetics in the treatment of opioid dependence.,https://paperclip.gxl.ai/citations/papers/81657203
178,Busulphan,"Hassan M, Nilsson C, Hassan Z, Gungor T, Aschan J, Winiarski J, Hentschke P, Ringden O, Eber S, Seger R, and Ljungman P (2002) A phase II trial of liposomal busulphan as an intravenous myeloablative agent prior to stem cell transplantation: 500 mg/m(2) as a optimal total dose for conditioning.  Bone Marrow Transplantation  30: 833-841.  Ehrsson H and Hassan M (1984) Binding of busulfan to plasma proteins and blood cells.  J. Pharm. Pharmacol.   36: 694-696.",12476274;6150090,,142059736;96707321,100.0,0,2 of 2 distinct cited papers matched in Paperclip.,https://paperclip.gxl.ai/citations/papers/142059736;https://paperclip.gxl.ai/citations/papers/96707321
179,Buthionine sulfoximine,"Phase I Trial of Buthionine Sulfoximine in Combination With Melphalan in Patients With Cancer. Peter J. O'Dwyer, Thomas C. Hamilton, Frank P. LaCreta, James M. Gallo, Deborah Kilpatrick, Theresa Halbherr, James Brennan, Michael A. Bookman, John Hoffman, Robert C. Young, Robert L. Comis, and Robert F. Ozols. J. Clin. Oncol. 1996,14:249-256.",,,,0.0,0,"0 of 1 distinct cited papers matched in Paperclip. Unmatched citations: Phase I Trial of Buthionine Sulfoximine in Combination With Melphalan in Patients With Cancer. Peter J. O'Dwyer, Thomas C. Hamilton, Frank P. LaCreta, James M. Gallo, Deborah Kilpatrick, Theresa Halbherr, James Brennan, Michael A. Bookman, John Hoffman, Robert C. Young, Robert L. Comis, and Robert F. Ozols. J. Clin. Oncol..",
180,Butorphanol,"Vachharajani NN, Shyu WC, Garnett WR, Morgenthien EA and Barbhaiya RH (1996) The absolute bioavailability and pharmacokinetics of butorphanol nasal spray in patients with hepatic impairment.  Clin. Pharmacol. Ther. 60: 283-294.   Gaver RC, Vasiljev M, Wong H, Monkovic I, Swigor JE, Van Harken DR, and Smyth RD (1980) Disposition of parenteral butorphanol in man.  Drug Metab. Dispos. 8: 230-235.",8841151;6105056,,131974578;187971147,100.0,0,2 of 2 distinct cited papers matched in Paperclip.,https://paperclip.gxl.ai/citations/papers/131974578;https://paperclip.gxl.ai/citations/papers/187971147
181,Butylbiguanide,"Lintz, W.; Berger, W.; Aenishaenslin, W.; Kutova, V.; Baerlocher, Ch.; Kapp, J. P.; Beckmann, R. Butylbiguanide concentration in plasma, liver, and intestine after intravenous and oral administration to man. Eur. J. Clin. Pharmacol. (1974), 7(6), 433-48.",,,,0.0,0,"0 of 1 distinct cited papers matched in Paperclip. Unmatched citations: Butylbiguanide concentration in plasma, liver, and intestine after intravenous and oral administration to man.",
182,Cabazitaxel,"Mita, Alain C.; Denis, Louis J.; Rowinsky, Eric K.; DeBono, Johann S.; Goetz, Andrew D.; Ochoa, Leonel; Forouzesh, Bahram; Beeram, Muralidhar; Patnaik, Amita; Molpus, Kathleen; Semiond, Dorothee; Besenval, Michele; Tolcher, Anthony W. Phase I and Pharmacokinetic Study of XRP6258 (RPR 116258A), a Novel Taxane, Administered as a 1-Hour Infusion Every 3 Weeks in Patients with Advanced Solid Tumors. Clin.Cancer Res. 2009, 15,723-730. ppb: Men, Lei; Lin, Hong-li; Shao, Yan-jie; Zhao, Yun-li; Zhao, Xing; Tang, Xing; Yu, Zhi-guo. Determination of human plasma protein binding rate of cabazitaxel by UPLC-​MS​/MS. Zhongguo Xinyao Yu Linchuang Zazhi, 2014, 33, 379-383. Data from abstract and using mid-concentration range. 2-fold lower at high concentration range (fu 0.12) but similar at low concentration. Taken from abstract in English.",19147780,,109658423,50.0,0,1 of 2 distinct cited papers matched in Paperclip. Unmatched citations: Determination of human plasma protein binding rate of cabazitaxel by UPLC-​MS​/MS.,https://paperclip.gxl.ai/citations/papers/109658423
183,Caderofloxacin,"Pharmacokinetics of caderofloxacin hydrochloride after intravenous infusion in healthy volunteers. WANG Yuan-yuan，ZHANG Jing，ZHANG Deng-shan，ZOU Ying，LIU Guang-yu. Chinese Journal of New Drugs 2011, 20( 23) 2377-2380.",,,,0.0,0,0 of 1 distinct cited papers matched in Paperclip. Unmatched citations: Pharmacokinetics of caderofloxacin hydrochloride after intravenous infusion in healthy volunteers.,
184,Caffeine,Blanchard J and Sawers SJA (1983) Comparative pharmacokinetics of caffeine in young and elderly men.  J. Pharmacokinet. Biopharm. 11: 109-126.,6886969,,131484339,100.0,0,1 of 1 distinct cited papers matched in Paperclip.,https://paperclip.gxl.ai/citations/papers/131484339
185,Calcitonin,"Antonin, K. H.; Saano, V.; Bieck, P.; Hastewell, J.; Fox, R.; Lowe, P.; Mackay, M. Colonic absorption of human calcitonin in man. Clin. Sci. 1992, 83, 627-631",1335402,,63947758,100.0,0,1 of 1 distinct cited papers matched in Paperclip.,https://paperclip.gxl.ai/citations/papers/63947758
186,Calcitriol,"L. Brandi, M. Egfjord, K. Olgaard. Pharmacokinetics of 1,25(OH)2D3 and 1a(OH)D3 in normal and uraemic men. Nephrol. Dial. Transpl. 2002, 17, 829-842.",11981071,,159427349,100.0,0,1 of 1 distinct cited papers matched in Paperclip.,https://paperclip.gxl.ai/citations/papers/159427349
187,Canagliflozin,PDR. https://www.pdr3d.com/detail.php?c=183524#section-12. Accessed August 5 2016.,,,,,,No identifiable paper citations; non-paper sources excluded.,
188,Candesartan,"Reference through PP. 1997-Apr-30  PDF(1259k)
Clinical Pharmacology and Biopharmaceutics Review 020838/S-000 Part 01 NDA 20838.",,,,,,No identifiable paper citations; non-paper sources excluded.,
189,Candoxatrilat,"McDowell, Garry; Nicholls, D. Paul. The therapeutic potential of candoxatril, a neutral endopeptidase inhibitor, in humans. Cardiovascular Drug Reviews, 2000, 18, 259-270. ",,,100807519,100.0,0,1 of 1 distinct cited papers matched in Paperclip.,https://paperclip.gxl.ai/citations/papers/100807519
190,Cangrelor," Akers Wendell S; Oh Jennifer J; Oestreich Julie H; Ferraris Suellen; Wethington Mary; Steinhubl Steven R. Pharmacokinetics and Pharmacodynamics of a Bolus and Infusion of Cangrelor: A Direct, Parenteral P2Y12 Receptor Antagonist. Journal of clinical pharmacology (2010), 50(1), 27-35.//ppb: https://www.accessdata.fda.gov/drugsatfda_docs/nda/2015/204958orig1s000clinpharmr.pdf. Accessed July 12 2017.",19779037,,105326977,100.0,0,1 of 1 distinct cited papers matched in Paperclip. 1 non-paper source segment(s) excluded.,https://paperclip.gxl.ai/citations/papers/105326977
191,Cannabidiol,"Ohlsson, Agneta; Lindgren, Jan Erik; Andersson, Susanne; Agurell, Stig; Gillespie, Hampton; Hollister, Leo E. Biomed. Single-dose kinetics of deuterium-labeled cannabidiol in man after smoking and intravenous administration. Envir. Mass Spectr. (1986), 13(2), 77-83.",2937482,,129130931,100.0,0,1 of 1 distinct cited papers matched in Paperclip.,https://paperclip.gxl.ai/citations/papers/129130931
192,Cannabinol,"Eva Johansson, Agneta Ohlsson, Jan-Erik Lindgren, Stig Agurell, Hampton Gillespie, Leo E. Hollister. Single-dose Kinetics of Deuterium-labelled Cannabinol in Man After Intravenous Administration and Smoking. BIOMEDICAL AND ENVIRONMENTAL MASS SPECTROMETRY, 1987, 14, 495-499",2960395,,129258616,100.0,0,1 of 1 distinct cited papers matched in Paperclip.,https://paperclip.gxl.ai/citations/papers/129258616
193,Captopril,"Duchin KL, Singhvi SM, Willard DA, Migdalof BH, McKinstry DM (1982)  Captopril kinetics. Clin. Pharmacol. Ther. 31: 452-458.  Creasy WA, Morrison RA, Singhvi SM, and Willard DA (1988) Pharmacokinetics of intravenous captopril in healthy men.  Eur. J. Clin. Pharmacol. 35: 367-370.",3058486,,133276889,50.0,0,1 of 2 distinct cited papers matched in Paperclip. Unmatched citations: Captopril kinetics.,https://paperclip.gxl.ai/citations/papers/133276889
194,Carbazeran,"Kaye B, Offerman JL, Reid JL, Elliott HL, Hillis WS. A species difference in the presystemic metabolism of carbazeran in dog and man. Xenobiot. 1984, 14, 935-945,// ppb: Zientek M, Jiang Y, Youdim, K, and Obach RS (2010) In vitro-in vivo correlation for intrinsic clearance for drugs metabolized by human aldehyde oxidase.  Drug Metab. Dispos. 38: 1322-1327.",6531941;20444863,,105678833;102348245,100.0,0,2 of 2 distinct cited papers matched in Paperclip.,https://paperclip.gxl.ai/citations/papers/105678833;https://paperclip.gxl.ai/citations/papers/102348245
195,Carbenicillin,"Libke RD, Clarke JT, Ralph ED, Luthy RP, and Kirby WMM (1975) Ticarcillin vs carbenicillin: clinical pharmacokinetics.  Clin. Pharmacol. Ther.  17: 441-446.  Bergan T (1984) Pharmacokinetics of beta-lactam antibiotics.  Scand. J. Infect. Dis. 42(Suppl): 83-98.",1122685,,60955425,50.0,0,1 of 2 distinct cited papers matched in Paperclip. Unmatched citations: Pharmacokinetics of beta-lactam antibiotics.,https://paperclip.gxl.ai/citations/papers/60955425
196,Carboplatin,"Elferink F, van der Vijgh WJ, Klein I, Vermorken JB, Gall HE, and Pinedo HM (1987) Pharmacokinetics of carboplatin after i.v. administration.    Cancer Treatment Rep.  71: 1231-1237.  Gaver RC, George AM, and Deeb G (1987) In vitro stability, plasma protein binding and blood cell partitioning of 14C-carboplatin.  Cancer Chemother. Pharmacol. 20: 271-276.",3319277,,134679661,50.0,0,1 of 2 distinct cited papers matched in Paperclip. Unmatched citations: Pharmacokinetics of carboplatin after i.v.,https://paperclip.gxl.ai/citations/papers/134679661
197,Carebastine,"J.M. JANSAT, C.F. LASTRA, E.L. MARINO Comparative study of different weighting methods in non-linear regression analysis: implications in the parametrization of carebastine after intravenous administration in healthy volunteers. Int. J. Clin. Pharmacol. Ther., Vol. 1998, 36, 340-344.//ppb: A del Cuvillo, J Mullol, J Bartra, I Dávila, I Jáuregui, J Montoro, J Sastre, AL Valero. Comparative pharmacology of the H1 antihistamines. J Investig Allergol Clin Immunol 2006, 16, Suppl. 1:3-12.",9660043,,189570839,50.0,0,"1 of 2 distinct cited papers matched in Paperclip. Unmatched citations: A del Cuvillo, J Mullol, J Bartra, I Dávila, I Jáuregui, J Montoro, J Sastre, AL Valero. Comparative pharmacology of the H1 antihistamines. J Investig Allergol Clin Immunol.",https://paperclip.gxl.ai/citations/papers/189570839
198,Carfilzomib,"Clinical Pharmacokinetics, Metabolism, and Drug-Drug Interaction
of Carfilzomib. Zhengping Wang, Jinfu Yang, Christopher Kirk, Ying Fang, Melissa Alsina, Ashraf Badros, Kyriakos Papadopoulos, Alvin Wong, Tina Woo, Darrin Bomba, Jin Li, and Jeffrey R. Infante. Drug Metab Dispos 2013, 41:230–237.",23118326,,85758314,100.0,0,1 of 1 distinct cited papers matched in Paperclip.,https://paperclip.gxl.ai/citations/papers/85758314
199,Carmustine (BCNU),"Henner WD, Peters WP, Eder JP, Antman K, Schnipper L, and Frei E (1986) Pharmacokinetics and immediate effects of high-dose carmustine in man.  Canc. Treatm. Rep. 70: 877-880. ",3719578,,185454656,100.0,0,1 of 1 distinct cited papers matched in Paperclip.,https://paperclip.gxl.ai/citations/papers/185454656
200,Carnitine_L,"Sahajwalla CG, Helton ED, Purich ED, Hoppel CL, Cabana BE. Comparison of L-Carnitine Pharmacokinetics With and Without Baseline Correction Following Administration of Single 20-mglkg Intravenous Dose. J Pharm Sci. 1995 May;84(5):634-9. ppb: the PDR states: Levocarnitine was not bound to plasma protein or albumin when tested at any concentration or with any species including the human. Accessed January 2 2015. http://www.pdr3d.com/detail.php?c=138037#section-5",7658357,,122081198,100.0,0,1 of 1 distinct cited papers matched in Paperclip. 1 non-paper source segment(s) excluded.,https://paperclip.gxl.ai/citations/papers/122081198
201,Carocainide,"Rovei V, Strolin Benedetti M, Daniel C, Moulin A, Donath A. Pharmacokinetics and metabolism of the antiarrhythmic carocainide in man. Xenobiot. 1985, 15, 953-964.",4082635,,105678847,100.0,0,1 of 1 distinct cited papers matched in Paperclip.,https://paperclip.gxl.ai/citations/papers/105678847
202,Carprofen,"Crevoisier C. Pharmacokinetc properties of carprofen in humans.  Eur J Rheumatol Inflamm. 1982, 5: 492-502",7151844,,188547213,100.0,0,1 of 1 distinct cited papers matched in Paperclip.,https://paperclip.gxl.ai/citations/papers/188547213
203,Carteolol,"T. Ishizaki, A. Ohnishi, T. Sasaki, K. Kushida, Y. Horai , K. Chiba , and T. Suganuma. Pharmacokinetics and Absolute Bioavailability of Carteolol,a New beta-Adrenergic Receptor Blocking Agent. Eur J Clin Pharmacol (1983) 25:95-101",6137389,,133156168,100.0,0,1 of 1 distinct cited papers matched in Paperclip.,https://paperclip.gxl.ai/citations/papers/133156168
204,Carumonam,"Weidekamm E, Kronenberger D, Portmann R, Stoeckel K, Egger HJ, and Dubach UC (1985) Single dose pharmacokinetics and absolute bioavailability of the new monocyclic .beta.-lactam carumonam (Ro 17-2301, AMA-1080).  Recent Adv. Chemother., Proc. 14th Int. Congr. Chemother. (Antimicrobial Sect. 2),  1335-1336.   Kita Y, Fugono T, and Imada A (1987) Pharmacokinetics of carumonam in experimental animals.  Chemotherapy 35(Suppl. 2): 187-197.",,,,0.0,0,"0 of 2 distinct cited papers matched in Paperclip. Unmatched citations: Single dose pharmacokinetics and absolute bioavailability of the new monocyclic .beta.-lactam carumonam (Ro 17-2301, AMA-1080) | Pharmacokinetics of carumonam in experimental animals.",
205,Carvedilol,"Neugebauer G, Akpan W, Mollendorff E, Neubert P, and Reiff K (1987) Pharmacokinetics and disposition of carvedilol in humans.  J. Cardiovasc. Pharmacol. 10(Suppl 11): S85-S88.   Coreg Product Label.",2454375,,184033423,100.0,0,1 of 1 distinct cited papers matched in Paperclip. 1 non-paper source segment(s) excluded.,https://paperclip.gxl.ai/citations/papers/184033423
206,Carzelesin,"Data as average of two different single patient profiles (N=2):   (1) Van Tellingen, Olaf; Nooijen, Willem J.; Schaaf, Larry J.; Van Der Valk, Martin; Van Asperen, Judith; Henrar, Roland E. C.; Beijnen, Jos H. Comparative pharmacology of the novel cyclopropylpyrroloindole-​prodrug carzelesin in mice, rats, and humans. Cancer Research (1998), 58(11), 2410-2416.     (2) van Tellingen O, Punt CJ, Awada A, Wagener DJ, Piccart MJ, Groot Y, Schaaf LJ, Henrar RE, Nooijen WJ, Beijnen JH. A clinical pharmacokinetics study of carzelesin given by short-term intravenous infusion in a phase I study. Cancer Chemother Pharmacol. 1998;41(5):377–384.",9622082;9523733,,189558355;143618005,100.0,0,2 of 2 distinct cited papers matched in Paperclip.,https://paperclip.gxl.ai/citations/papers/189558355;https://paperclip.gxl.ai/citations/papers/143618005
207,Casopitant,"Mario Pellegatti, Ellenia Bordini, Patrizia Fizzotti, Andy Roberts, and Brendan M. Johnson. Disposition and Metabolism of Radiolabeled Casopitant in Humans. Drug Metab. Disp. 2009, 37, 1635-1645.// ppb: Bauman, John W.; Antal, Joyce M.; Adams, Laurel M.; Johnson, Brendan M.; Murray, Sharon C.; Peng, Bin; Kirby, Lyndon C.; Lebowitz, Peter F.; Marbury, Thomas C.; Swan, Suzanne; Gutierrez, Maria. Effect of hepatic or renal impairment on the pharmacokinetics of casopitant, a NK-​1 receptor antagonist. Invest. New Drugs, 2012, 30, 662–671.",19420128;21188466,,107172955;100395425,100.0,0,2 of 2 distinct cited papers matched in Paperclip.,https://paperclip.gxl.ai/citations/papers/107172955;https://paperclip.gxl.ai/citations/papers/100395425
208,Caspofungin,"Stone JA, Xu X, Winchell GA, Deutsch PJ, Pearson PG, Migoya EM, Mistry GC, Xi L, Miller A, Sandhu P, Singh R, deLuna F, Dilzer SC, Lasseter KC (2004) Disposition of caspofungin: role of distribution in determining pharmacokinetics in plasma.  Antimic. Agents Chemother.  48: 815-823.",14982770,PMC353127,136479882,100.0,0,1 of 1 distinct cited papers matched in Paperclip.,https://paperclip.gxl.ai/citations/papers/136479882
209,CB 10-277,"Foster BJ, Newell DR, Carmichael J, Harris AL, Gumbrell LA, Jones M, Goodard PM, and Calvert AH (1993) Preclinical, phase I and pharmacokinetic studies with the dimethyl phenyltriazene CB10-277.  Br. J. Canc. 67: 362-368.",8431367,PMC1968184,PMC1968184,100.0,100,1 of 1 distinct cited papers matched in Paperclip.,https://paperclip.gxl.ai/citations/papers/PMC1968184
210,CDK-712,"Sang-In Park,JaeWoo Kim, Kyung-Sang Yu, In-Jin Jang, SeungHwan Lee. Changes in Cardiac Function After a Single Intravenous Administration of CKD-712 in Healthy Male Volunteers. Clin Drug Investig 2017 37, 393–403.",28160190,,52842553,100.0,0,1 of 1 distinct cited papers matched in Paperclip.,https://paperclip.gxl.ai/citations/papers/52842553
211,Cefadroxil,"Marino EL, Dominguez-Gil A, and Muriel C (1982) Influence of dosage form and administration route on the pharmacokinetic parameters of cefadroxil.  Int. J. Clin. Pharmacol. Ther. Toxicol. 20: 73-77.   Aratani H, Kono S, Tateishi H, Negita S, and Yamanaka Y (1980) Pharmacological studies on cefadroxil.  II.  Pharmacokinetics.  Chemotherapy 28(Suppl. 2): 75-82. ",7061182,,188499796,50.0,0,1 of 2 distinct cited papers matched in Paperclip. Unmatched citations: Pharmacokinetics.,https://paperclip.gxl.ai/citations/papers/188499796
212,Cefamandole,"Brogard JM, Kopferschmitt J, Spach MO, Grudet O, and Lavillaureix J (1979) Cefamandole pharmacokinetics and dosage adjustments in relation to renal function.  J. Clin. Pharmacol. 19: 366-377.  Leroy A, Fillastre JP, Oksenhendler G, and Humbert G (1977) Pharmacokinetics of cefamandole in normal subjects and in uraemic patients.  Drugs Exptl. Clin. Res. 3: 51-59.  Bergan T (1984) Pharmacokinetics of beta-lactam antibiotics.  Scand. J. Infect. Dis. 42(Suppl): 83-98.",479381,,81890419,33.33,0,1 of 3 distinct cited papers matched in Paperclip. Unmatched citations: Pharmacokinetics of cefamandole in normal subjects and in uraemic patients | Pharmacokinetics of beta-lactam antibiotics.,https://paperclip.gxl.ai/citations/papers/81890419
213,Cefatrizine,"Pfeffer M, Gaver RC, and Ximenez J (1983) Human intravenous pharmacokinetics and absolute oral bioavailability of cefatrizine. Antimicr. Agents Chemother. 24: 915-920. Bergan T (1984) Pharmacokinetics of beta-lactam antibiotics.  Scand. J. Infect. Dis. 42(Suppl): 83-98.",6660858,PMC185407,89291615,50.0,0,1 of 2 distinct cited papers matched in Paperclip. Unmatched citations: Pharmacokinetics of beta-lactam antibiotics.,https://paperclip.gxl.ai/citations/papers/89291615
214,Cefazedone,"Pharmacokinetic study of cefazedone sodium given by intravenous drip infusion in healthy volunteers. Ren, Ping; Zheng, Heng; Liu, Xinxia; Yuan, Shiying; Wang, Jing; Qian, Zhenyu; Wu, Dan; Gu, Shifen; Chen, Hui 
Zhongguo Yaoxue Zazhi (Beijing, China) (2012), 47(4), 291-295 (Chin, Pharm. J.)",,,,0.0,0,0 of 1 distinct cited papers matched in Paperclip. Unmatched citations: Pharmacokinetic study of cefazedone sodium given by intravenous drip infusion in healthy volunteers.,
215,Cefazolin,"Chanson P, Joly V, Contrepois A, Garaud JJ, Bauchet J, Mohler J, Nguyen PC, and Carbon C (1987) Alteration of gentamicin and cefazolin kinetics with control of the hypothyroid state in humans.  Antimic. Agents Chemother. 31: 645-637.  Decroix MO, Zini R, Chaumeil JC, and Tillement JP (1988) Cefazolin serum protein binding and its inhibition by bilirubin, fatty acids and other drugs.  Biochem. Pharmacol. 37: 2807-2814.  Bergan T (1977) Comparatve pharmacokinetics of cefazolin, cephalothin, cephacetril, and cephapirine after intravenous administration.  Chemother. 23: 389-404.",3606068;3395358,PMC174795,87004285;141681641,66.67,0,"2 of 3 distinct cited papers matched in Paperclip. Unmatched citations: Comparatve pharmacokinetics of cefazolin, cephalothin, cephacetril, and cephapirine after intravenous administration.",https://paperclip.gxl.ai/citations/papers/87004285;https://paperclip.gxl.ai/citations/papers/141681641
216,Cefbuperazone,"Liu, Dongbo; Geng, Taohua; Wang, Yiya; Ding, Li. Pharmacokinetic profile of cefbuperazone in healthy Chinese volunteers after single and multiple drip intravenous infusion by HPLC-​MS​/MS. Journal of Pharmaceutical and Biomedical Analysis, 2016, 129, 28-33. N=36 across three doses, VDss from MRT and clearance. Highly linear PK. 70 kg weight assumed.",27394175,,56955733,100.0,0,1 of 1 distinct cited papers matched in Paperclip.,https://paperclip.gxl.ai/citations/papers/56955733
217,Cefcanel,"Edwall B, Arvidsson A, Lake-Bakaar D, Lanbeck-Vallen K, and Yisak W (1993) Disposition of oral [14C]cefcanel daloxate hydrochloride in healthy male subjects.  Drug Metab. Dispos.  21: 171-177. ",8095213,,188985145,100.0,0,1 of 1 distinct cited papers matched in Paperclip.,https://paperclip.gxl.ai/citations/papers/188985145
218,Cefclidin,"Akiyama K. et al. Pharmacokinetics on cefclidin in patients with liver insufficiency. Chemother. (Tokyo) 1997, 40, 678-682.",,,,0.0,0,0 of 1 distinct cited papers matched in Paperclip. Unmatched citations: Pharmacokinetics on cefclidin in patients with liver insufficiency.,
219,Cefepime,"Kalman D, Barriere SL, Johnson BL (1992) Pharmacokinetic disposition and bactericidal activities of cefepime, ceftazidime, and cefoperazone in serum and blister fluid.  Antimicrob. Agents Chemother. 36: 453-457.  Barbhaiya RH, Forgue ST, Gleason CR, Knupp CA, Pittman KA, Weidler DJ, Movahhed H, Tenney J, and Martin RR (1992) Pharmacokinetics of cefepime after single and multiple intravenous administrations in healthy subjects. Antimicrob. Agents Chemother. 36: 552-557",1605609;1622165,PMC188456;PMC190556,87798471;86917586,100.0,0,2 of 2 distinct cited papers matched in Paperclip.,https://paperclip.gxl.ai/citations/papers/87798471;https://paperclip.gxl.ai/citations/papers/86917586
220,Cefetamet,"Koup JR, Dubach UC, Brandt R, Wyss R, and Stoeckel K (1988) Pharmacokinetics of cefetamet (Ro 15-8074) and cefetamet pivoxil (Ro 15-8075) after intravenous and oral doses in humans.  Antimic. Agents Chemother. 32: 573-579.",3377466,PMC172223,87798342,100.0,0,1 of 1 distinct cited papers matched in Paperclip.,https://paperclip.gxl.ai/citations/papers/87798342
221,Cefixime,"Faulkner RD, Fernandez P, Lawrence G, Sia LL, Falkowski AJ, Weiss AI, Yacobi A, and Silber BM (1988) Absolute bioavailability of cefixime in man.  J. Clin. Pharmacol. 28: 700-706. ",3216036,,82265503,100.0,0,1 of 1 distinct cited papers matched in Paperclip.,https://paperclip.gxl.ai/citations/papers/82265503
222,Cefmenoxime,"Granneman, G. Rrichard; Sennello, Lawrence T.; Steinberg, Frank J.; Sonders, Robert C. Intramuscular and intravenous pharmacokinetics of cefmenoxime, a new broad-spectrum cephalosporin, in healthy subjects.Antimicrobial Agents and Chemotherapy (1982), 21(1), 141-5. ppb: MASAHIRO KONDO, YUMIKO NOJI and KANJI TSUCHIYA. Binding of cefmenoxime (SCE-1365) to human serum proteins. Chemother. (Tokyo) 1981, 29 (S-1) 200-205.",6282203,PMC181842,87003360,50.0,0,1 of 2 distinct cited papers matched in Paperclip. Unmatched citations: Binding of cefmenoxime (SCE-1365) to human serum proteins.,https://paperclip.gxl.ai/citations/papers/87003360
223,Cefmetazole,"Ko H, Cathcart SK, Griffith DL, Peters GR, and Adams WJ (1989) Pharmacokinetics of intravenously administered cefmetazole and cefoxitin and effects of probenecid on cefmetazole elimination.   Antimicr. Agents Chemother. 33: 356-361.  Tan JS, Salstrom SJ, Signs SA, Hoffman HE, and File TM (1989) Pharmacokinetics of intravenous cefmetazole with emphasis on comparison between predicted theoretical levels in tissue and actual skin window fluid levels.  Antimicr. Agents Chemother. 33:  924-927.",2729930;2764542,PMC171493;PMC284256,86917192;86917220,100.0,0,2 of 2 distinct cited papers matched in Paperclip.,https://paperclip.gxl.ai/citations/papers/86917192;https://paperclip.gxl.ai/citations/papers/86917220
224,Cefodizime,"Bryskier A, Procyk T, Tremblay D, Lenfant B, and Fourtillan JB (1990) The pharmacokinetics of cefodizime following intravenous and intramuscular administration of a single dose of 1.0 g.  J. Antimic. Chemother. 26(Suppl C): 59-63.  Scaglione F, Demartini G, Arcidiacono MM, Dugnani S, and Fraschini F (1997) Serum protein binding and extravascular diffusion of cefodizime and ceftriaxone. An in vivo study.  Clin. Drug Inv. 14: 211-216.",2074252,,84726191,50.0,0,1 of 2 distinct cited papers matched in Paperclip. Unmatched citations: Serum protein binding and extravascular diffusion of cefodizime and ceftriaxone.,https://paperclip.gxl.ai/citations/papers/84726191
225,Cefonicid,"Cross-over study of the pharmacokinetics of cefonicid administered intravenously or intramuscularly to healthy adult humans. J.B. FOURTILLAN , A. LEROY, M.A. LEFEBVRE , G. HUMBERT, J.P. FILLASTRE, G. REUMONT and N. RAMIS. EUROPEAN JOURNAL OF DRUG METABOLISM AND PHARMACOKINETICS, 1985, 10, 225-230. //ppb:Dudley, Michael N.; Shyu, Wen Chyi; Nightingale, Charles H.; Quintiliani, Richard. Effect of saturable serum protein binding on the pharmacokinetics of unbound cefonicid in humans Antimicr. Ag Chemother. 1986, 30, 565-569. Ex vivo data and concentration dependent. 2% free at 100 ug/mL. 18% free immediately after administration iv.",3936717;3789691,PMC176481,99960577;87004133,100.0,0,2 of 2 distinct cited papers matched in Paperclip.,https://paperclip.gxl.ai/citations/papers/99960577;https://paperclip.gxl.ai/citations/papers/87004133
226,Cefoperazone,"Kalman D, Barriere SL, Johnson BL (1992) Pharmacokinetic disposition and bactericidal activities of cefepime, ceftazidime, and cefoperazone in serum and blister fluid.  Antimicrob. Agents Chemother. 36: 453-457.",1605609,PMC188456,87798471,100.0,0,1 of 1 distinct cited papers matched in Paperclip.,https://paperclip.gxl.ai/citations/papers/87798471
227,Ceforanide,"Pfeffer M, Gaver RC, and Van Harken DR (1980) Human pharmacokinetics of a new broad-spectrum parenteral cephalosporin antibiotic, ceforanide.  J. Pharm. Sci. 69: 398-403.",7373533,,122093745,100.0,0,1 of 1 distinct cited papers matched in Paperclip.,https://paperclip.gxl.ai/citations/papers/122093745
228,Cefoselis,"Qiu et al. Cefoselis, Chin J Clin Pharmacol. 2009, 25, 207-210.",,,,0.0,0,"0 of 1 distinct cited papers matched in Paperclip. Unmatched citations: Qiu et al. Cefoselis, Chin J Clin Pharmacol..",
229,Cefotaxime,"Wise R, Baker S, and Livingston R (1980) Comparison of cefotaxime and moxalactam pharmacokinetics and tissue levels.  Antimic. Agents Chemother.  18: 369-371.  Esmieu F, Guilbert J, Rosenkilde HC, Ho I, LeGo A (1980) Pharmacokinetics of cefotaxime in normal human volunteers.  J. Antimic. Chemother.  6(suppl A): 83-92.",6252833,PMC284007,86916467,50.0,0,1 of 2 distinct cited papers matched in Paperclip. Unmatched citations: Pharmacokinetics of cefotaxime in normal human volunteers.,https://paperclip.gxl.ai/citations/papers/86916467
230,Cefotetan,"Zimmerman J, Cohen A, and Thyrum P (1989)  Absolute bioavailability and noncompartmental analysis of intravenous and intramuscular Cefotan (cefotetan) in normal volunteers.  J. Clin. Pharmacol. 29: 151-157.  Carver PL, Nightingale CH, and Quintiliani R (1989) Pharmacokinetics and pharmacodynamics of total and unbound cefoxitin and cefotetan in healthy volunteers.    J. Antimic. Chemother. 23:  99-106.",2715372;2745258,,82084107;120863245,100.0,0,2 of 2 distinct cited papers matched in Paperclip.,https://paperclip.gxl.ai/citations/papers/82084107;https://paperclip.gxl.ai/citations/papers/120863245
231,Cefotiam,"ANNE-MARIE BRISSON, ANDRE BRYSKIER, LAURETTE MILLERIOUX, AND JEAN-BERNARD FOURTILLAN. Pharmacokinetics of Cefotiam Administered Intravenously and Intramuscularly to Healthy Adults. Antimicrob. Agents Chemother. 1984, 26, 513-518 //ppb:  V. Querol-Ferrer, R. Zini, J.-P. Tillement. The blood binding of cefotiam and cyclohexanol, metabolites of the prodrug cefotiam hexetil, in-vitro. J. Pharm. Pharmacol. 1991, 43, 863-866",6097166;1725995,PMC179955,89291679;96332592,100.0,0,2 of 2 distinct cited papers matched in Paperclip.,https://paperclip.gxl.ai/citations/papers/89291679;https://paperclip.gxl.ai/citations/papers/96332592
232,Cefoxitin,"Ko H, Cathcart SK, Griffith DL, Peters GR, and Adams WJ (1989) Pharmacokinetics of intravenously administered cefmetazole and cefoxitin and effects of probenecid on cefmetazole elimination.   Antimicr. Agents Chemother. 33: 356-361.   ",2729930,PMC171493,86917192,100.0,0,1 of 1 distinct cited papers matched in Paperclip.,https://paperclip.gxl.ai/citations/papers/86917192
233,Cefozopran,"Shiba, K; Hori, S; Yoshida, M; Shimada, J; Saito, A; Sakai, O.  Fundamental and clinical investigation of cefozopran. Chemotherapy (Tokyo) (1993), 41(Suppl. 4), 187-194. fu from Lombardo et al J. Clin. Pharmacol. 2013, 53(2), 167-177 and 178-191",23436262;23436263,,88092331;88468499,66.67,0,2 of 3 distinct cited papers matched in Paperclip. Unmatched citations: Fundamental and clinical investigation of cefozopran.,https://paperclip.gxl.ai/citations/papers/88092331;https://paperclip.gxl.ai/citations/papers/88468499
234,Cefpimizole,"Lakings DB, Friis JM,Browm RJ, Allen HR (1984) Pharmacokinetics of cefpimizole in hormal humans after single- and multiple-dose intravenous infusion. Antimicr. Agents Chemother. 26, 802-806.",6524897,PMC180027,87546745,100.0,0,1 of 1 distinct cited papers matched in Paperclip.,https://paperclip.gxl.ai/citations/papers/87546745
235,Cefpiramide,Conte JE (1987) Pharmacokinetics of cefpiramide in volunteers with normal or impaired renal function. Antimicr. Agents Chemother. 31(10) 1585-1588.,3435107,PMC174995,87546945,100.0,0,1 of 1 distinct cited papers matched in Paperclip.,https://paperclip.gxl.ai/citations/papers/87546945
236,Cefpirome,"Nakayama I, Akieda Y, Yamaji E, Nitta Y, Ohishi M, Katagiri K, Imamura N, and Takase K (1992) Single- and multiple-dose pharmacokinetics of intravenous cefpirome (HR810) to healthy volunteers,  J. Clin. Pharmacol. 32: 256-266.  Tabata S, Shimura T, Maeda T, Hayashi S, Kobayashi I, and Saito A (1991) Protein binding of cefpirome sulfate in man and animals and its displacing effect on bilirubin bound to human serum albumin.    Chemotherapy  39(Suppl. 1):  109-114.",1564130,,81890648,50.0,0,1 of 2 distinct cited papers matched in Paperclip. Unmatched citations: Protein binding of cefpirome sulfate in man and animals and its displacing effect on bilirubin bound to human serum albumin.,https://paperclip.gxl.ai/citations/papers/81890648
237,Cefprozil,"Shyu WC, Shah VR, Campbell DA, Wilber RB, Pittman KA, and Barbhaiya RH (1992) Oral absolute bioavailability and intravenous dose-proportionality of cefprozil in humans. J. Clin. Pharm. 32: 798-803.  Shyu WC, Shukla UA, Shah VR, Papp EA, and Barbhaiya RH (1991)  Simultaneous high-performance liquid chromatographic analysis of cefprozil diastereomers in a pharmacokinetic study.  Pharm. Res.  8: 992-996.",1430299;1924169,,81890656;141241712,100.0,0,2 of 2 distinct cited papers matched in Paperclip.,https://paperclip.gxl.ai/citations/papers/81890656;https://paperclip.gxl.ai/citations/papers/141241712
238,Cefroxadin,"André Gerardin, Jean B. Lecaillon,  Jean P. Schoeiler, 
Guy Humbert,  and Jacqueline Guibert. Pharmacokinetics of Cefroxadin (CGP 9000) in Man. J. Phrmacokin. Biopharm. 1982, 10, 15-26.",7069577,,131350110,100.0,0,1 of 1 distinct cited papers matched in Paperclip.,https://paperclip.gxl.ai/citations/papers/131350110
239,Cefsulodin,"G. Richard Granneman, Lawrence T. Sennello,  Robert C. Sanders, Beverly Wynne, and Elizabeth W. Thomas. Cefsulodin kinetics in healthy subjects after intramuscular
and intravenous injection. Clin. Pharmacol. 1982, 31, 95-103.",7053312,,100771460,100.0,0,1 of 1 distinct cited papers matched in Paperclip.,https://paperclip.gxl.ai/citations/papers/100771460
240,Ceftaroline fosamil,"Ref. through PP. 2010-Oct-15  PDF(2616k)
Clinical Pharmacology and Biopharmaceutics Review 200327/S-000 Part 01 ",,,,,,No identifiable paper citations; non-paper sources excluded.,
241,Ceftazidime,"Kalman D, Barriere SL, Johnson BL (1992) Pharmacokinetic disposition and bactericidal activities of cefepime, ceftazidime, and cefoperazone in serum and blister fluid.  Antimicrob. Agents Chemother. 36: 453-457.  Wise R, Armstrong GC, Brown RM, and Andrews JM (1981) The pharmacokinetics and tissue penetration of ceftazidime and cefamandole in healthy volunteers.  J. Antimic. Chemother. 8(SupplB): 277-282.  Lam YWF, Duroux MH, Gambertoglio JG, Barriere SL, and Guglielmo BJ (1988) Effect of protein binding on serum bactericidal activities of ceftazidime and cefoperazone in healthy volunteers.  Antimic. Agents Chemother. 32: 298-302.",1605609;19802998;3284457,PMC188456;PMC172163,87798471;84351284;87547048,100.0,0,3 of 3 distinct cited papers matched in Paperclip.,https://paperclip.gxl.ai/citations/papers/87798471;https://paperclip.gxl.ai/citations/papers/84351284;https://paperclip.gxl.ai/citations/papers/87547048
242,Ceftezole,"Ohkawa, Mitsuo; Kuroda, Kyoichi. Pharmacokinetics of ceftezole in patients with normal and impaired renal function. Chemotherapy (Basel, Switzerland) (1980), 26(4), 242-7.",7389424,,105289022,100.0,0,1 of 1 distinct cited papers matched in Paperclip.,https://paperclip.gxl.ai/citations/papers/105289022
243,Ceftizoxime,"Yamasaku F and Suzuki Y (1983) Pharmacokinetics of cefotaxime, ceftizoxime and cefmenoxime in healthy volunteers after i.v. constant infusion.  Chemotherapy 31: 842-850.  Peterson LR, Gerding DN, Van Etta, LL, Eckfeldt JH, and Larson TA (1982) Pharmacokinetics, protein binding, and extravascular distribution of ceftizoxime in normal subjects.  Antimic. Agents Chemother. 22: 878-881.",6295270,PMC185674,89291546,50.0,0,"1 of 2 distinct cited papers matched in Paperclip. Unmatched citations: Pharmacokinetics of cefotaxime, ceftizoxime and cefmenoxime in healthy volunteers after i.v.",https://paperclip.gxl.ai/citations/papers/89291546
244,Ceftobiprole,"Schmitt-Hoffmann A, Roos B, Schleimer M, Sauer J, Man A, Nashed N, Brown T, Perez A, Weidekamm E, and Kovacs P (2004) Single dose pharmacokinetics and study of a novel broad-spectrum cephalosporin (BAL5788) in healthy volunteers.  Anitmic. Agents Chemother.  48: 2570-2575.    Hebeisen P, Heinze-Krauss I, Angehrn P, Hohl P, Page MGP, Then RL (2001) In Vitro and In Vivo Properties of Ro 63-9141, a Novel Broad-Spectrum Cephalosporin with Activity against Methicillin-Resistant Staphylococci.  Anitmic. Agents Chemother.  45: 825-836.",15215110;11181368,PMC434165;PMC90381,134229853;37153403,100.0,0,2 of 2 distinct cited papers matched in Paperclip.,https://paperclip.gxl.ai/citations/papers/134229853;https://paperclip.gxl.ai/citations/papers/37153403
245,Ceftolozane,"Pharmacokinetics and safety of intravenous ceftolozane-tazobactam in healthy adult subjects following single and multiple ascending doses Miller, Benjamin; Hershberger, Ellie; Benziger, David; Trinh, My My; Friedland, Ian  Antimicrobial Agents and Chemotherapy (2012), 56(6), 3086-3091.//ppb: https://www.accessdata.fda.gov/drugsatfda_docs/label/2014/206829lbl.pdf. Accessed July 12 2017.",22450972,PMC3370713,89752824,100.0,0,1 of 1 distinct cited papers matched in Paperclip. 1 non-paper source segment(s) excluded.,https://paperclip.gxl.ai/citations/papers/89752824
246,Ceftriaxone,"Data from PDR. Accessed February 19, 2013. http://www.pdr3d.com/detail.php?c=33025#section-4. ",,,,,,No identifiable paper citations; non-paper sources excluded.,
247,Cefuroxime,"Gower PE and Dash CH (1977) The pharmacokinetics of cefuroxime after intravenous injection.  Eur. J. Clin. Pharmacol. 12: 221-227.  Benson JM, Boudinot FD, Pennell AT, Cunningham FE, and DiPiro JT (1993) In vitro protein binding of cefonicid and cefuroxime in adult and neonatal sera.  Antimic. Agents Chemother. 37: 1343-1347.",590309;8328784,PMC187963,133635584;87547541,100.0,0,2 of 2 distinct cited papers matched in Paperclip.,https://paperclip.gxl.ai/citations/papers/133635584;https://paperclip.gxl.ai/citations/papers/87547541
248,Cefuzonam,"M. TOMISAWA, I. NAKAYAMA, and A. SAITO.  Antimicrobial Activity and Pharmacokinetics of L-105, a New Cephem Antibiotic Agent. RECENT ADV. CHEMOTHER.1985, Antimicr. Sect. 2, 891-892.//ppb: Hamada T, Ueta E, Kodama H, Osaki T. The excretion of cephem antibiotics into saliva is inversely associated with their plasma protein-binding activities. J Oral Pathol Med. 2002, 31, 109-116",11896833,,99021807,50.0,0,"1 of 2 distinct cited papers matched in Paperclip. Unmatched citations: Antimicrobial Activity and Pharmacokinetics of L-105, a New Cephem Antibiotic Agent.",https://paperclip.gxl.ai/citations/papers/99021807
249,CEP-18770,"Sala F et al. Development and validation of a high-performance liquid chromatography–tandemmass spectrometry method for the determination of the novel proteasome inhibitor CEP-18770 in human plasma and its application in a clinical pharmacokinetic study. J. Mass. Spectrom. 2010, 45, 1299–1305",20872901,,100965029,100.0,0,1 of 1 distinct cited papers matched in Paperclip.,https://paperclip.gxl.ai/citations/papers/100965029
250,Cephacetrile,"A. Dominguez-Gil , M. C. Castifieiras, J. M. Tabernero, J. L. Rodriguez Colmmes and S. de Castro. .Pharmacokinetics of Cephacetrile in Patients with Normal or Impaired Renal Function. Eur. J. Clin. Pharmacol. 1978, 13, 445-448.",,,,0.0,0,0 of 1 distinct cited papers matched in Paperclip. Unmatched citations: .Pharmacokinetics of Cephacetrile in Patients with Normal or Impaired Renal Function.,
251,Cephalexin,Kirby WMM and De Maine JB (1971) Pharmacokinetics of the cephalosporins in healthy volunteers and uremic patients.  Postgrad. Med. J. Suppl. 47(Cephalosporin Antibiotics):  41-46.,,,,0.0,0,0 of 1 distinct cited papers matched in Paperclip. Unmatched citations: Pharmacokinetics of the cephalosporins in healthy volunteers and uremic patients.,
252,Cephaloridine,"Brogard JM, Brandt C, Dorner M, and Dammron A (1976)  Adjustment of cephaloridine (Keflodin).  Dosage according to its pharmacokinetics.    Chemotherapy 22: 1-11.  Bergan T (1984) Pharmacokinetics of beta-lactam antibiotics.  Scand. J. Infect. Dis. 42(Suppl): 83-98.",,,,0.0,0,0 of 2 distinct cited papers matched in Paperclip. Unmatched citations: Dosage according to its pharmacokinetics | Pharmacokinetics of beta-lactam antibiotics.,
253,Cephalothin,"Bergan T (1977) Comparatve pharmacokinetics of cefazolin, cephalothin, cephacetril, and cephapirine after intravenous administration.  Chemother. 23: 389-404.  Kuroyama M, Kumano K, Motohashi S, Kimura T, Murase S, and Tomonaga F (1992) Protein binding of 14 cephems in healthy subjects and patients with chronic renal failure.  Chemotherapy 40: 898-908.",,,,0.0,0,"0 of 2 distinct cited papers matched in Paperclip. Unmatched citations: Comparatve pharmacokinetics of cefazolin, cephalothin, cephacetril, and cephapirine after intravenous administration | Protein binding of 14 cephems in healthy subjects and patients with chronic renal failure.",
254,Cephapirin,"Bergan T (1977) Comparatve pharmacokinetics of cefazolin, cephalothin, cephacetril, and cephapirine after intravenous administration.  Chemother. 23: 389-404.",,,,0.0,0,"0 of 1 distinct cited papers matched in Paperclip. Unmatched citations: Comparatve pharmacokinetics of cefazolin, cephalothin, cephacetril, and cephapirine after intravenous administration.",
255,Cephradine,"Rattie ES, Bernardo PD, and Ravin LJ (1976) Pharmacokinetic interpretation of cephradine levels in serum after intravenous and extravascular administration in humans.  Antimic. Agents Chemother.  10: 283-287.  Bergan T (1984) Pharmacokinetics of beta-lactam antibiotics.  Scand. J. Infect. Dis. 42(Suppl): 83-98.",984770,PMC429736,87682010,50.0,0,1 of 2 distinct cited papers matched in Paperclip. Unmatched citations: Pharmacokinetics of beta-lactam antibiotics.,https://paperclip.gxl.ai/citations/papers/87682010
256,Cerivastatin,"Muck W, Ritter W, Ochmann K, Unger S, Ahr G, Wingender W, and Kuhlmann J (1997) Absolute and relative bioavailability of the HMG-CoA reductase inhibitor cerivastatin. Int. J. Clin. Pharmacol. Ther. 35: 255-260.  Baycol Product Label.",9208342,,189407883,100.0,0,1 of 1 distinct cited papers matched in Paperclip. 1 non-paper source segment(s) excluded.,https://paperclip.gxl.ai/citations/papers/189407883
257,Cetrorelix,"Pechstein B, Nagaraja NV, Hermann R, Romeis P, Locher M, and Derendorf H (2000) Pharmacokinetic-pharmacodynamic modeling of testosterone and luteinizing hormone suppression by cetrorelix in healthy volunteers.  J. Clin. Pharmacol. 40: 266-274.  Cetrotide Product Label.",10709155,,138657430,100.0,0,1 of 1 distinct cited papers matched in Paperclip. 1 non-paper source segment(s) excluded.,https://paperclip.gxl.ai/citations/papers/138657430
258,CG200745,"Kyu-pyo Kim, Seong Joon Park, Jeong-Eun Kim, Yong Sang Hong, Jae-Lyun Lee, Kyun-Seop Bae, Hyunju Cha, Sool-Ki Kwon,  Seonggu Ro, JoongMyung Cho, Tae Won Kim. First-in-human study of the toxicity, pharmacokinetics, and pharmacodynamics of CG200745, a pan-HDAC inhibitor, in patients with refractory solid malignancies. Investigational New Drugs (2015), 33(5), 1048-1057",26076682,,65830359,100.0,0,1 of 1 distinct cited papers matched in Paperclip.,https://paperclip.gxl.ai/citations/papers/65830359
259,CGP15720A,"L. Pendyala, S. Madajewicz, P.J. Creaven. Human pharmacokinetics of 1-[2-[2-(4 pyridyl)-2-imidazolinyl-(1)]-ethyl]-3-(4-carboxyphenyi) urea (CGP 15720A). Invest. New Drugs 1985, 3: 375-381.",4086245,,134425848,100.0,0,1 of 1 distinct cited papers matched in Paperclip.,https://paperclip.gxl.ai/citations/papers/134425848
260,CGP31608,"R. Wise, J. M. Webberky, J. M. Andrews and J. P. Asbby. The pharmacokinetics and tissue penetration of intravenously administered CGP 31608. Journal of Antimicrobial Chemotherapy (1988) 21, 85-91",3356625,,120609352,100.0,0,1 of 1 distinct cited papers matched in Paperclip.,https://paperclip.gxl.ai/citations/papers/120609352
261,CGP36742,"Christoph H. Gleiter,  Gisbert Forger, Huns-jorg Mobius. Pharmacokinetics of CGP 36,742, an orally active GABAB antagonist, in human. J Clln PharmacoI 1996, 36, 428-438.",8739022,,82765861,100.0,0,1 of 1 distinct cited papers matched in Paperclip.,https://paperclip.gxl.ai/citations/papers/82765861
262,Chenodeoxycholic acid,"van Berge-Henegouwen GP, Hofmann AF. Pharmacology of chenodeoxycholic acid. II. Absorption and metabolism. Gastroenterol. 1977, 73, 300-309.",,,,0.0,0,0 of 1 distinct cited papers matched in Paperclip. Unmatched citations: Absorption and metabolism.,
263,Chlorambucil,"Newell DR, Calvert AH, Harrap KR, and McElwain TJ (1983) Studies on the pharmacokinetics of chlorambucil and prednimustine in man.  Br. J. Clin. Pharmacol. 15: 253-258.   Leukeran Product Label.",6849759,PMC1427847,86059367,100.0,0,1 of 1 distinct cited papers matched in Paperclip. 1 non-paper source segment(s) excluded.,https://paperclip.gxl.ai/citations/papers/86059367
264,Chloramphenicol,"Narang APS, Datta DV, Nath N, and Mathur VS (1981) Pharmacokinetic study of chloramphenicol in patients with liver disease.  Eur. J. Clin. Pharmacol. 20: 479-483.  Kurz H, Mauser-Ganshorn A, and Stickel HH (1977) Differences in the binding of drugs to plasma proteins from newborn and adult man. I. Eur. J. Clin. Pharmacol. 11: 463-467.",7286060;891592,,133904007;133277262,100.0,0,2 of 2 distinct cited papers matched in Paperclip.,https://paperclip.gxl.ai/citations/papers/133904007;https://paperclip.gxl.ai/citations/papers/133277262
265,Chlorazepate,"Bertler A, Lindgren S, Magnusson JO, and Malmgren H (1983) Pharmacokinetics of chlorazepate after intravenous and intramuscular administration.  Psychopharmacol.  80: 236-239.",6137019,,133561248,100.0,0,1 of 1 distinct cited papers matched in Paperclip.,https://paperclip.gxl.ai/citations/papers/133561248
266,Chlordiazepoxide,"Desmond PV, Patwardhan RV, Schenker S, and Hoyumpa AM (1980) Short-term ethanol administration impairs the elimination of chlordiazepoxide (Librium) in man.  Eur. J. Clin. Pharmacol. 18: 275-278.  Boxenbaum HG, Geitner KA, Dixon WR, Spiegel HE, Symington J, Christian R, Moore JD, Weissman L, and Kaplan SA (1977) Pharmacokinetic and biopharmaceutic profile of chlordiazepoxide HCl in healthy subjects: single-dose studies by the intravenous, intramuscular, and oral routes.  J. Pharmacokinet. Biopharm. 5: 3-23.  Desmond PV, Roberts, RK, Wood AJJ, Dunn GD, Wilkinson GR, Schenker S (1980) Effect of heparin administration on plasma binding of benzodiazepines.    Br. J. Clin. Pharmacol.  9: 171-175.  ",7439248;6101958,PMC1429863,134027246;86842567,66.67,0,"2 of 3 distinct cited papers matched in Paperclip. Unmatched citations: Pharmacokinetic and biopharmaceutic profile of chlordiazepoxide HCl in healthy subjects: single-dose studies by the intravenous, intramuscular, and oral routes.",https://paperclip.gxl.ai/citations/papers/134027246;https://paperclip.gxl.ai/citations/papers/86842567
267,Chlormethiazole,"Neuvonen PJ, Pentikainen PJ, Jostell KG, and Syvalahti E (1981) Effect of ethanol on the pharmacokinetics of chlormethiazole in humans. Int. J. Clin. Pharmacol. Ther. Toxicol. 19: 552-560.  Jostell KG, Agurell S, Allgen LG, Kuylenstierna B, Lindgren JE, Aberg G, and Osterlot G (1978) Pharmacokinetics of clomethiazole in healthy adults.  Acta Pharmacol. Toxicol. 43: 180-189.  Moore RG, Triggs EJ, Shanks CA, and Thomas J (1975) Pharmacokinetics of chlormethiazole in humans.  Eur. J. Clin. Pharmacol.  8: 353-357.  Pentikainen PJ, Neuvonen PJ, Jostell KG (1980) Pharmacokinetics of clormethiazole in healthy volunteers and patients with cirrhosis of the liver.  Eur. J. Clin. Pharmacol. 17: 275-284. ",707131;1233235,,101981754;133896757,50.0,0,2 of 4 distinct cited papers matched in Paperclip. Unmatched citations: Effect of ethanol on the pharmacokinetics of chlormethiazole in humans | Pharmacokinetics of clormethiazole in healthy volunteers and patients with cirrhosis of the liver.,https://paperclip.gxl.ai/citations/papers/101981754;https://paperclip.gxl.ai/citations/papers/133896757
268,"Chlorophenylpiperazine, m-","Feuchtl A, Bagli M, Stephan R, Frahnert C, Kolsch H, Kuhn KU, and Rao ML (2004) Pharmacokinetics of m-chlorophenylpiperazine after intravenous and oral administration in healthy male volunteers: implications for the pharmacodynamic profile. Pharmacopsychiatry 37: 180-188.",15467976,,134698611,100.0,0,1 of 1 distinct cited papers matched in Paperclip.,https://paperclip.gxl.ai/citations/papers/134698611
269,Chloroquine,"White NJ (1985) Clinical pharmacokinetics of antimalaria drugs.  Clin. Pharmacokinet.  10: 187-215.  Aderounmu AF, Salako LA, Lindstroem B, Walker O, and Ekman L (1986) Comparison of the pharmacokinetics of chloroquine after single intravenous and intramuscular administration in healthy Africans.  Br. J. Clin. Pharmacol. 22: 559-564.",3790402,PMC1401181,86842962,50.0,0,1 of 2 distinct cited papers matched in Paperclip. Unmatched citations: Clinical pharmacokinetics of antimalaria drugs.,https://paperclip.gxl.ai/citations/papers/86842962
270,Chlorpheniramine,"Huang SM, Athanikar NK, Sridhar K, Huang YC, and Chiou WL (1982) Pharmacokinetics of chlorpheniramine after intravenous and oral administration in normal adults.  Eur. J. Clin. Pharmacol. 22: 359-365.  Hiep BT, Gimenez F, Khanh V, Hung NK, Thuillier A, Farinotti R, and Fernandez C (1999) Binding of chlorpheniramine enantiomers to human plasma proteins.  Chirality 11: 501-504.",7106172;10368923,,133156876;133427037,100.0,0,2 of 2 distinct cited papers matched in Paperclip.,https://paperclip.gxl.ai/citations/papers/133156876;https://paperclip.gxl.ai/citations/papers/133427037
271,Chlorpromazine,"Yeung PKF, Hubbard JW, Korchinski ED, and Midha KK (1993)  Pharmacokinetics of chlorpromazine and key metabolites.  Eur. J. Clin.Pharmacol. 45: 563-569.  Koytchev R, Alken RG, Kirkov V, Neshev G, Vagaday M, and Kunter U (1994) Absolute bioverfugbarkeit von chlorpromazin, promazin, und promethazin.  Arz. Forsch. 44: 121-125.  Curry SH (1970) Plasma protein binding of chlorpromazine.  J. Pharm. Pharmacol. 22: 193-197.",8157044;4399487,,134116384;95962939,66.67,0,"2 of 3 distinct cited papers matched in Paperclip. Unmatched citations: Koytchev R, Alken RG, Kirkov V, Neshev G, Vagaday M, and Kunter U . Absolute bioverfugbarkeit von chlorpromazin, promazin, und promethazin. Arz. Forsch. 44: 121-125.",https://paperclip.gxl.ai/citations/papers/134116384;https://paperclip.gxl.ai/citations/papers/95962939
272,Chlorpropamide,Huupponen R and Lammintausta R (1981) Chlorpropamide bioavailability and pharmacokinetics.  Int. J. Clin. Pharmacol. Ther. Toxicol. 19: 331-333.,7263111,,188614386,100.0,0,1 of 1 distinct cited papers matched in Paperclip.,https://paperclip.gxl.ai/citations/papers/188614386
273,Chlorprothixene,"Bagli, Metin; Rao, Marie Luise; Hoeflich, Gereon; Kasper, Siegfried; Langer, Michael; Barlage, Uwe; Beneke, Manfred; Sueverkruep, Richard; Moeller, Hans-Juerger
Pharmacokinetics of Chlorprothixene after Single Intravenous and Oral Administration of Three Galenic Preparations. Arzneimittel-Forschung 1996, 46(3), 247-250.
",8901143,,189297979,100.0,0,1 of 1 distinct cited papers matched in Paperclip.,https://paperclip.gxl.ai/citations/papers/189297979
274,Chlortetracycline,"Kunin CM, Darnbush AC, and Finland M. Distribution and excretion of four tetracycline analogs in normal young men.  J. Clin. Invest. 1959, 38, 1950-1963.",,,,0.0,0,0 of 1 distinct cited papers matched in Paperclip. Unmatched citations: Distribution and excretion of four tetracycline analogs in normal young men.,
275,Chlorthalidone,"Fleuren HLJ, Thien TA, Verwey-van Wissen CPW, and von Rossum JM (1979) Absolute bioavailability of chlorthalidone in man: a cross over study after intravenous and oral administration.  Eur. J. Clin. Pharmacol. 15: 35-50.  Dieterle W, Wagner J, and Faigle JW (1976)  Binding of chlorthalidone (Hygroton) to blood components in man.  Eur. J. Clin. Pharmacol. 10: 37-42.",421727,,134027375,50.0,0,1 of 2 distinct cited papers matched in Paperclip. Unmatched citations: Binding of chlorthalidone (Hygroton) to blood components in man.,https://paperclip.gxl.ai/citations/papers/134027375
276,Cibenzoline,"Cifenline. Aronoff G, Brier M, Mayer ML, Barbalas M, Aogaichi K, Sloan R, Brazzell R, and Massarella J (1991) Bioavailability and kinetics of cibenzoline in patients with normal and impaired renal function. J. Clin. Pharmacol. 31: 38-44.  Reidenberg MM, Lorenzo BJ, Drayer DE, Kluger J, Nestor T, Regnier JC, Kowal BA, and Bekersky I (1988) A nonradioactive iothalamate method for measuring glomerular filtration rate and its use to study the renal handling of cibenzoline.  Ther. Drug Monit. 10: 434-437.",2045527;3201528,,81890593;121754324,100.0,0,2 of 2 distinct cited papers matched in Paperclip.,https://paperclip.gxl.ai/citations/papers/81890593;https://paperclip.gxl.ai/citations/papers/121754324
277,Cicaprost,"Hildebrand M, Staks T, Schutt A, and Matthes H (1989) Pharmacokinetics of 3H-cicaprost in healthy volunteers.  Prostaglandins  37: 259-273.",2657866,,140987461,100.0,0,1 of 1 distinct cited papers matched in Paperclip.,https://paperclip.gxl.ai/citations/papers/140987461
278,Ciclesonide,"Nave R. Clinical pharmacokinetic and pharmacodynamic profile of inhaled ciclesonide. Clin Pharmacokinet. 2009, 48(4), 243–252.",19492869,,106474115,100.0,0,1 of 1 distinct cited papers matched in Paperclip.,https://paperclip.gxl.ai/citations/papers/106474115
279,Ciclotropium,"Liebmann B, Mayer S, Mutschler E, Spahn-Langguth H. Studies on the metabolic clearance of ciclotropium to alpha-phenylciclopentylacetic acid using a new enantiospecific metabolite assay. Arzneim.-Forsch. 1992, 42, 1354-1358.",1492851,,182086336,100.0,0,1 of 1 distinct cited papers matched in Paperclip.,https://paperclip.gxl.ai/citations/papers/182086336
280,Cidofovir,"Cundy KC, Petty BG, Flaherty J, Fisher PE, Polis MA, Wachsman M, Lietman PS, Lalezari JP, Hitchcock MJM, and Jaffe HS (1995) Clinical pharmacokinetics of cidofovir in human immunodeficiency virus-infected patients.  Antimic. AgentsChemother. 39: 1247-1252.",7574510,PMC162721,89292649,100.0,0,1 of 1 distinct cited papers matched in Paperclip.,https://paperclip.gxl.ai/citations/papers/89292649
281,Cilastatin,"Saito A. Pharmacokinetics of panipenem/betamipron.  Chemotherapy 1991, 39(Suppl. 3): 227-235.   Primaxin IV Product Label.  ",,,,0.0,0,0 of 1 distinct cited papers matched in Paperclip. 1 non-paper source segment(s) excluded. Unmatched citations: Pharmacokinetics of panipenem/betamipron.,
282,Cilazaprilat,"P. E. O. WILLIAMS, A. N. BROWN, S. RAJAGURU, R. J. FRANCIS, G. E. WALTERS, J. McEWEN & C. DURNIN. The pharmacokinetics and bioavailability of cilazapril in normal man. Br. J. Clin. Pharmacol. 1989, 27, 181S-188S",2527531,PMC1379746,88338151,100.0,0,1 of 1 distinct cited papers matched in Paperclip.,https://paperclip.gxl.ai/citations/papers/88338151
283,Cilengitide,"Phase I and pharmacokinetic study of continuous twice weekly intravenous administration of Cilengitide (EMD 121974), a novel
inhibitor of the integrins avb3 and avb5 in patients with advanced solid tumours F.A.L.M. Eskens, H. Dumezb, R. Hoekstra, A. Perschl, C. Brindley, S. Bottcher,W. Wynendaele, J. Drevs, J. Verweij, A.T. van Oosterom European Journal of Cancer 39 (2003) 917–926",12706360,,139461898,100.0,0,1 of 1 distinct cited papers matched in Paperclip.,https://paperclip.gxl.ai/citations/papers/139461898
284,Cilomilast,"Zussman BD, Davie CC, Kelly J, Murdoch RD, Clark DJ, Schofield JP, Walls C, Birrell C, Webber D, Quinlan J, Ritchie SY, and Carr A (2001)  Bioavailability of the oral selective phosphodiesterase 4 inhibitor cilomilast.  Pharmacother. 21: 653-660.  Down G, Siederer S, Lim S, and Daley-Yates P (2006) Clinical pharmacology of cilomilast.  Clin. Pharmacokinet. 45: 217-233.",11401178;16509757,,135119971;126684381,100.0,0,2 of 2 distinct cited papers matched in Paperclip.,https://paperclip.gxl.ai/citations/papers/135119971;https://paperclip.gxl.ai/citations/papers/126684381
285,Cimetidine,"Arancibia A, Schindler I, Paccot E, Ruiz I, Gonzalez G, Mella F, and Thambo S (1985) Pharmacicinetique de la cimetidine apres administration d'une dose unique par voie intraveineuse rapide et d'une autre par voie orale.  Therapie  40: 87-92.  Bauer LA, Wareing-Tran C, Edwards WAD, Raisys V, Ferreri L, Jack R, Dellinger EP, and Simonowitz D  (1985) Cimetidine clearance in the obese.  Clin. Pharmacol. Ther. 37: 425-430.  Gugler R, Muller-Liebenau B, and Somogyi A (1982) Altered disposition and availability of cimetdine in liver cirrhotic patients.  Br. J. Clin. Pharmacol. 14: 421-429.  Schentag JJ, Cerra FB, Calleri GM, Leising ME, French MA, and Bernhard H (1981) Age, disease, and cimetidine disposition in healthy subjects and chronically ill patients.  Clin. Pharmacol. Ther. 29: 737-743.",3979004;7126415;7226705,PMC1427622,100053746;86842690;100052681,75.0,0,3 of 4 distinct cited papers matched in Paperclip. Unmatched citations: Pharmacicinetique de la cimetidine apres administration d'une dose unique par voie intraveineuse rapide et d'une autre par voie orale.,https://paperclip.gxl.ai/citations/papers/100053746;https://paperclip.gxl.ai/citations/papers/86842690;https://paperclip.gxl.ai/citations/papers/100052681
286,Cimetropium,"B. P. IMBIMBO, S. DANIOTTI, A. VIDI, D. FOSCHI, F . SAPORITI,  L. FERRANTE. Discontinuous Oral Absorption of Cimetropium Bromide, a New Antispasmodic Drug. J. Pharm. Sci. 1986, 75, 680-684. ",3761170,,122518049,100.0,0,1 of 1 distinct cited papers matched in Paperclip.,https://paperclip.gxl.ai/citations/papers/122518049
287,Cinacalcet ,Ref. through PP. 2004-Feb-12  PDF(1502k) Pharmacology Review 021688/S-000 Part 01 ,,,,,,No identifiable paper citations; non-paper sources excluded.,
288,Cinaciguat,"Frey R, Mück W, Unger S, Artmeier-Brandt U, Weimann G, Wensing G: Pharmacokinetics, pharmacodynamics, tolerability, and safety of the soluble guanylate cyclase activator cinaciguat (BAY 58-2667) in healthy male volunteers. J Clin Pharmacol 2008, 48:1400-1410",18779378,,111989113,100.0,0,1 of 1 distinct cited papers matched in Paperclip.,https://paperclip.gxl.ai/citations/papers/111989113
289,Ciprofloxacin,"Bergogne-Berezin E (2002) Clinical role of protein binding of quinolones.  Clin. Pharmacokinet 41:  741-750.  Jaehde U, Soergel F, Reiter A, Sigl G, Naber KG, and Schunack W (1995)  Effect of probenecid on the distribution and elimination of ciprofloxacin in humans.    Clin. Pharmacol. Ther. 58: 532-541.  Lettieri JT, Rogge MC, Kaiser L, Echols RM, and Heller AH (1992) Pharmacokinetic profiles of ciprofloxacin after single intravenous and oral doses.  Antimic. Agents Chemother. 36: 993-996.  Ljungborg B and Nilsson-Ehle I (1988) Pharmacokinetics of intravenous ciprofloxacin at three different doses.  J. Antimic. Chemother. 22: 715-720.",12162760;7586947;1510426;3209529,PMC188820,127009366;131973810;87172318;120238247,100.0,0,4 of 4 distinct cited papers matched in Paperclip.,https://paperclip.gxl.ai/citations/papers/127009366;https://paperclip.gxl.ai/citations/papers/131973810;https://paperclip.gxl.ai/citations/papers/87172318;https://paperclip.gxl.ai/citations/papers/120238247
290,Ciramadol,"M. T. ROSSEEL, M. G. BOGAERT,  and W. OOSTERLINCK. Preliminary pharmakokinetics of intravenous ciramadol in humans. Int. J. Pharmacol. Ther. Toxicol. 1984, 22, 304-306.",6547699,,188195593,100.0,0,1 of 1 distinct cited papers matched in Paperclip.,https://paperclip.gxl.ai/citations/papers/188195593
291,Cisapride,"Ref. through PP. 1992-Mar-17  PDF(7171k) Medical/Clinical Review 020210/S-000. ppb: PDR states: PROPULSID® binds to an extent of 97.5-98% to plasma proteins, mainly to albumin. Accessed December 301 2014. http://www.pdr3d.com/detail.php?c=10088#section-5",,,,,,No identifiable paper citations; non-paper sources excluded.,
292,Cisatracurium,"Bergeron LB, Bevan DR, Berrill A,Kahwaji R, and Varin F (2001) Concentration–Effect Relationship of Cisatracurium at Three Different Dose Levels in the Anesthetized Patient.  Anesthesiology 95: 314-323.  Roy JJ and Varin F (2004) Physicochemical properties of neuromuscular blocking agents and their impact on the pharmacokinetic-pharmacodynamic relationship.  Br. J. Anaesth. 93: 241-248.",11506100;15169739,,137626175;134373082,100.0,0,2 of 2 distinct cited papers matched in Paperclip.,https://paperclip.gxl.ai/citations/papers/137626175;https://paperclip.gxl.ai/citations/papers/134373082
293,Citalopram,"Joffe P, Larsen FS, Pedersen V, Ring-Larsen H, Aaes-Jorgensen T, and Sidhu J (1998) Single-dose pharmacokinetics of citalopram in patients with moderate renal insufficiency or hepatic cirrhosis compared with healthy subjects.  Eur. J. Clin. Pharmacol. 54: 237-242.  Celexa Product Label.",9681666,,143602848,100.0,0,1 of 1 distinct cited papers matched in Paperclip. 1 non-paper source segment(s) excluded.,https://paperclip.gxl.ai/citations/papers/143602848
294,Cladribine,"Saven A, Cheung WK, Smith L, Moyer M, Johannsen T, Rose E, Gollard R, Kosty M, Miller WE, and Piro LD (1996) Pharmacokinetic study of oral and bolus intravenous 2-chlorodeoxyadenosine in patients with malignancy.  J. Clin. Oncol. 14: 978-983.    Albertioni F, Herngren L, Juliusson G, and Liliemark J (1994) Protein binding of 2-chloro 2'-deoxyadenosine (cladribine) in healthy subjects and in patients with leukaemia.    Eur. J. Clin. Pharmacol. 46: 563-564.",8622049;7995327,,54276418;135030410,100.0,0,2 of 2 distinct cited papers matched in Paperclip.,https://paperclip.gxl.ai/citations/papers/54276418;https://paperclip.gxl.ai/citations/papers/135030410
295,Clarithromycin,"Chu SY, Deaton R, and Cavanaugh J (1992) Absolute bioavailability of clarithromycin after oral administration in humans.  Antimic. Agents Chemother. 36: 1147-1150.  Kuroyama M, Motohashi S, Kumano K, and Yago K (1996)  Protein binding of clarithromycin in patients with chronic renal failure.  Jap. J. Antibiotics 49: 256-263.  Davey PG (1991) The pharmacokinetics of clarithromycin and its 14-OH metabolite.  J. Hosp. Infec. 19(Suppl A): 29-37.",1387301;8935121;1684980,PMC188854,87005172;189309795;136056864,100.0,0,3 of 3 distinct cited papers matched in Paperclip.,https://paperclip.gxl.ai/citations/papers/87005172;https://paperclip.gxl.ai/citations/papers/189309795;https://paperclip.gxl.ai/citations/papers/136056864
296,Clavulanic Acid,"Davies BE, Boon R, Horton R, Reubi FC, and Descoeudres CE (1988) Pharmacokinetics of amoxycillin and clavulanic acid in haemodialysis patients following intravenous administration of Augmentin. Br. J. Clin. Pharmacol. 26: 385-390.  de la Pena A and Derendorf H (1999) Pharmacokinetic properties of beta-lactamase inhibitors.  Int. J. Clin. Pharmacol. Ther. 37: 63-75.",3190988;10082170,PMC1386558,86843081;179675930,100.0,0,2 of 2 distinct cited papers matched in Paperclip.,https://paperclip.gxl.ai/citations/papers/86843081;https://paperclip.gxl.ai/citations/papers/179675930
297,Clazosentan,"van Giersbergen, Paul L. M.; Gunawardena, Kulasiri A.; Dingemanse, Jasper. Influence of ethnic origin and sex on the pharmacokinetics of clazosentan. J. Clin. Pharmacol. 2007, 47, 1374-1380.//ppb: P.L.M. van Giersbergen, A. Treiber and J. Dingemanse. In vitro and in vivo pharmacokinetic characteristics of clazosentan, an intravenous endothelin receptor antagonist, in humans.  Int. J. Clin. Pharmacol. Ther., 2009,  47, 169-177",17906281;19281726,,115478262;97634845,100.0,0,2 of 2 distinct cited papers matched in Paperclip.,https://paperclip.gxl.ai/citations/papers/115478262;https://paperclip.gxl.ai/citations/papers/97634845
298,Clentiazem,"Ajit K. Shah, Vi jay 0. Bhargava,  Scott J. Weir,  and Dennis H. Giesing. Pharmacokinetics of Clentiazem After Intravenous and Oral Administration in Healthy Subjects. J ClIn Pharmacol 1993;33:354-359. ppb Fukushima, Takeshi; Nakamura, Susumu; Ito, Yutaka; Takaiti, Osasi. Studies on the protein binding of clentiazem. Yakubutsu Dotai 1992, 7, 845-852. From abstract in English. reported as ~90% bound and steady across a wide concentration range.",8473551,,82265690,50.0,0,1 of 2 distinct cited papers matched in Paperclip. Unmatched citations: Studies on the protein binding of clentiazem.,https://paperclip.gxl.ai/citations/papers/82265690
299,Clevidipine,"Ericsson H, Fakt C, Hoglund L, Jolin-Mellgard A, Nordlander M, Sunzel M, and Regardh CG (1999) Pharmacokinetics and pharmacodynamics of clevidipine in healthy volunteers after intravenous infusion.  Eur. J. Clin. Pharmacol. 55: 61-67.  Ericsson H, Tholander B, and  Regardh CG (1999)  In vitro hydrolysis rate and protein binding of clevidipine, a new ultrashort-acting calcium antagonist metabolized by esterases, in different animal species and man.  Eur. J. Pharm. Sci. 8: 29-37.",10206087;10072476,,143857733;171675684,100.0,0,2 of 2 distinct cited papers matched in Paperclip.,https://paperclip.gxl.ai/citations/papers/143857733;https://paperclip.gxl.ai/citations/papers/171675684
300,Clinafloxacin,"Randinitis EJ, Brodfuehrer JI, Eiseman I, and Vassos AB (2001) Pharmacokinetics of clinafloxacin after single and multiple doses.  Antimic. Agents Chemother. 45: 2529-2535.  Wise R, Ashby JP, and Andrews JM.  In vitro activity of PD 127,391, an enhanced-spectrum quinoline.    Antimic. Agents Chemother.  1988, 32: 1251-1256.",11502525;3142350,PMC90688;PMC172387,8687095;87004469,100.0,0,2 of 2 distinct cited papers matched in Paperclip.,https://paperclip.gxl.ai/citations/papers/8687095;https://paperclip.gxl.ai/citations/papers/87004469
301,Clindamycin,"Gatti G, Flaherty J, Bubp J, White J, Borin M, and Gambertoglio J (1993) Comparative study of bioavailabilities and pharmacokinetics of clindamycin in healthy volunteers and patients with AIDS.  Antimic. Agents Chemother. 37: 1137-1143.  Gordon RC, Regamey C, and Kirby WMM (1973)  Serum protein binding of erythromycin, lincomycin, and clindamycin. J. Pharm. Sci. 62: 1074-1077.",8517703,PMC187917,87005374,50.0,0,"1 of 2 distinct cited papers matched in Paperclip. Unmatched citations: Serum protein binding of erythromycin, lincomycin, and clindamycin.",https://paperclip.gxl.ai/citations/papers/87005374
302,Clodronate,"Pharmacokinetics of clodronate in renal failure. H. Saha, P. Castren-Kortekangas, S. Ojanen, A. Juhakoski, J. Tuominen, O. Tokola, A. Pasternack. Journal of Bone and Mineral Research
 1994, 9, 1953–1958.//ppb: Pentikäinen PJ1, Elomaa I, Nurmi AK, Kärkkäinen S. Pharmacokinetics of clodronate in patients with metastatic breast cancer. Int J Clin Pharmacol Ther Toxicol. 1989, 27, 222-228.",7872061;2525532,,103315540;184138718,100.0,0,2 of 2 distinct cited papers matched in Paperclip.,https://paperclip.gxl.ai/citations/papers/103315540;https://paperclip.gxl.ai/citations/papers/184138718
303,Clofarabine,"Clofarabine administration weekly to adult patients with advanced solid tumors in a phase I dose-finding studyJournal of Clinical Oncology, 2005 ASCO Annual Meeting Proceedings. Vol 23, No. 16S, Part I of II (June 1 Supplement), 2005: 7109. C. C. Cunningham, J. Nemunaitis, N. Senzer, S. Vukelja, D. Richards, V. Vukovic, S. Weitman",,,,0.0,0,"0 of 1 distinct cited papers matched in Paperclip. Unmatched citations: Clofarabine administration weekly to adult patients with advanced solid tumors in a phase I dose-finding studyJournal of Clinical Oncology,.",
304,Clomipramine,"Ollagnier M, Pellet J, Gay JP, Lang F, Ouvry MC, and Blanchon Y (1984) Pharmacocinetique d'une dose unique de clomipramine, en intraveneuse, chez le voluntaire sain.  Therapie  39: 237-245.  Nyberg G and Maartensson E (1984)  Determination of free fractions of tricyclic antidepressants.  Naunyn-Sch. Arch. Pharmacol. 327: 260-265.",6493364,,133420482,50.0,0,"1 of 2 distinct cited papers matched in Paperclip. Unmatched citations: Pharmacocinetique d'une dose unique de clomipramine, en intraveneuse, chez le voluntaire sain.",https://paperclip.gxl.ai/citations/papers/133420482
305,Clonazepam,"Crevoisier C, Delisle MC, Joseph I, and Foletti G (2003) Comparative single-dose pharmacokinetics of clonazepam following intravenous, intramuscular and oral administration to healthy volunteers.  Eur. Neurol. 49: 173-177.  Lucek RW and Coutinho CB.  (1976) The role of substituents in the hydrophobic binding of the 1,4-benzodiazepines by human plasma proteins.  Molec. Pharmacol. 12:  612-19.",12646763,,139184857,50.0,0,"1 of 2 distinct cited papers matched in Paperclip. Unmatched citations: The role of substituents in the hydrophobic binding of the 1,4-benzodiazepines by human plasma proteins.",https://paperclip.gxl.ai/citations/papers/139184857
306,Clonidine,"Vanholder R, Van Landschoot N, De Smet R, Schoots A, and Ringoir S (1988) Drug protein binding in chronic renal failure: evaluation of nine drugs.  Kidney Int. 33: 996-1004.  Frisk-Holmberg M, Paalzow L, and Edlund PO (1981) Clonidine kinetics in man-evidence for dose dependency and changed pharmacokinetics during chronic therapy.  Br. J. Clin. Pharmacol. 12: 653-658.",3392889;7332729,PMC1401969,118632730;86059172,100.0,0,2 of 2 distinct cited papers matched in Paperclip.,https://paperclip.gxl.ai/citations/papers/118632730;https://paperclip.gxl.ai/citations/papers/86059172
307,Clopidogrel,"Daniel J Cushing, Paul F Souney, Warren D Cooper Gerald L Mosher,Michael P Adams, Stephen Machatha, Bing Zhang and Peter R Kowey. Pharmacokinetics and platelet aggregation inhibitory effects of a novel intravenous formulation of clopidogrel in humans. Clin. Exp. Pharmacol. Physiol. 2012 39, 3–8.//ppb: https://www.accessdata.fda.gov/drugsatfda_docs/label/2009/020839s044lbl.pdf. Accessed May 8 2017.",21933229,,93823767,100.0,0,1 of 1 distinct cited papers matched in Paperclip. 1 non-paper source segment(s) excluded.,https://paperclip.gxl.ai/citations/papers/93823767
308,Clozapine,"Cheng YF, Lundberg T, Bondesson U, Lindstrom L, and Gabrielsson J (1988) Clinical pharmacokinetics of clozapine in chronic schizophrenic patients. Eur. J. Clin. Pharmacol. 34: 445-449.   Schaber G, Stevens I, Gaertner HJ, Dietz K, and Breyer-Pfaff U (1998) Pharmacokinetics of clozapine and its metabolites in psychiatric patients: plasma protein binding and renal clearance.  Br. J. Clin. Pharmacol. 46: 453-459. ",3203703;9833598,PMC1873700,132117128;140770895,100.0,0,2 of 2 distinct cited papers matched in Paperclip.,https://paperclip.gxl.ai/citations/papers/132117128;https://paperclip.gxl.ai/citations/papers/140770895
309,Cobimetinib,"Luna Musib, Edna Choo, Yuzhong Deng, Steve Eppler, Isabelle Rooney, Iris T. Chan, and Mark J. Dresser. Absolute Bioavailability and Effect of Formulation Change, Food, or
Elevated pH with Rabeprazole on Cobimetinib Absorption in Healthy Subjects. Mol. Pharmaceutics 2013, 10, 4046−4054.//ppb: https://www.accessdata.fda.gov/drugsatfda_docs/label/2015/206192s000lbl.pdf. Accessed May 09, 2017.",24010577,,78232979,100.0,0,1 of 1 distinct cited papers matched in Paperclip. 1 non-paper source segment(s) excluded.,https://paperclip.gxl.ai/citations/papers/78232979
310,Cocaethylene,"Perez-Reyes M, Jeffcoat AR, Myers M, Sihler K, and Cook CE (1994) Comparison in humans of the potency and pharmacokinetics of intravenously injected cocaethylene and cocaine.  Psychopharmacol. 116: 428-432.  Bailey DN (1997) Effect of drugs and cocaine metabolites on cocaine and cocaethylene binding to uman serum in vitro.  Ther. Drug Monit. 19: 427-430.",7701044;9263384,,127216015;139179772,100.0,0,2 of 2 distinct cited papers matched in Paperclip.,https://paperclip.gxl.ai/citations/papers/127216015;https://paperclip.gxl.ai/citations/papers/139179772
311,Cocaine,"Chow MJ, Ambre JJ, Ruo TI, Atkinson AJ, Bowsher DJ, and Fischman MW (1985) Kinetics of cocaine distribution, elimination, and chronotropic effects. Clin. Pharmacol. Ther. 38: 318-324.  Javaid JI, Musa MN, Fischman M, Schuster CR, and Davis JM (1983) Kinetics of cocaine in humans after intravenous and intranasal administration.  Biopharm. Drug Dispos. 4: 9-18.  Edwards DJ and Bowles SK (1988) Protein binding of cocaine in human serum.  Pharm. Res.  5: 440-442.  Parker, Robert B.; Williams, Cheri L.; Laizure, S. Casey; Lima, John J.  Factors affecting serum protein binding of cocaine in humans.    Journal of Pharmacology and Experimental Therapeutics  (1995),  275(2),  605-10.",4028628;6839006;3247314;7473145,,100771838;122515058;141376609;188734598,100.0,0,4 of 4 distinct cited papers matched in Paperclip.,https://paperclip.gxl.ai/citations/papers/100771838;https://paperclip.gxl.ai/citations/papers/122515058;https://paperclip.gxl.ai/citations/papers/141376609;https://paperclip.gxl.ai/citations/papers/188734598
312,Codeine,"Guay DRP, Awni WM, Findlay JWA, Halstenson CE, Abraham PA, Opsahl JA, Jones EC, and Matzke GR (1988) Pharmacokinetics and pharmacodynamics of codeine in end-stage renal disease.  Clin. Pharmacol. Ther. 43: 63-71.  Mohammed SS, Christopher MM, Mehta P, Kedar A, Gross S, and Derendorf H (1993) Increased erythrocyte and protein binding of codeine in patients with sickle cell disease.  J. Pharm. Sci. 82: 1112-1117.",3335120;8289123,,100772149;123909268,100.0,0,2 of 2 distinct cited papers matched in Paperclip.,https://paperclip.gxl.ai/citations/papers/100772149;https://paperclip.gxl.ai/citations/papers/123909268
313,Colchicine,"Ferron GM, Rochdi M, Jusko WJ, and Scherrmann JM (1996) Oral absorption characteristics and pharmacokinetics of colchicine in healthy volunteers after single and multiple doses. J. Clin. Pharmacol. 36: 874-883.  Sabouraud A, Chappey O, Dupin T, and Scherrmann JM (1994)  Binding of colchicine and thiocolchicoside to human serum proteins and blood cells.  Int. J. Clin. Pharmacol. Ther. 32: 429-432.",8930773;7981928,,82084582;188934287,100.0,0,2 of 2 distinct cited papers matched in Paperclip.,https://paperclip.gxl.ai/citations/papers/82084582;https://paperclip.gxl.ai/citations/papers/188934287
314,Combretastatin A4 Phosphate,"Afshin Dowlati, Kelly Robertson, Matthew Cooney, William P. Petros, Michael Stratford, John Jesberger, Niusha Rafie, Beth Overmoyer, Vinit Makkar, Bruce Stambler, Anne Taylor, John Waas, Jonathan S. Lewin, Keith R. McCrae and Scot C. Remick. A Phase I Pharmacokinetic and Translational Study of the Novel Vascular Targeting Agent Combretastatin A-4 Phosphate on a Single-Dose Intravenous Schedule in Patients with Advanced Cancer. Cancer Res. 2002 62, 3408-3416",12067983,,180445698,100.0,0,1 of 1 distinct cited papers matched in Paperclip.,https://paperclip.gxl.ai/citations/papers/180445698
315,Conivaptan,Vaprisol Product Label,,,,,,No identifiable paper citations; non-paper sources excluded.,
316,Copanlisib,"Toshihiko Doi · Nozomu Fuse · Takayuki Yoshino · Takashi Kojima ·
Hideaki Bando · Hideaki Miyamoto · Masato Kaneko · Motonobu Osada ·
Atsushi Ohtsu. A Phase I study of intravenous PI3K inhibitor copanlisib
in Japanese patients with advanced or refractory solid tumors. Cancer Chemother Pharmacol (2017) 79:89–98",27915408,PMC5225172,PMC5225172,100.0,100,1 of 1 distinct cited papers matched in Paperclip.,https://paperclip.gxl.ai/citations/papers/PMC5225172
317,Cositecan,"Stuart A. Grossman, Kathryn A. Carson, Surasak Phuphanich, Tracy Batchelor, David Peereboom, L. Burt Nabors, Glenn Lesser, Fredrick Hausheer, and Jeffrey G. Supko, for the New Approaches to Brain Tumor Therapy CNS Consortium. Phase I and pharmacokinetic study of karenitecin in patients with recurrent malignant gliomas. Neuro-Oncology 10, 608–616, 2008",18577560,PMC2666235,111854669,100.0,0,1 of 1 distinct cited papers matched in Paperclip.,https://paperclip.gxl.ai/citations/papers/111854669
318,Cotinine,"Scherer G, Jarczyk L, Heller WD, Biber A, Neurath GB, and Adlkofer F (1988) Pharmacokinetics of nicotine, cotinine, and 3'-hydroxycotinine in cigarette smokers.  Klin. Wochenschr. 66(Supp 11): 5-11.  Curvall M, Elwin CE, Kazemi-Vala E, Warholm C, and Enzell CR (1990) The pharmacokinetics of cotinine in plasma and saliva from non-smoking healthy volunteers.  Eur. J. Clin. Pharmacol. 38: 281-287. ",3184779;2340848,,184949767;133365459,100.0,0,2 of 2 distinct cited papers matched in Paperclip.,https://paperclip.gxl.ai/citations/papers/184949767;https://paperclip.gxl.ai/citations/papers/133365459
319,Coumarin,"Pharmacokinetics of coumarin and its 7-hydroxy-metabolites upon intravenous and peroral administration of coumarin in man. Ritschel, W. A.; Brady, M. E.; Tan, H. S. I.; Hoffmann, K. A.; Yiu, I. M.; Grummich, K. W. European Journal of Clinical Pharmacology (1977), 12(6), 457-461. ppb: Loren M. Berry, Chao Li, and Zhiyang Zhao. Species Differences in Distribution and Prediction of Human Vss from Preclinical Data Drug Metab. Disp. 2011, 39, 2103-2106.",598421;21852367,,133401806;94292232,100.0,0,2 of 2 distinct cited papers matched in Paperclip.,https://paperclip.gxl.ai/citations/papers/133401806;https://paperclip.gxl.ai/citations/papers/94292232
320,CP-4055,"Dueland, Svein; Aamdal, Steinar; Lind, Michael J.; Thomas, Hilary; Liland Sandvold, Marit; Gaullier, Jean-Michel;Rasch, Wenche. Intravenous administration of CP-4055 (ELACYT) in patients with solid tumours. A phase I study.  Acta Oncol. 2009, 48, 137-145.",18607882,,111611636,100.0,0,1 of 1 distinct cited papers matched in Paperclip.,https://paperclip.gxl.ai/citations/papers/111611636
321,CP-65207,"Pharmacokinetics of the Penem CP-65,207 and Its Separate Stereoisomers in Humans G. FOULDS,l A. K. KNIRSCH, J. D. LAZAR, T. G. TENSFELDT, AND N. GERBER. Antimicr. Agents Chemother. 1991, 35, 665-671.//ppb: Thomas Gootz, Dennis Girard, William Schelkley, Thomas Tensfeldt, George Foulds, Michael Kellogg, John Stam, Benedict Campbell1f, John Jasys, Paul Kelbaugh, Robert Volkmann and Ernest Hamanaka. PHARMACOKINETIC STUDIES IN ANIMALS OF A NEW PARENTERAL PENEM CP-65,207 AND ITS ORAL PRODRUG ESTER. J. Antibiot. 1990, 43, 422-432",2069372;2351614,PMC245076,87004948;91439685,100.0,0,2 of 2 distinct cited papers matched in Paperclip.,https://paperclip.gxl.ai/citations/papers/87004948;https://paperclip.gxl.ai/citations/papers/91439685
322,CPW 86-363,"U. GANZINGER, F. SCHATZ, H. HABERL, A. HASLBERGER, H. SCHIEL, G. HiTZENBERGER. Comparative pharmacokinetic analysis of latamoxef and CPW 86-363, a novel carboxy-pyrazol-cephalosporine and formation of N-methyl-thiotetrazole. Int. J. Clin. Pharmacol., Ther. and Toxicol., 1987,  25, 152-156.",3557743,,185282069,100.0,0,1 of 1 distinct cited papers matched in Paperclip.,https://paperclip.gxl.ai/citations/papers/185282069
323,Crizotinib,"Huiping Xu, P, Melissa O’Gorman, Tanya Boutros, Nicoletta Brega,  Constantino Kantaridis,  Weiwei Tan, Akintunde Bello. Evaluation of Crizotinib Absolute Bioavailability, the Bioequivalence of
Three Oral Formulations, and the Effect of Food on Crizotinib Pharmacokinetics in Healthy Subjects. J. Clin. Pharmacol., 2104, 55, 104–113.//ppb: https://www.accessdata.fda.gov/drugsatfda_docs/label/2013/202570s009lbl.pdf. Accessed, July 12 2017.",24990113,,72720105,100.0,0,1 of 1 distinct cited papers matched in Paperclip. 1 non-paper source segment(s) excluded.,https://paperclip.gxl.ai/citations/papers/72720105
324,CUDC-101,"Toshio Shimizu, Patricia M. LoRusso, Kyri P. Papadopoulos, Amita Patnaik, Muralidhar Beeram, Lon S. Smith, Drew W. Rasco, Theresa A. Mays, Glenda Chambers, Anna Ma, Jing Wang, Robert Laliberte, Maurizio Voi, Anthony W. Tolcher. Phase I First-in-Human Study of CUDC-101, a Multitargeted Inhibitor of HDACs, EGFR, and HER2 in Patients with Advanced Solid Tumors. Clin. Cancer Res. 2014, 20, 5032–5040.",25107918,,71233095,100.0,0,1 of 1 distinct cited papers matched in Paperclip.,https://paperclip.gxl.ai/citations/papers/71233095
325,Cyanamide,"R. OBACH, J. TORRENT, H. COLOM, J. PRUGONOSA, C. PERAIRE AND
J. DOMENECH. PHARMACOKINETICS AND ORAL BIOAVAILABILITY OF CARBIMIDE IN MAN. BIOPHARMACEUTICS & DRUG DISPOSITION, VOL. 12, 425434 (1991)",1932606,,122047227,100.0,0,1 of 1 distinct cited papers matched in Paperclip.,https://paperclip.gxl.ai/citations/papers/122047227
326,Cyclizine,"R.B. Walker , I. Kanfer.  Pharmacokinetics of cyclizine following intravenous administration to human volunteers.  Eur. J. Pharm. Sci. 1996, 4, 301-306.",,,,0.0,0,0 of 1 distinct cited papers matched in Paperclip. Unmatched citations: Pharmacokinetics of cyclizine following intravenous administration to human volunteers.,
327,Cyclopentenyl cytosine,"Pedro M. Politi , Fuming Xie , William Dahut, Harry Ford, Jr. , James A. Kelley , Anne Bastian, Ann Setser , Carmen J. Allegra , Alice P. Chert, J. Michael Hamilton , Susan F. Arbuck, Peter Linz , Harry Brammer , Jean L. Grem. Phase I clinical trial of continuous infusion cyclopentenyl cytosine. Cancer Chemother Pharmacol (1995) 36:513 523.",7554044,,133131348,100.0,0,1 of 1 distinct cited papers matched in Paperclip.,https://paperclip.gxl.ai/citations/papers/133131348
328,Cyclophosphamide,"Juma FD, Rogers HJ, and Trounce JR (1979) Pharmacokinetics of cyclophosphamide and alkylating activity in man after intravenous and oral administration. Br. J. Clin. Pharmacol. 8: 209-217.  Juma FD, Rogers HJ, and Trounce JR (1979) The kinetics of salivary elimination of cyclophosphamide in man.  Br. J. Clin. Pharmacol. 8: 455-458.",508550,PMC1429824,87657856,50.0,0,1 of 2 distinct cited papers matched in Paperclip. Unmatched citations: Pharmacokinetics of cyclophosphamide and alkylating activity in man after intravenous and oral administration.,https://paperclip.gxl.ai/citations/papers/87657856
329,Cyclosporine,"Legg B, Gupta SK, Rowland M, Johnson RWG, and Solomon LR (1988) Cyclosporin: pharmacokinetics and detailed studies of plasma and erythrocyte binding during intravenous and oral administration.  Eur. J. Clin. Pharmacol. 34: 451-460.  Min DI, Lee M, Ku YM, and Flanigan M (2000) Gender-dependent racial difference in disposition of cyclosporine among healthy African American and white volunteers.  Clin. Pharmacol. Ther. 68: 478-486.   ",3203704;11103750,,132117129;142949527,100.0,0,2 of 2 distinct cited papers matched in Paperclip.,https://paperclip.gxl.ai/citations/papers/132117129;https://paperclip.gxl.ai/citations/papers/142949527
330,CYT997," Phase I trial of CYT997, a novel cytotoxic and vascular-disrupting agent. Lickliter, J. D.; Francesconi, A. B.; Smith, G.; Burge, M.; Coulthard, A.; Rose, S.; Griffin, M.; Milne, R.; McCarron, J.; Yeadon, T.; et al. British Journal of Cancer (2010), 103(5), 597-606",20733579,PMC2938266,PMC2938266,100.0,100,1 of 1 distinct cited papers matched in Paperclip.,https://paperclip.gxl.ai/citations/papers/PMC2938266
331,Cytarabine,"Breithaupt H et al.,  Clinical results and pharmacokinetics of high-​dose cytosine arabinoside (HD ARA-​C). Cancer, 1982, 50, 1248-1257. ppb: Van Prooijen, H. C.; Vierwinden, G.; Wessels, J.; Haanen, C. Cytosine arabinoside binding to human plasma proteins. Arch. Int. Pharmacodyn. Ther. 1977, 229, 199-205.",7104969;596974,,123607602;187879714,100.0,0,2 of 2 distinct cited papers matched in Paperclip.,https://paperclip.gxl.ai/citations/papers/123607602;https://paperclip.gxl.ai/citations/papers/187879714
332,Dabigatran,"Blech S, Ebner T, Ludwig-Schwellinger E, et al. The Metabolism and Disposition of the Oral Direct Thrombin Inhibitor, Dabigatran, in Humans. Drug Metabol Disp 2008, 36, 386-399.",18006647,,116921981,100.0,0,1 of 1 distinct cited papers matched in Paperclip.,https://paperclip.gxl.ai/citations/papers/116921981
333,Dabrafenib,"Denton CL, Minthorn E, Carson SW, Young GC, Richards-Peterson LE, Botbyl J, Han C, Morrison RA, Blackman SC, Ouellet D. Concomitant Oral and Intravenous Pharmacokinetics of Dabrafenib, a BRAF Inhibitor, in Patients With BRAF V600 Mutation‐Positive Solid Tumors. J. Clin. Pharmacol. 2013, 53, 955-961.//ppb reported in PDR as 99.7%. https://www.pdr3d.com/detail.php?c=167028#section-13. Accessed August 4 2016.",23846776,,79465107,100.0,0,1 of 1 distinct cited papers matched in Paperclip. 1 non-paper source segment(s) excluded.,https://paperclip.gxl.ai/citations/papers/79465107
334,Dacarbazine,"Loo TL, Housholder GE, Gerulath AH, Saunders PH, and Farquhar D (1976) Mechanism of action and pharmacology studies with DITC (NSC-45388) Canc. Treatment Rep. 60: 149-152.  DITC-DOME Product Label",,,,0.0,0,0 of 1 distinct cited papers matched in Paperclip. 1 non-paper source segment(s) excluded. Unmatched citations: Treatment Rep.,
335,Dacinostat,"Johann S. de Bono, Rebecca Kristeleit, Anthony Tolcher,  Peter Fong, Simon Pacey, Vasilios Karavasilis,Monica Mita, Heather Shaw, Paul Workman, Stan Kaye, Eric K. Rowinsky, WynneAherne, Peter Atadja, Jeffrey W. Scott, and Amita Patnaik. Phase I Pharmacokinetic and Pharmacodynamic Study of LAQ824, a Hydroxamate Histone Deacetylase Inhibitor w itha Heat Shock Protein-90 Inhibitory Profile, in Patients with Advanced Solid Tumors. Clin Cancer Res. 2008, 14, 6663-6673",18927309,,110816609,100.0,0,1 of 1 distinct cited papers matched in Paperclip.,https://paperclip.gxl.ai/citations/papers/110816609
336,Daclatasvir,DAKLINZA. PDR prescribing information. http://pdr3d.com/detail.php?c=159566#section-12. Accessed October 16 2015.,,,,,,No identifiable paper citations; non-paper sources excluded.,
337,Dalbavancin,"Leighton A, Gottlieb AB, Dorr MB, Jabes D, Mosconi G, VanSaders C, Mroszczak EJ, Campbell KCM, and Kelly E (2004) Tolerability, pharmacokinetics, and serum bactericidal activity of intravenous dalbavancin in healthy volunteers.  Antimic. Agents Chemother. 48: 940-945.   Jabés D, Candiani G, Romanó G, Brunati C, Riva S, and Cavaleri M (2004) Efficacy of Dalbavancin against Methicillin-Resistant Staphylococcus aureus in the Rat Granuloma Pouch Infection Model.  Antimicrob. Agents Chemother. 48: 1118-1123.",14982787;15047510,PMC353075;PMC375267,136867065;136134756,100.0,0,2 of 2 distinct cited papers matched in Paperclip.,https://paperclip.gxl.ai/citations/papers/136867065;https://paperclip.gxl.ai/citations/papers/136134756
338,Dalfampridine,"Donald R. A. Uges, Pharm.D., Yung Jai Sohn, M.D.,* Ben Greijdanus,Arnold H. J. Scat, Ph.D., Sandor Agoston, M.D., Ph.D. 4-Aminopyridine kinetics. Clin. Pharmacol. Ther. 1982, 31, 587-593.",,,,0.0,0,0 of 1 distinct cited papers matched in Paperclip. Unmatched citations: 4-Aminopyridine kinetics.,
339,Dalfopristin,"Chevalier P, Rey J, Pasquier O, Rouzier-Panis R, Harding N, and Montay G (2001) Multiple-dose pharmacokinetics and safety of two regimens of quinupristine/dalfopristin (Synercid) in healthy volunteers.  J. Clin. Pharmacol. 41: 404-414.  Bergeron M and Montay G (1997) The pharmacokinetics of quinupristin/dalfopristin in laboratory animals and in humans.  J. Antimic. Chemother. 39(Supp. 1): 129-138.  Bearden DT (2004)  Clinical pharmacokinetics of quinupristin/dalfopristin.  Clin. Pharmacokinet. 43: 239-252.",11304897;9511077;15005638,,138657482;160272849;126506064,100.0,0,3 of 3 distinct cited papers matched in Paperclip.,https://paperclip.gxl.ai/citations/papers/138657482;https://paperclip.gxl.ai/citations/papers/160272849;https://paperclip.gxl.ai/citations/papers/126506064
340,Danazol,"Sunesen VH, Vedelsdal R, Kristensen HG, Christrup L, Müllertz A. Effect of liquid volume and food intake on the absolute bioavailability of danazol, a poorly soluble drug. Eur J Pharm Sci. 2005 24, 297-303.",15734296,,132261353,100.0,0,1 of 1 distinct cited papers matched in Paperclip.,https://paperclip.gxl.ai/citations/papers/132261353
341,Danoprevir,"Barbara J. Brennan, Agne`s Poirier, Sebastian Moreira, Peter N. Morcos, Petra Goelzer,  Rene´e Portmann, Jiney Asthappan, Christoph Funk, Patrick F. Smith.Characterization of the Transmembrane Transport and Absolute Bioavailability of the HCV Protease Inhibitor Danoprevir. Clin. Pharmacokin. 2015, 54, 237-249.//ppb: Gane EJ, Rouzier R, Stedman C, Wiercinska-Drapalo A, Horban A, Chang L, Zhang Y, Sampeur P, Nájera I, Smith P, Shulman NS, Tran JQ.Antiviral activity, safety, and pharmacokinetics of danoprevir/ritonavir plus PEG-IFN α-2a/RBV in hepatitis C patients. J Hepatol. 2011, 55, 972-979.",25488594;21354234,,69030703;96921833,100.0,0,2 of 2 distinct cited papers matched in Paperclip.,https://paperclip.gxl.ai/citations/papers/69030703;https://paperclip.gxl.ai/citations/papers/96921833
342,Dantrolene,"Podranski T, Boullion T, Schumacher PM, Taguchi A, Sessler DI, and Kurz A (2005) Compartmental pharmacokinetics of dantrolene in adults: do malignant hyperthermia association dosing guidelines work? Anesth. Analg.  101: 1695-1699. ",16301243,,127319657,100.0,0,1 of 1 distinct cited papers matched in Paperclip.,https://paperclip.gxl.ai/citations/papers/127319657
343,Danusertib,"Weighted data digitized from Fig. 1B (N=12, dose 500 mg/m2 (12.5 mg/kg) 24h i.v. infusion) and Fig. 1C (N=6, dose 750 mg/m2 (18.75 mg/kg) 24h i.v. infusion) in Cohen, Roger B.; Jones, Suzanne F.; Aggarwal, Charu; von Mehren, Margaret; Cheng, Jonathan; Spigel, David R.; Greco, F. Anthony; Mariani, Mariangela; Rocchetti, Maurizio; Ceruti, Roberta; Comis, Silvia; Laffranchi, Bernard; Moll, Jurgen; Burris, Howard A.  A Phase I Dose-Escalation Study of Danusertib (PHA-739358) Administered as a 24-Hour Infusion with and without Granulocyte Colony-Stimulating Factor in a 14-Day Cycle in Patients with Advanced Solid Tumors.   Clinical Cancer Research  (2009),  15(21),  6694-6701.",19825950,PMC2826106,106908163,100.0,0,1 of 1 distinct cited papers matched in Paperclip.,https://paperclip.gxl.ai/citations/papers/106908163
344,Dapagliflozin,"Simultaneous oral therapeutic and intravenous 14C-microdoses to determine the absolute oral bioavailability of saxagliptin and dapagliflozin Boulton, David W.; Kasichayanula, Sreeneeranj; Keung, Chi Fung; Arnold, Mark E.; Christopher, Lisa J.; Xu, Xiaohui; LaCreta, Frank  British Journal of Clinical Pharmacology (2013), 75(3), 763-768. ",22823746,PMC3575942,86062332,100.0,0,1 of 1 distinct cited papers matched in Paperclip.,https://paperclip.gxl.ai/citations/papers/86062332
345,Dapsone,Pieters FAMJ and Zuidema J (1987) The absolute bioavailability of dapsone in dogs and humans.  Int. J. Clin. Pharmacol. Ther. Toxicol. 25: 396-400.  Biggs JT and Levy L (1971)  Binding of dapsone and monacetyldapsone by human plasma proteins.  Proc. Soc. Exp. Biol. Med. 137: 692-695.,3623744,,185346378,50.0,0,1 of 2 distinct cited papers matched in Paperclip. Unmatched citations: Binding of dapsone and monacetyldapsone by human plasma proteins.,https://paperclip.gxl.ai/citations/papers/185346378
346,Daptomycin,"Dvorchik BH, Brazier D, DeBruin MF, and Arbeit RD (2003)  Daptomycin pharmacokinetics and safety following administration of escalating doses once daily to healthy subjects. Antimic. Agents Chemother. 47: 1318-1323.  Woodworth JR, Nyhart EH, Brier GL, Wolny JD, and Black HR (1992) Single dose pharmacokinetics and antibacterial activity of daptomycin, a new lipopeptide antibiotic, in healthy volunteers.  Antimic. Agents Chemother. 36: 318-325.  Benvenuto M, Benzinger DP, Yankelev S, and Vigliani G (2006) Pharmacokinetics and tolerability of daptomycin at doses up to 12 milligrams per kilogram of body weight once daily in healthy volunteers.  Antimic. Agents Chemother. 50: 3245-3249.",12654665;1318678;17005801,PMC152488;PMC188435;PMC1610083,140089555;89292327;122241796,100.0,0,3 of 3 distinct cited papers matched in Paperclip.,https://paperclip.gxl.ai/citations/papers/140089555;https://paperclip.gxl.ai/citations/papers/89292327;https://paperclip.gxl.ai/citations/papers/122241796
347,Darapladib,"Mehul Dave, Mike Nash, Graeme C. Young, Harma Ellens, Mindy H. Magee, Andrew D. Roberts, Maxine A. Taylor, Robert W. Greenhill, and Gary W. Boyle. Disposition and Metabolism of Darapladib, a Lipoprotein-Associated Phospholipase A2 Inhibitor, in Humans. Drug Metab Dispos 2014, 42:415–430.",24378325,,76082626,100.0,0,1 of 1 distinct cited papers matched in Paperclip.,https://paperclip.gxl.ai/citations/papers/76082626
348,Darifenacin,Skerjanec A (2006) The clinical pharmacokinetics of darifenacin.  Clin. Pharmacokinet. 45: 325-350.  Enablex Product Label.,16584282,,125059780,100.0,0,1 of 1 distinct cited papers matched in Paperclip. 1 non-paper source segment(s) excluded.,https://paperclip.gxl.ai/citations/papers/125059780
349,Darunavir,PDR. Accessed February 20 2013. http://www.pdr3d.com/detail.php?c=80691#section-13,,,,,,No identifiable paper citations; non-paper sources excluded.,
350,Dasabuvir,PDR http://www.pdr3d.com/detail.php?c=186040#section-12. Accessed August 9 2016. Table 6.,,,,,,No identifiable paper citations; non-paper sources excluded.,
351,Daunorubicin,"Aquilur Rahman, Anita Goodman, Wayne Foo, Jimmie Harvey, Frederick P. Smith, and Philip S. Schein.  Clinical Pharmacology of Daunorubidn in Phase I Patients With Solid Tumors: Development of an Analytical Methodology for Daunorubicin and Its Metabolites. Sem. Oncol.,  1984, 11, 36-44.//ppb: Gillian Whitaker, Amy Lillquist, Stephanie A. Pasas, Robert O'Connor, Fiona Regan,Craig E. Lunte, Malcolm R. Smyth. CE-LIF method for the separation of anthracyclines: Application to protein binding analysis in plasma using ultrafiltration. J. Sep. Sci. 2008, 31, 1828 – 1833.",18461567,PMC2519822,112560049,50.0,0,1 of 2 distinct cited papers matched in Paperclip. Unmatched citations: Clinical Pharmacology of Daunorubidn in Phase I Patients With Solid Tumors: Development of an Analytical Methodology for Daunorubicin and Its Metabolites.,https://paperclip.gxl.ai/citations/papers/112560049
352,Deacetyl metipranolol,"U. Abshagen, G. Betzien, B. Kaufmann, G. Endele. Pharmacokinetics of Metipranolol in normal man. Eur. J. Clin. Pharmacol, 1982, 21, 293-301.",6120080,,133762319,100.0,0,1 of 1 distinct cited papers matched in Paperclip.,https://paperclip.gxl.ai/citations/papers/133762319
353,Decitabine,"van Groeningen CJ, Leyva A, O'Brien AMP, Gall HE, and Pinedo HM (1986) Phase I and pharmacokinetic study of 5-aza-2'-deoxycytidine (NSC 127716) in cancer patients.  Cancer Res. 46: 4831-4836.  Dacogen Product Label.",2425959,,183989543,100.0,0,1 of 1 distinct cited papers matched in Paperclip. 1 non-paper source segment(s) excluded.,https://paperclip.gxl.ai/citations/papers/183989543
354,Deferasirox,"Sechaud R et al. Absolute oral bioavailability and disposition of deferasirox in healthy human subjects. J. Clin. Pharmacol. 2008, 48, 919-925. ppb: H. Markus Weiss, Marcel Fresneau, Gian P. Camenisch, Olivier Kretz, and Gerhard Gross, IN VITRO BLOOD DISTRIBUTION AND PLASMA PROTEIN BINDING OF THE IRON CHELATOR DEFERASIROX (ICL670) AND ITS IRON COMPLEX FE-[ICL670]2 FOR RAT, MARMOSET, RABBIT, MOUSE, DOG, AND HUMAN. Drug Metab Disp, 2006, 34, 971-975.",18508948;16531476,,112524409;126563613,100.0,0,2 of 2 distinct cited papers matched in Paperclip.,https://paperclip.gxl.ai/citations/papers/112524409;https://paperclip.gxl.ai/citations/papers/126563613
355,Deferolimus,"Hartford CM et al. A Phase I trial to determine the safety, tolerability, and maximum tolerated dose of deferolimus in patients with advanced malignancies. Clin. Cancer Res. 2009, 15, 1428-1434. ",19228743,PMC3147153,108378066,100.0,0,1 of 1 distinct cited papers matched in Paperclip.,https://paperclip.gxl.ai/citations/papers/108378066
356,Degarelix,"Australian Public Assessment Report for Degarelix. Therapeutic Goods Administration , Department of Health and Ageing, Australian Goverment
Health Safety Regulation (May 2010) (AusPAR Firmagon Degarelix Ferring Pharmaceuticals Pty Ltd PM-2008-2254-4 Date of Finalisation 16 February 2010)",,,,,,No identifiable paper citations; non-paper sources excluded.,
357,Dehydroandrographolide succinate,"Shuijun Li , DingYang, MengqiZhang, JuzhenZhou, RuiLi , ChuanLua, YunLiua YanmeiLiua
Yiping Wang, ChenYua. Determination of dehydroandrographolide succinate in humanplasma by liquid
chromatography tandem mass spectrometry(LC–MS/MS): Method development
validation and clinical pharmacokinetic study. Journal of Chromatography B, 878 (2010) 2274–2279.",20638916,,101181372,100.0,0,1 of 1 distinct cited papers matched in Paperclip.,https://paperclip.gxl.ai/citations/papers/101181372
358,Delafloxacin,"Randall Hoover; Thomas Hunt; Michael Benedict; Susan K. Paulson; Laura Lawrence; Sue Cammarata and Eugene Sun. Safety, Tolerability,and Pharmacokinetic Properties of
Intravenous Delafloxacin After Single and Multiple Dosesin Healthy Volunteers. Clin. Ther. 2016, 38, 53-65. // ppb: https://www.accessdata.fda.gov/drugsatfda_docs/label/2017/208610s000,208611s000lbl.pdf.",26718605,,61230811,100.0,0,1 of 1 distinct cited papers matched in Paperclip. 1 non-paper source segment(s) excluded.,https://paperclip.gxl.ai/citations/papers/61230811
359,Delorazepam (Chlordesmethyldiazepam),"Bareggi SR, Pirola R, Potvin P, and Devis G (1995) Effects of liver disease on the pharmacokinetics of intravenous and oral chlordesmethyldiazepam.  Eur. J. Clin. Pharmacol. 48: 265-268.  Sennesael J, Verbeelen D, Vanhaelst L, Pirola R, and Bareggi SR (1991) Pharmacokinetics of intravenous and oral chlordesmethyldiazepam in patients on regular haemodialysis.  Eur. J. Clin. Pharmacol. 41:65-68.  Lucek RW and Coutinho CB (1976) The role of substituents in the hydrophobic binding of the 1,4-benzodiazepines by human plasma proteins.   Molec. Pharmacol.  12: 612-619.",7589052;1782980,,134155708;133623016,66.67,0,"2 of 3 distinct cited papers matched in Paperclip. Unmatched citations: The role of substituents in the hydrophobic binding of the 1,4-benzodiazepines by human plasma proteins.",https://paperclip.gxl.ai/citations/papers/134155708;https://paperclip.gxl.ai/citations/papers/133623016
360,Demethylchlortetracycline,"Kunin, CM, Darnbush AC, and Finland M. Distribution and excretion of four tetracycline analogs in normal young men.  J. Clin. Invest. 1959, 38, 1950-63.",,,,0.0,0,0 of 1 distinct cited papers matched in Paperclip. Unmatched citations: Distribution and excretion of four tetracycline analogs in normal young men.,
361,Denaverine,"Staab A, Schug BS, Larsimont V, Elze M, Thummler D, Mutschler E, and Blume H (2003) Pharmacokinetics and bioavailability of denaverine hydrochloride in healthy subjects following intravenous, oral, and rectal single doses.  Eur. J. Pharm. Sci. 18: 121-128.",12594004,,141053711,100.0,0,1 of 1 distinct cited papers matched in Paperclip.,https://paperclip.gxl.ai/citations/papers/141053711
362,Deoxycytidine-5F-2',"Edward M. Newman · Robert J. Morgan · Shivaani Kummar · Jan H. Beumer · M. Suzette Blanchard ·
Christopher Ruel · Anthony B. El‑Khoueiry · Mary I. Carroll · Jessie M. Hou · Chun Li · Heinz J. Lenz ·
Julie L. Eiseman · James H. Doroshow. A phase I, pharmacokinetic, and pharmacodynamic evaluation of the DNA methyltransferase inhibitor 5‑fluoro‑2′‑deoxycytidine, administered with tetrahydrouridine. Cancer Chemother. Pharmacol. 2015, ",25567350,PMC4344391,68138286,100.0,0,1 of 1 distinct cited papers matched in Paperclip.,https://paperclip.gxl.ai/citations/papers/68138286
363,Deramciclane,"Risto Huupponen, Outi Paija, Markku Salonen, Harry Bjorklund, Juha Rouru,  Markku Anttila. Pharmacokinetics of Deramciclane, a Novel Anxiolytic Agent, after Intravenous and Oral Administration. Drugs R&D 2003; 4 (6): 339-345. //ppb: J . VISY, I. FITOS, G. MADY, M . SIMONYI AND I. KLEBOVICH. Plasma Protein Binding of Deramciclane in Different Species. Pharm. Sci. 1996, 2, 315-318.",14584962,,126507792,50.0,0,1 of 2 distinct cited papers matched in Paperclip. Unmatched citations: Plasma Protein Binding of Deramciclane in Different Species.,https://paperclip.gxl.ai/citations/papers/126507792
364,"Desacetylpaclitaxel, 4-; 4-methyl carbonate","du Bois A, Jung B, Loehr A, Schaller-Kranz T, Cohen M, Frickhofen N (2006) A phase I and pharmacokinetic study of novel taxane BMS-188797 and cisplatin in patients with advanced solid tumours.  Br. J. Cancer. 94: 79-84.",16333310,PMC2361071,PMC2361071,100.0,100,1 of 1 distinct cited papers matched in Paperclip.,https://paperclip.gxl.ai/citations/papers/PMC2361071
365,Desferrioxamine,"P. LEE, N. MOHAMMED, L. MARSHALL, A. D. ABEYSINGHE, A. C. HIDER, J. B. PORTER, AND S. SINGH. INTRAVENOUS INFUSION PHARMACOKINETICS OF DESFERRIOXAMINE IN
THALASSAEMIC PATIENTS. Drug Metab. Disp. 1993, 21, 640-644.",8104123,,188988223,100.0,0,1 of 1 distinct cited papers matched in Paperclip.,https://paperclip.gxl.ai/citations/papers/188988223
366,Desipramine,"Ciraulo DA, Barnhill JG, and Jaffe JH (1988) Clinical pharmacokinetics of imipramine and desipramine in alcoholics and normal volunteers.  Clin. Pharmacol. Ther.  43: 509-518.  Brosen K and Gram LF (1988) First-pass metabolism of imipramine and desipramine: impact of the sparteine oxidation phenotype.  Clin. Pharmacol. Ther.  43: 400-406.  Nyberg G and Maartensson E (1984)  Determination of free fractions of tricyclic antidepressants.  Naunyn-Sch. Arch. Pharmacol. 327: 260-265.",3365915;3356084;6493364,,100054244;100772220;133420482,100.0,0,3 of 3 distinct cited papers matched in Paperclip.,https://paperclip.gxl.ai/citations/papers/100054244;https://paperclip.gxl.ai/citations/papers/100772220;https://paperclip.gxl.ai/citations/papers/133420482
367,Desmethyldiazepam,"Klotz U, Antonin KH, Brugel H, and Bieck PR (1977) Disposition of diazepam and its major metabolite desmethyldiazepam in patients with liver disease.  Clin. Pharmacol. Ther. 21: 430-436.  Lucek RW and Coutinho CB. (1976) The role of substituents in the hydrophobic binding of the 1,4-benzodiazepines by human plasma proteins.  Molec. Pharmacol. 12: 612-619.",321178,,61705577,50.0,0,"1 of 2 distinct cited papers matched in Paperclip. Unmatched citations: The role of substituents in the hydrophobic binding of the 1,4-benzodiazepines by human plasma proteins.",https://paperclip.gxl.ai/citations/papers/61705577
368,Desmopressin,"Rembratt A, Graugaard-Jensen C, Senderovitz T, Norgaard, JP, and Djurhuus JC (2004) Pharmacokinetics and pharmacodynamics of desmopressin administered orally versus intravenously at daytime versus night-time in healthy men aged 55-70 years. Eur. J. Clin. Pharmacol.  60: 397-402.",15197520,,134781633,100.0,0,1 of 1 distinct cited papers matched in Paperclip.,https://paperclip.gxl.ai/citations/papers/134781633
369,Desvenlafaxine,"Nichols, Alice I.; Behrle, Jessica A.; Richards, Lyette S.; Parker, Vernon D.; Posener, Joel A.; Fruncillo, Richard; Paul, Jeffrey The absolute bioavailability of desvenlafaxine in healthy subjects. Journal of Bioequivalence & Bioavailability (2012), 4(2), 18-23.   ",,,,0.0,0,"0 of 1 distinct cited papers matched in Paperclip. Unmatched citations: Nichols, Alice I.; Behrle, Jessica A.; Richards, Lyette S.; Parker, Vernon D.; Posener, Joel A.; Fruncillo, Richard; Paul, Jeffrey The absolute bioavailability of desvenlafaxine in healthy subjects.",
370,Dexamethasone,"Rose JQ, Yurchak AM, Meikle AW, and Jusko WJ (1981) Effect of smoking on prednisone, prednisolone, and dexamethasone pharmacokinetics.  J. Pharmacokinet. Biopharm. 9: 1-14.  Tsuei SE, Moore RG, Ashley JJ, and McBride WG (1979) Disposition of synthetic glucocorticoids. I. Pharmacokinetics of dexamethasone in healthy adults.  J. Pharmacokinet. Biopharm. 7: 249-264.",7229914;480147,,131710699;131374008,100.0,0,2 of 2 distinct cited papers matched in Paperclip.,https://paperclip.gxl.ai/citations/papers/131710699;https://paperclip.gxl.ai/citations/papers/131374008
371,Dexanabinol,"Brewster, M. E.; Pop, E.; Foltz, R. L.; Reuschel, S.; Griffith, W.; Amselem, S.; Biegon, A. Clinical pharmacokinetics of escalating i.v. doses of dexanabinol (HU-211 ), a neuroprotectant agent, in normal volunteers. International Journal of Clinical Pharmacology and Therapeutics, 1997, 35, 361-365.",9314087,,189447044,100.0,0,1 of 1 distinct cited papers matched in Paperclip.,https://paperclip.gxl.ai/citations/papers/189447044
372,Dexfenfluramine,"Cheymol G, Weissenburger J., Poirier JM, Gellee C. (1995) The pharmacokinetics of dexfenfluramine in obese and non-obese subjects.  Br. J. Clin. Pharmacol. 39: 684-687.  De la Torre R, Farre M, Navarro M, Pacifici R,  Zuccaro P, and Pichini S (2004) Clinical pharmacokinetics of amfetamine and related substances: monitoring in conventional and non-conventional matrices.  Clin. Pharmacokinet. 43: 157-185.",7654489;14871155,PMC1365083,188804415;126873898,100.0,0,2 of 2 distinct cited papers matched in Paperclip.,https://paperclip.gxl.ai/citations/papers/188804415;https://paperclip.gxl.ai/citations/papers/126873898
373,Dexloxiglumide,"Webber C, Roth A, Persiani S, Peard AJ, Makovec F, Kapil RP, John BA, Holding JD, D'Amato M, Cybulski, ZR, Chasseaud LF, and Rovati LC (2003) Pharmacokinetics and metabolism of the cholecystokinin antagonist dexloxiglumide in male human subjects.  Xenobiotica  33: 625-641.",12851039,,135785836,100.0,0,1 of 1 distinct cited papers matched in Paperclip.,https://paperclip.gxl.ai/citations/papers/135785836
374,Dexmedetomidine,"Anttila A, Penttila J, Helminen A, Vuorilehto L, and  Scheinin H (2003)  Bioavailability of dexmedetomidine after extravascular doses in healthy subjects. Br. J. Clin. Pharmacol. 56: 691-693.  Precedex Product Label.",14616431,PMC1884292,137561795,100.0,0,1 of 1 distinct cited papers matched in Paperclip. 1 non-paper source segment(s) excluded.,https://paperclip.gxl.ai/citations/papers/137561795
375,Dexmethylphenidate,PDR. Accessed February 20 2013. http://www.pdr3d.com/detail.php?c=64365#section-3. ,,,,,,No identifiable paper citations; non-paper sources excluded.,
376,Dexniguldipine,"Goedhals L, Bezwoda WR, Abratt RP, Rathgeb F, Goebel KJ, and Wurst W (1995) Bioavailability and pharmacokinetic characteristics of dexniguldipine-HCl, a new anticancer drug.  Int. J. Clin. Pharmacol. Ther. 33: 664-669.      ",8963484,,189319349,100.0,0,1 of 1 distinct cited papers matched in Paperclip.,https://paperclip.gxl.ai/citations/papers/189319349
377,Dexrazoxane,"Rosing H, Ten Bokkel Huinink WW, Van Gijn R, Rombouts RFM, Bult A, and Beijnen JH (1999) Comparative open, randomized, cross-over bioequivalence study of two intravenous dexrazoxane formulations (Cardioxane and ICRF-187) in patients with advanced breast cancer, treated with 5-fluorouracil-doxorubicin-cyclophosphamide (FDC).  Eur. J. Drug Metab. Pharmacokinet. 24: 69-77.  Zinecard Product Label.",10412894,,100195828,100.0,0,1 of 1 distinct cited papers matched in Paperclip. 1 non-paper source segment(s) excluded.,https://paperclip.gxl.ai/citations/papers/100195828
378,Dextromoramide,"Lancon J.P.; Pechinot A.; D'athis P.; Pechinot M.; Pointaire P.; Obadia J.F.; Caillard B. Dextromoramide pharmacokinetics in surgical patients. Ann. Fr. Anesth. Reanim. 1989, 8, 488-492.",,,,0.0,0,0 of 1 distinct cited papers matched in Paperclip. Unmatched citations: Dextromoramide pharmacokinetics in surgical patients.,
379,Dezocine,"Wilson JM, Cohen RI, Kezer EA, Schange SJ, Smith ER. Single- and multiple-dose pharmacokinetics of dezocine in patients with acute or chronic pain.J Clin Pharmacol. 1995 Apr;35(4):398-403.",7650230,,81890765,100.0,0,1 of 1 distinct cited papers matched in Paperclip.,https://paperclip.gxl.ai/citations/papers/81890765
380,DHA Paclitaxel,"Sparreboom A, Wolff AC, Verweij J, Zabelina Y, van Zomeren DM, McIntire GL, Swindell CS, Donehower RC, and Baker SD (2003) Disposition of docosahaenoic acid-paclitaxel, a novel taxane, in blood: in vitro and clinical pharmacokinetic studies.  Clin. Cancer Res. 9: 151-159.",12538463,,180591353,100.0,0,1 of 1 distinct cited papers matched in Paperclip.,https://paperclip.gxl.ai/citations/papers/180591353
381,Diatrizoic Acid (Amidotrizoate),"Feldman S, Hayman LA, and Hulse M (1984) Pharmacokinetics of low- and high-dose intravenous diatrizoate contrast media administration.    Invest. Radiol. 19: 54-57.  Back SE, Krutzen E, and Nilsson-Ehle P (1988) Contrast media as markers for glomerular filtration: a pharmacokinetic comparison of four agents.  Scand. J. Clin. Lab Invest.  48: 247-253.",6706519;3375780,,122177921;104089223,100.0,0,2 of 2 distinct cited papers matched in Paperclip.,https://paperclip.gxl.ai/citations/papers/122177921;https://paperclip.gxl.ai/citations/papers/104089223
382,Diazepam,"Klotz U, Avant GR, Hoyumpa A, Schenker S, and Wilkinson (1975) The effects of age and liver disease on the disposition and elimination of diazepam in adult man.  J. Clin. Invest. 55: 347-359.  Andersson T, Andren K, Cederberg C, Edvardsson G, Heggelund A, and Lundborg P (1990) Effect of omeprazole and cimetidine on plasma diazepam levels.  Eur. J. Clin. Pharmacol. 39: 51-54.  Herman RJ and Wilkinson GR (1996) Disposition of diazepam in young and elderky subjects after acute and chronic dosing.  Br. J. Clin. Pharmacol. 42: 147-155.  Lucek RW and Coutinho CB (1976) The role of substituents in the hydrophobic binding of the 1,4-benzodiazepines by human plasma proteins.    Molec. Pharmacol. 12:  612-619.  Desmond PV, Roberts RK, Wood AJJ, Dunn GD, Wilkinson GR, and Schenker S (1980) Effect of heparin administration on plasma binding of benzodiazepines.  Br. J. Clin. Pharmacol. 9: 171-175.",1127104;2276389;8864311;6101958,PMC301753;PMC2042656;PMC1429863,113456235;117997622;137194652;86842567,80.0,0,"4 of 5 distinct cited papers matched in Paperclip. Unmatched citations: The role of substituents in the hydrophobic binding of the 1,4-benzodiazepines by human plasma proteins.",https://paperclip.gxl.ai/citations/papers/113456235;https://paperclip.gxl.ai/citations/papers/117997622;https://paperclip.gxl.ai/citations/papers/137194652;https://paperclip.gxl.ai/citations/papers/86842567
383,Diazoxide,"Oglivie RI, Nadeau JH, and Sitar DS (1982) Diazoxide concentration-response relation in hypertension. Hypertension 4: 167-173.   Kirsten R, Nelson K, Kirsten D, and Heintz B (!988) Clinical  pharmacokinetics  of vasodilators. Part I.  Clin. Pharmacokinet. 34: 457-482.  ",,,,0.0,0,"0 of 1 distinct cited papers matched in Paperclip. Unmatched citations: Kirsten R, Nelson K, Kirsten D, and Heintz B (!988) Clinical pharmacokinetics of vasodilators.",
384,Dibekacin,"Arancibia A, Chavez J, Ibarra R, Ruiz I, Icarte A, Thambo S, and Chavez H (1987) Disposition kinetics of dibekacin in normal subjects and in patients with renal failure.  Int. J. Clin. Pharmacol, Ther. Toxicol. 25: 38-43.  Goto M, Sugiyama M, and Ishizaki T (1980) Pharmacokinetic studies with dibekacin, a new aminoglycoside, after intravenous and intramuscular administration to human volunteers.  Antimic. Agents Chemother. 18: 372-376.",3557728;6775594,PMC284008,185282052;87003177,100.0,0,2 of 2 distinct cited papers matched in Paperclip.,https://paperclip.gxl.ai/citations/papers/185282052;https://paperclip.gxl.ai/citations/papers/87003177
385,Dichloroacetic Acid,"Jia M, Coats B, Chadha M, Frentzen B, Perez-Rodriguez J, Chadik PA, Yost RA, Henderson GN, and Stacpoole PW (2006) Human Kinetics of Orally and Intravenously Administered Low-Dose 1,2-13C-Dichloroacetate.  J. Clin. Pharmacol.  46: 1449-1459.",17101744,,121144833,100.0,0,1 of 1 distinct cited papers matched in Paperclip.,https://paperclip.gxl.ai/citations/papers/121144833
386,Diclofenac,"Willis JV, Kendall MJ, Flinn RM, Thornhill DP, and Welling PG (1979) The pharmacokinetics of diclofenac sodium following intravenous and oral administration.  Eur. J. Clin. Pharmacol. 16: 405-410.  Leucuta SE, Rus V, Bolosiu H, Mocan A, Polinicencu C, and Bojita M (1996) Farmacocinetica diclofenacului sodic administrat in doza unica pe cale intravenosa si orala sub forma de solutie injectabilia experimentala.  Farmacia 43: 43-50.  Chan KKH, Vyas KH, and Brandt KD (1987) In vitro protein binding of diclofenac sodium in plasma and synovial fluid.    J. Pharm. Sci. 76: 105-108.",527637;3572745,,134028389;122643089,66.67,0,2 of 3 distinct cited papers matched in Paperclip. Unmatched citations: Farmacocinetica diclofenacului sodic administrat in doza unica pe cale intravenosa si orala sub forma de solutie injectabilia experimentala.,https://paperclip.gxl.ai/citations/papers/134028389;https://paperclip.gxl.ai/citations/papers/122643089
387,Dicloxacillin,"Dittert LW, Griffen WO, LaPiana JC, Shainfeld FJ, and Doluisio JT (1969) Pharmacokinetic interpretation of penicillin levels in serum and urine after intravenous administration.  Antimic. Agents Chemother. 9, 42-48.  Roder BL, Frimodt-Moller, Espersen F, and Rasumussen SN (1995) Dicloxacillin and flucloxacillin: pharmacokinetics, protein binding and serum bacteriocidal titers in healthy subjects after oral administration.  Infection 23: 107-112.",7622258,,129377161,50.0,0,1 of 2 distinct cited papers matched in Paperclip. Unmatched citations: Pharmacokinetic interpretation of penicillin levels in serum and urine after intravenous administration.,https://paperclip.gxl.ai/citations/papers/129377161
388,Didanosine,"Knupp CA, Shyu WC, Dolin R, Valentine FT, McLaren C, Martin RR, Pittman KA, and Barbhaiya RH (1991) Pharmacokinetics of didanosine in patients with acquired immunodeficiency syndrome or acquired immunodeficiency syndrome-related complex.  Clin. Pharmacol. Ther. 49: 523-535.  Videx Product Label.",1903100,,100772532,100.0,0,1 of 1 distinct cited papers matched in Paperclip. 1 non-paper source segment(s) excluded.,https://paperclip.gxl.ai/citations/papers/100772532
389,Didemnin B,"Benvenuto J A; Newman R A; Bignami G S; Raybould T J; Raber M N; Esparza L; Walters R S. Phase II clinical and pharmacological study of didemnin B in patients with metastatic breast cancer. Investigational new drugs 1992, 10, 113-117.",1500265,,132420982,100.0,0,1 of 1 distinct cited papers matched in Paperclip.,https://paperclip.gxl.ai/citations/papers/132420982
390,Dienogest,https://www.accessdata.fda.gov/drugsatfda_docs/nda/2010/022252_Orig-1_ClinPharmR.pdf Accessed May 19 2017,,,,,,No identifiable paper citations; non-paper sources excluded.,
391,Diflomotecan,"Scott L; Soepenberg O; Verweij J; de Jonge M J A; Th Planting A S; McGovern D; Principe P; Obach R; Twelves C. A multicentre phase I and pharmacokinetic study of BN80915 (diflomotecan) administered daily as a 20-​min intravenous infusion for 5 days every 3 weeks to patients with advanced solid tumours. Annals of Oncology, 2007, 18(3), 569-575.    fu from Lombardo et al J. Clin. Pharmacol. 2013, 53(2), 167-177 and 178-191",17322542;23436262;23436263,,119362211;88092331;88468499,100.0,0,3 of 3 distinct cited papers matched in Paperclip.,https://paperclip.gxl.ai/citations/papers/119362211;https://paperclip.gxl.ai/citations/papers/88092331;https://paperclip.gxl.ai/citations/papers/88468499
392,Diflunisal,Nuernberg B and Brune K (1989) Buffering the stomach content enhances the absorption of diflunisal in man.  Biopharm. Drug Dispos. 10: 377-387.   Lin JH (1989) Species differences in protein binding of diflunisal.  Drug Metab. Dispos. 17: 221-223.,2547464,,122515139,50.0,0,1 of 2 distinct cited papers matched in Paperclip. Unmatched citations: Species differences in protein binding of diflunisal.,https://paperclip.gxl.ai/citations/papers/122515139
393,Digitoxin,"Ochs HR, Grube E, Greenblatt DJ, Arendt R, and Bodem G (1981) Pharmacokinetics and pharmacodynamics of intravenous digoxin and digitoxin.  Klin. Wochenschr. 59: 889-897.  Kurz H, Mauser-Ganshorn A, and Stickel HH (1977) Differences in the binding of drugs to plasma proteins from newborn and adult man. I. Eur. J. Clin. Pharmacol. 11: 463-467.",891592,,133277262,50.0,0,1 of 2 distinct cited papers matched in Paperclip. Unmatched citations: Pharmacokinetics and pharmacodynamics of intravenous digoxin and digitoxin.,https://paperclip.gxl.ai/citations/papers/133277262
394,Digoxin,"Cusack B, Kelly J, O'Malley K, Noel J, Lavan J, and Horgan J (1979) Digoxin in the elderly: pharmacokinetic consequences of old age.  Clin. Pharmacol. Ther. 25: 772-776.  Ohnhaus EE, Spring P, and Dettli L (1972) Protein binding of digoxin in human serum.    Eur. J. Clin. Pharmacol.  5: 34-36.",445943,,61455633,50.0,0,1 of 2 distinct cited papers matched in Paperclip. Unmatched citations: Protein binding of digoxin in human serum.,https://paperclip.gxl.ai/citations/papers/61455633
395,Dihydrocodeine,"F. J. Rowell, R. A. Seymour, and M. D. Rawlins. Pharmacokinetics of Intravenous and Oral Dihydrocodeine and its Acid Metabolites. Eur J Clin Pharmacol 1983, 25, 419-424.",6628531,,131388668,100.0,0,1 of 1 distinct cited papers matched in Paperclip.,https://paperclip.gxl.ai/citations/papers/131388668
396,Dihydroergosine,"Cvelbar, Polona; Culig, J.; Kopitar, Z.; Lenardic, A.; Urbancic-Smerkolj, Janja; Zorz, M. Bioavailability of dihydroergosine in healthy volunteers. Proc. - 3rd Eur. Congr. Biopharm. Pharmacokinet., 1987, Volume 3, 147-53",3609067,,100835563,100.0,0,1 of 1 distinct cited papers matched in Paperclip.,https://paperclip.gxl.ai/citations/papers/100835563
397,Dihydroergotamine,"J. KANTO, H. ALLONEN, K. KOSKI, M. KOULU, R. LAMMINTAUSTA, R. MANTYLA, T. KLEIMOLA, and T. SIlRTOLA. Pharmacokinetics of dihydroergotamine in healthy volunteers and in neuroiogical patients after a single intravenous injection. ppb: https://www.accessdata.fda.gov/drugsatfda_docs/label/2002/20148s7s8lbl.pdf. Accessed May 10 2017.",7228454,,188594051,100.0,0,1 of 1 distinct cited papers matched in Paperclip. 1 non-paper source segment(s) excluded.,https://paperclip.gxl.ai/citations/papers/188594051
398,Dihydroquinidine,"Ueda CT, Williamson BJ, and Dzindzio BS (1976) Disposition kinetics of dihydroquinidine following quinidine administration.  Res. Comm. Chem. Path. Pharmacol. 14: 215-225.  Leroyer R, Varoquaux O, Guillebastres R, Jarreau C, Normand JP, Jaillon P, Advenier C, and Pays M (1986) Study on protein binding of 3-(R)- and 3-(S)-hydroxy derivatives of quinidine and dihydroquinidine.  Therapie  41: 159-162.",940955,,189477102,50.0,0,1 of 2 distinct cited papers matched in Paperclip. Unmatched citations: Study on protein binding of 3-(R)- and 3-(S)-hydroxy derivatives of quinidine and dihydroquinidine.,https://paperclip.gxl.ai/citations/papers/189477102
399,Dilevalol,"Neubeck M, Becker C, Henke D, Roesch W, Spahn-Langguth H, and Mutschler E. (1993) Pharmacokinetics of dilevalol and its conjugates in man: assay method for plasma, blood, urine and bile samples and preliminary pharmacokinetic studies.  Arz. Forsch. 43: 953-957.",8240457,,189047803,100.0,0,1 of 1 distinct cited papers matched in Paperclip.,https://paperclip.gxl.ai/citations/papers/189047803
400,Diltiazem,"Hoglund P and Nilsson LG (1988) Physiological disposition of intravenously administered 14C-labeled diltiazem in healthy volunteers.  Ther. Drug Monit. 10: 401-409.  Kolle EU, Ochs HR, and Vollmer KO (1983) Pharmacokinetic model of diltiazem.  Arz. Forsch. 33: 972-977.  Kirsten R, Nelson K, Kirsten D, and Heintz B (!988) Clinical  pharmacokinetics  of vasodilators. Part I.  Clin. Pharmacokinet. 34: 457-482.",3201524,,121854305,50.0,0,"1 of 2 distinct cited papers matched in Paperclip. Unmatched citations: Kirsten R, Nelson K, Kirsten D, and Heintz B (!988) Clinical pharmacokinetics of vasodilators.",https://paperclip.gxl.ai/citations/papers/121854305
401,Dimetindene,"Arnera, V.; Wermeille, M.; Wellman, M.; Llull, J. B.; Althaus, M. A.; Balant, L. P. Pharmacokinetics of dimetindene after intravenous and oral administration to healthy volunteers. Arzneimittel-Forschung, 1990, 40, 1346-1348.",2095130,,183464640,100.0,0,1 of 1 distinct cited papers matched in Paperclip.,https://paperclip.gxl.ai/citations/papers/183464640
402,Dinaciclib,"John J Nemunaitis, Karen A Small, Paul Kirschmeier, Da Zhang, Yali Zhu, Ying-Ming Jou, Paul Statkevich, Siu-Long Yao and Rajat Bannerji. A first-in-human, phase 1, dose-escalation study of dinaciclib, a novel cyclin-dependent kinase inhibitor, administered weekly in subjects with advanced malignancies. Journal of Translational Medicine 2013, 11:259 (page1-14)",24131779,PMC3853718,PMC3853718,100.0,100,1 of 1 distinct cited papers matched in Paperclip.,https://paperclip.gxl.ai/citations/papers/PMC3853718
403,Diphenhydramine,"Meredith CG, Christian CD, Johnson RF, Madhavan SV, and Schenker S (1984) Diphenhydramine disposition in chronic liver disease.  Clin. Pharmacol. Ther. 35: 474-479.  Spector R, Choudhury AK, Chiang CK, Goldberg MJ, and Ghoneim MM (1980) Diphenhydramine in Orientals and Caucasians.  Clin. Pharmacol. Ther. 28: 229-234.",6705445;7398190,,100053544;100771237,100.0,0,2 of 2 distinct cited papers matched in Paperclip.,https://paperclip.gxl.ai/citations/papers/100053544;https://paperclip.gxl.ai/citations/papers/100771237
404,Diprafenone,"Trenk D, Wagner F, Sachs W, and Jaehnchen E (1989) Pharmacokinetic characterization of the antiarrhythmic drug diprafenone in man.    Eur. J. Clin. Pharmacol. 37: 313-316.",2612546,,133506219,100.0,0,1 of 1 distinct cited papers matched in Paperclip.,https://paperclip.gxl.ai/citations/papers/133506219
405,Diprophylline,Zuidema J and Merkus FWHM (1981) Pharmacokinetics and pharmacodynamics of diprophylline.  Pharm. Weekbl. 3: 1320-221.,,,,0.0,0,0 of 1 distinct cited papers matched in Paperclip. Unmatched citations: Pharmacokinetics and pharmacodynamics of diprophylline.,
406,Dipyridamole,"Bjornsson TD, Mahony C. Clinical pharmacokinetics of dipyridamole. Thromb Res Suppl. 1983, 4, 93-104.",6579711,,135452966,100.0,0,1 of 1 distinct cited papers matched in Paperclip.,https://paperclip.gxl.ai/citations/papers/135452966
407,Disopyramide,"Lima JJ, Haughey DB, and Leier CV (1984) Disopyramide pharmacokinetics and bioavailability following the simultaneous administration of disopyramide and 14C-disopyramide.  J. Pharmacokinet. Biopharm. 12: 289-313.",6502472,,131546257,100.0,0,1 of 1 distinct cited papers matched in Paperclip.,https://paperclip.gxl.ai/citations/papers/131546257
408,Distigmine,"Vree TB, Waitzinger J, Hammermaier A, Radhofer-Welte S.Absolute bioavailability, pharmacokinetics, renal and biliary clearance of distigmine after a single oral dose in comparison to i.v. administration of 14C-distigmine-bromide in healthy volunteers. International journal of clinical pharmacology and therapeutics, 1999,37, 393-403.",10475142,,179920312,100.0,0,1 of 1 distinct cited papers matched in Paperclip.,https://paperclip.gxl.ai/citations/papers/179920312
409,Disufenton sodium,"Cheng Y.-F et al. Pharmacokinetics of 8-hour intravenous infusion of NXY-059: A phase I, randomized, double blind (within dose panel) , placebo-controlled study in healthy chinese volunteers. (2008) Clin. Ther. 30, 2342-2353.",19167593,,108740966,100.0,0,1 of 1 distinct cited papers matched in Paperclip.,https://paperclip.gxl.ai/citations/papers/108740966
410,Dixyrazine,"Liedholm H, Lidén A, Kroon L, Melander A, Wåhlin-Boll E. Pharmacokinetics of dixyrazine: low bioavailability improved by food intake. Drug-Nutr. Interact. 1985, 3, 87-92",3987521,,185680760,100.0,0,1 of 1 distinct cited papers matched in Paperclip.,https://paperclip.gxl.ai/citations/papers/185680760
411,Dobesilic acid,"G. Franke, T. Schneider, W. Siegmund, A. Scherber. Bioavailability studies of calcium dobesilate- a case of flip-flop kinetics. Pharmazie, 1985, 40, 562-563. ",4080804,,185744082,100.0,0,1 of 1 distinct cited papers matched in Paperclip.,https://paperclip.gxl.ai/citations/papers/185744082
412,Dobutamine,"R A Berg, J F Padbury, R L Donnerstein, S E Klewer, J J Hutter, Jr. Dobutamine pharmacokinetics and pharmacodynamics in normal children and adolescents.  J.Pharmacol. Exp. Ther. 1993 265 (3) 1232-1238.",8510005,,189156631,100.0,0,1 of 1 distinct cited papers matched in Paperclip.,https://paperclip.gxl.ai/citations/papers/189156631
413,Docetaxel,"Rosing H, Lustig V, van Warmerdam LJC, Huizing MT, ten Bokkel Huinink WW, Schellens JHM, Rodenhuis S, Bult A, and Beijnen JH (2000) Pharmacokinetics and metabolism of docetaxel administered as a 1-h intravenous infusion.    Cancer Chemother. Pharmacol. 45: 213-218.  Minami H, Kawada K, Sasaki Y, Igarashi T, Saeki T, Tahara M, Itoh K, and Fujii H (2006) Pharmacokinetics and pharmacodynamics of protein-unbound docetaxel in cancer patients.  Cancer Sci.  97: 235-241.",10663639;16542221,PMC11159691,142624348;126323169,100.0,0,2 of 2 distinct cited papers matched in Paperclip.,https://paperclip.gxl.ai/citations/papers/142624348;https://paperclip.gxl.ai/citations/papers/126323169
414,Dofetilide,"Gemmill JD, Howie CA, Meredith PA, Kelman AW, Rasmussen HS, Hillis WS, and Elliott HL (1991) A dose ranging study of UK-68,798, a novel class III anti-arrhythmic agent, in normal volunteers.  Br. J. Clin. Pharmacol. 32: 429-432.  Smith DA, Rasmussen HS, Stopher DA, and Walker DK (1992) Pharmacokinetics and metabolism of dofetilide in mouse, rat, dog and man.  Xenobiotica 22: 709-719.",1958435;1441594,PMC1368601,86713814;106614842,100.0,0,2 of 2 distinct cited papers matched in Paperclip.,https://paperclip.gxl.ai/citations/papers/86713814;https://paperclip.gxl.ai/citations/papers/106614842
415,Dolasetron,"Dimmit DC, Choo YS, Martin LA, Arumugham T, Hahne WF, and Weir SJ (1999) Intravenous pharmacokinetcs and absolute oral bioavailability of dolasetron in healthyl volunteers: part 1.  Biopharm. Drug Disp. 20, 29-39. ppb: Stuart W. Paine, Karelle Menochet, Rebecca Denton, Dermot F. McGinnity, and Robert J. Riley. Prediction of Human Renal Clearance from Preclinical Species for a Diverse Set of Drugs That Exhibit Both Active Secretion and Net Reabsorption, Drug Metab. Disp. 2011, 39:1008–1013",10086835;21357702,,127201484;97172359,100.0,0,2 of 2 distinct cited papers matched in Paperclip.,https://paperclip.gxl.ai/citations/papers/127201484;https://paperclip.gxl.ai/citations/papers/97172359
416,Domperidone,"Heykants J, Hendriks R, Meuldermans W, Michiels M, Scheygrond H, and Reyntjens H (1981) On the pharmacokinetics of domperidone in animals and man.  IV.  The pharmacokinetics of intravenous domperidone and its bioavailability in man following intramuscular, oral and rectal administration.  Eur. J. Drug Metab. Pharmacokinet.  6: 61-70. ",7250152,,100163828,100.0,0,1 of 1 distinct cited papers matched in Paperclip.,https://paperclip.gxl.ai/citations/papers/100163828
417,Dopamine,"Data digitized from Fig. 1 P.-0. JARNBEG, L. BENGTSSOJN, E KSTRANaD, B. HAMBERCER Dopamine Infusion in Man. Plasma Catecholamine Levels and Pharmacokinetics. Acta anaesth. scand. 1981, 25, 328-331.//ppb: Gunhild Franksson and Erik Änggård The Plasma Protein Binding of Amphetamine,  Catecholamines and  Related Compounds. Acta Pharmacol. Toxicol.1970, 28,  209-214.",7315181;5468075,,110896947;100731722,100.0,0,2 of 2 distinct cited papers matched in Paperclip.,https://paperclip.gxl.ai/citations/papers/110896947;https://paperclip.gxl.ai/citations/papers/100731722
418,Doripenem,"Cirillo I. et al. Pharmacokinetics, safety and tolerability of doripenem after 0.5-, 1- and 4-hour infusions in healthy volunteers. J. Clin. Pharmacol. 2009, 49, 798-806.",19553404,,106703845,100.0,0,1 of 1 distinct cited papers matched in Paperclip.,https://paperclip.gxl.ai/citations/papers/106703845
419,Doxacurium,"Cook DR, Freeman JA, Lai AA, Robertson KA, Kang Y, Stiller RL, Aggarwal S, Abou-Donia MM, and Welch RM (1991) Pharmacokinetics and pharmacodynamics of doxacurium in normal patients and in those with hepatic or renal failure. Anesth. Analg. 72: 145-150.   Roy JJ and Varin F (2004) Physicochemical properties of neuromuscular blocking agents and their impact on the pharmacokinetic-pharmacodynamic relationship.  Br. J. Anaesth. 93: 241-248.",1824669;15169739,,99576644;134373082,100.0,0,2 of 2 distinct cited papers matched in Paperclip.,https://paperclip.gxl.ai/citations/papers/99576644;https://paperclip.gxl.ai/citations/papers/134373082
420,Doxapram,Robson RH and Prescott LF (1978) A pharmacokinetic study of doxapram in patients and volunteers.  Br. J. Clin. Pharmacol. 7: 81-87.  ,32901,PMC1429614,87408018,100.0,0,"1 of 1 distinct cited papers matched in Paperclip. Bibliographic match checked against title, author and pagination at https://pubmed.ncbi.nlm.nih.gov/32901/.",https://paperclip.gxl.ai/citations/papers/87408018
421,Doxazosin,"Meredith PA, Elliott HL, Kelman AW, and Reid JL (1985) Application of pharmacokinetic-pharmacodynamic modelling for the comparison of quinazoline alpha-adrenoreceptor agonists in normotensive volunteers.  J. Cardiovasc. Pharmacol. 7: 532-537.  Vincent J, Meredith PA, Elliott HL, and Reid JL (1986) The pharmacokinetics of doxazosin in elderly normotensives.  Br. J. Clin. Pharmacol. 21: 521-524.  Kaye B, Cussans NJ Faulkner JK, Stopher DA, and Reid JL (1986) The metabolism and kinetics of doxazosin in man, mouse, rat and dog.    Br. J. Clin. Pharmacol. 21(Suppl. 1): 19S-25S.",2410686;2941043;2939865,PMC1401032;PMC1400758,109621835;86718040;86842940,100.0,0,3 of 3 distinct cited papers matched in Paperclip.,https://paperclip.gxl.ai/citations/papers/109621835;https://paperclip.gxl.ai/citations/papers/86718040;https://paperclip.gxl.ai/citations/papers/86842940
422,Doxepin,"Yan JH, Hubbard JW, McKay G, Korchinski ED, Midha KK (2002) Absolute bioavailability and stereoselective pharmacokinetics of doxepin.    Xenobiotica 32: 615-623.  Virtanen R, Iisalo E, and Irjala K (1982) Protein binding of doxepin and desmethyldoxepin.  Acta Pharmacol. Toxicol.  51: 159-164.",12162857;7113722,,142498095;100606735,100.0,0,2 of 2 distinct cited papers matched in Paperclip.,https://paperclip.gxl.ai/citations/papers/142498095;https://paperclip.gxl.ai/citations/papers/100606735
423,Doxifluridine,"Schaaf LJ, Dobbs BR, Edwards IR, and Perrier DG (1988) The pharmacokinetics of doxifluridine and 5-fluorouracil after single intravenous infusions of doxifluridine to patients with colorectal cancer.  Eur. J. Clin. Pharmacol. 34: 439-443.  Meynial D, Lopez A, Malet-Martino MC, Hoffmann JS, and Martino R (1988) Application of fluorine-19 nuclear magnetic resonance to the determination of plasma-protien binding of 5'-deoxy-5-fluorouridine, a new antineoplastic fluoropyrimidine.  J. Pharm. Biomed. Anal. 6: 47-59.",2974418;16867439,,132117127;177458575,100.0,0,2 of 2 distinct cited papers matched in Paperclip.,https://paperclip.gxl.ai/citations/papers/132117127;https://paperclip.gxl.ai/citations/papers/177458575
424,Doxofylline,"Bologna E; Lagana A; Terracino D; Bolignari P; Biffignandi P. Oral and intravenous pharmacokinetic profiles of doxofylline in patients with chronic bronchitis. The Journal of international medical research. 1990, 18, 282-288.",2227075,,53533237,100.0,0,1 of 1 distinct cited papers matched in Paperclip.,https://paperclip.gxl.ai/citations/papers/53533237
425,Doxorubicin,"Carmaggi CM, Comparsi R, Strocchi E, Testoni F, Angelli B, and Pannuti F (1988) Epirubicin and doxorubicin comparative metabolism and pharmacokinetics.  Canc. Chemother. Pharmacol. 21: 221-228.  Piscitelli SC, Rodvold KA, Rushing DA, and Tewksbury DA (1993) Pharmacokinetics and pharmacodynamics of doxorubicin in patients with small cell lung cancer.  Clin. Pharmacol. Ther. 53: 555-561.  Eksborg S, Ehrsson H, and Ekqvist B (1982) Protein binding of anthraquinone glycosides, with special reference to adriamycin.    Cancer Chemother. Pharmacol. 10: 7-10.",8387903;7160048,,100772735;134386564,66.67,0,2 of 3 distinct cited papers matched in Paperclip. Unmatched citations: Epirubicin and doxorubicin comparative metabolism and pharmacokinetics.,https://paperclip.gxl.ai/citations/papers/100772735;https://paperclip.gxl.ai/citations/papers/134386564
426,Doxycycline,"Nguyen VX, Nix DE, Gillikin S, and Schentag JJ (1989)  Effect of oral antacid administration on the pharmacokinetics of intravenous doxycycline.  Antimic. Agents Chemother. 33: 434-436.  Houin G, Brunner F, Nebout T, Cherfaoui M, Lagrue G, and Tillement JP (1983) The effects of chronic renal insufficiency on the pharmacokinetics of doxycycline in man.  Br. J. Clin. Pharmacol. 16: 245-252.  Raghuram TC and Krishnaswamy K (1982) Pharmacokinetics and plasma steady-state levels of doxycycline in undernutrition.  Br. J. Clin. Pharmacol. 14: 785-789.",2729939;6626415;7150457,PMC172455;PMC1428002;PMC1427538,86917196;88342763;86717791,100.0,0,3 of 3 distinct cited papers matched in Paperclip.,https://paperclip.gxl.ai/citations/papers/86917196;https://paperclip.gxl.ai/citations/papers/88342763;https://paperclip.gxl.ai/citations/papers/86717791
427,DP-b99,"Rosenberg G, Angel I, and Kozak A (2005) Clinical pharmacology of DP-b99 in healthy volunteers: First administration to humans.  Br. J. Clin. Pharmacol. 60: 7-16. ",15963088,PMC1884904,129944515,100.0,0,1 of 1 distinct cited papers matched in Paperclip.,https://paperclip.gxl.ai/citations/papers/129944515
428,DQ-2556,"M. Nakashima, T. Uematsu, M. Kanamaru,  A. Mizuno, K. Matsubayashi, 0. Okazaki,  S. Hashimoto,  H. Hakusui,  and Y. Osada. Phase I Study of DQ-2556, a New Parenteral 3-Quaternary Ammonium Cephalosporin Antibiotic. J Clin Pharmacol. 1993, 33,57-62",8429115,,82265675,100.0,0,1 of 1 distinct cited papers matched in Paperclip.,https://paperclip.gxl.ai/citations/papers/82265675
429,Dronedarone,PDR. Accessed February 20 2013. http://www.pdr3d.com/detail.php?c=77881#section-14,,,,,,No identifiable paper citations; non-paper sources excluded.,
430,Droperidol,"Gupta, Suneel K.; Southam, Mary; Hwang, Stephen. Pharmacokinetics of droperidol in healthy volunteers following intravenous infusion and rectal administration from an osmotic drug delivery module. Pharm. Res. 1992, 9, 694-696.",,,,0.0,0,0 of 1 distinct cited papers matched in Paperclip. Unmatched citations: Pharmacokinetics of droperidol in healthy volunteers following intravenous infusion and rectal administration from an osmotic drug delivery module.,
431,Drotaverine,"Bolaji OO, Onyeji CO, Ogundani AO, Olugbade TA, and Ogunbona FA (1996) Pharmacokinetics and bioavailability of drotaverine in humans.  Eur. J. Drug Metab. Pharmacokinet. 21: 217-221.  Vargay Z, Deutsch T, Szatmari I, Szuts T, Varkonyi P, Kerpel-Fronius S, and Eckhardt S (1984) The fate of drtoaverine-acephyllinate in rat and man II.  Human pharmacokinetics of drotaverine-14C-acephyllinate.  Eur. J. Drug Metab. Pharmacokinet. 9: 17-29.",8980918;6546919,,100721091;101963616,100.0,0,2 of 2 distinct cited papers matched in Paperclip.,https://paperclip.gxl.ai/citations/papers/100721091;https://paperclip.gxl.ai/citations/papers/101963616
432,Duloxetine,"Found through Pharmapendium. FDA. PDF(395k)
ANNEX I",,,,,,No identifiable paper citations; non-paper sources excluded.,
433,DX-52-1,"Bunnell, Craig A.; Supko, Jeffrey G.; Eder, Joseph Paul, Jr.; Clark, Jeffrey W.; Lynch, Thomas J.; Kufe, Donald W.; Shulman, Lawrence N. Phase I clinical trial of 7-​cyanoquinocarcinol (DX-​52-​1) in adult patients with refractory solid malignancies. Cancer Chemotherapy and Pharmacology. 2001, 48, 347-355.",11761451,,143254372,100.0,0,1 of 1 distinct cited papers matched in Paperclip.,https://paperclip.gxl.ai/citations/papers/143254372
434,DX9065a,"Tolerability, pharmacokinetics, and pharmacodynamics of DX-9065a, a new synthetic potent anticoagulant and specific factor Xa inhibitor, in healthy male volunteers. Nobuyuki Murayama, MS, Makoto Tanaka, PhD, Satoshi Kunitada, PhD, Hirohisa Yamada, MS, Takashi Inoue, MS, Yasuko Terada, BS, Masami Fujita, MD, Yasuo Ikeda, MD. CLINICAL PHARMACOLOGY & THERAPEUTICS, 1999, 66, 258-264.",10511061,,127684115,100.0,0,1 of 1 distinct cited papers matched in Paperclip.,https://paperclip.gxl.ai/citations/papers/127684115
435,E7107,"Ferry A.L.M. Eskens, Francisco J. Ramos, Herman Burger, James P. O'Brien, Adelaida Piera, Maja J.A. de Jonge, Yoshiharu Mizui, Erik A.C. Wiemer, Maria Josepa Carreras, Jose Baselga, and Josep Tabernero. Phase I Pharmacokinetic and Pharmacodynamic Study of the First-in-Class Spliceosome Inhibitor E7107 in Patients with Advanced Solid Tumors. Clin Cancer Res 2013;19:6296-6304.",23983259,,78278510,100.0,0,1 of 1 distinct cited papers matched in Paperclip.,https://paperclip.gxl.ai/citations/papers/78278510
436,E7974,"A phase 1 trial of E7974 administered on day 1 of a 21-day cycle in patients with advanced solid tumors Rocha-Lima, Caio M.; Bayraktar, Soley; MacIntyre, Jessica; Raez, Luis; Flores, Aurea M.; Ferrell, Annapoorna; Rubin, Eric H.; Poplin, Elizabeth A.; Tan, Antoinette R.; Lucarelli, Antonio; Zojwalla, Naseem. Cancer (Hoboken, NJ, United States) 2012 , 118 (17), 4262-4270, ",22294459,,90650041,100.0,0,1 of 1 distinct cited papers matched in Paperclip.,https://paperclip.gxl.ai/citations/papers/90650041
437,Ecallantide,"PP. FDA Approval Package. 2009-May-31  PDF(4025k)
Clinical Pharmacology and Biopharmaceutics Review 125277/S-000 Part 01",,,,,,No identifiable paper citations; non-paper sources excluded.,
438,Edaravone,"Data from 20 mg dose iv profile shown in Fig. 2 of Hao Li,Kun Xu, Yongqing Wang, Hongwen Zhang, Tianping Li, Ling Meng, Xiaojian Gong, Haibo Zhang, Ning Ou and Jinman Ruan  
Phase I Clinical Study of Edaravone in Healthy Chinese Volunteers. Drugs RD 2012; 12 (2): 65-70.//ppb:Dao-quan Tang, Yin-jie Li, Zheng Li, Ting-ting Bian, Kai Chen, Xiao-xiao Zheng, Yan-yan Yu, Shui-shi Jiang. Study on the interaction of plasma protein binding rate between edaravone and taurine in human plasma based on HPLC analysis coupled with ultrafiltration technique.",22762844;25545282,PMC3586162,PMC3586162;68875013,100.0,50,2 of 2 distinct cited papers matched in Paperclip.,https://paperclip.gxl.ai/citations/papers/PMC3586162;https://paperclip.gxl.ai/citations/papers/68875013
439,Edotecarin,"Hurwitz, Herbert I.; Cohen, Roger B.; McGovren, J. Patrick; Hirawat, Samit; Petros, William P.; Natsumeda, Yutaka; Yoshinari, Tomoko. A phase I study of the safety and pharmacokinetics of edotecarin (J-107088), a novel topoisomerase I inhibitor, in patients with advanced solid tumors. Cancer Chemother. Pharmacol. 2007, 59, 139-147.",16819636,,123840046,100.0,0,"1 of 1 distinct cited papers matched in Paperclip. Bibliographic match checked against title, author and pagination at https://pubmed.ncbi.nlm.nih.gov/16819636/.",https://paperclip.gxl.ai/citations/papers/123840046
440,Edoxaban,"Nobuko Matsushima, Frank Lee, Toshiyuki Sato, Daniel Weiss, and Jeanne Mendell. Bioavailability and Safety of the Factor Xa Inhibitor Edoxaban and the Effects of Quinidine in Healthy Subjects. Clinical Pharmacology in Drug Development, 2013,  2, 358–366//ppb: Ogata, Koichiro; Mendell-Harary, Jeanne; Tachibana, Masaya; Masumoto, Hiroshi; Oguma, Toshihiro; Kojima, Masazumi; Kunitada, Satoshi Clinical safety, tolerability, pharmacokinetics, and pharmacodynamics of the novel factor Xa inhibitor edoxaban in healthy volunteers    J.  Clin. Pharmacol. 2010, 50: 743-753",27121940;20081065,,78084927;103344152,100.0,0,2 of 2 distinct cited papers matched in Paperclip.,https://paperclip.gxl.ai/citations/papers/78084927;https://paperclip.gxl.ai/citations/papers/103344152
441,Edrophonium,"Morris RB, Cronnelly R, Miller RD, Stanski DR, and Fahey MR (1981) Pharmacokinetics of edrophonium and neostigmine when antagonizing d-tubocurarine neuromuscular blockade in man.  Anesthesiol. 54: 399-402.",7224209,,122224232,100.0,0,1 of 1 distinct cited papers matched in Paperclip.,https://paperclip.gxl.ai/citations/papers/122224232
442,Eletriptan,"Milton AK, Scott NR, Allen MJ, Abel S, Jenkins VC, James GC, Rance DJ, and Eve MD (2002) Pharmacokinetics, pharmacodynamics, and safety of the 5-HT1B/1D agonist eletriptan following intravenous and oral administration.  J. Clin. Pharmacol. 42: 528-539.  Relpax Product Label.",12017347,,138833229,100.0,0,1 of 1 distinct cited papers matched in Paperclip. 1 non-paper source segment(s) excluded.,https://paperclip.gxl.ai/citations/papers/138833229
443,Eliglustat,"CerdelgaTM, prescribing information. http://www.cerdelga.com/pdf/cerdelga_prescribing_information.pdf. Accessed December 8 2015.",,,,,,No identifiable paper citations; non-paper sources excluded.,
444,Elinafide,"Phase I and Pharmacokinetic Study of LU79553, a DNA Intercalating Bisnaphthalimide, in Patients With Solid Malignancies Miguel A. Villalona-Calero, Joseph P. Eder, Deborah L. Toppmeyer, Lee F. Allen, Robert Fram, Raja Velagapudi, Michael Myers, Anthony Amato, Kathleen Kagen-Hallet, Betty Razvillas, Donald W. Kufe, Daniel D. Von Hoff, and Eric K. Rowinsky. Journal of Clinical Oncology, 2001 19, 857-869.",11157040,,52146742,100.0,0,1 of 1 distinct cited papers matched in Paperclip.,https://paperclip.gxl.ai/citations/papers/52146742
445,Elisidepsin,"Salazar R, Jones RJ, Oaknin A, Crawford D, Cuadra C, Hopkins C, Gil M, Coronado C, Soto-Matos A, Cullell-Young M, Iglesias Dios JL, Evans TR. A phase I and pharmacokinetic study of elisidepsin (PM02734) in patients with advanced solid tumors. Cancer Chemother. Pharmacol. 2012, 70, 673-681",22926637,,86160615,100.0,0,1 of 1 distinct cited papers matched in Paperclip.,https://paperclip.gxl.ai/citations/papers/86160615
446,Eltanolone,"Dale O, Hynne H, Parivar K, Johansson E, and Widman M. Pharmacokinetics of eltanolone in male and female patients following intravenous bolus injection. Acta Anaesthesiol. Scand. 1999, 43, 415-420.",10225075,,140117036,100.0,0,1 of 1 distinct cited papers matched in Paperclip.,https://paperclip.gxl.ai/citations/papers/140117036
447,Eltoprazine,"van Harten J, Mathlener IS, Raghoebar M. Pharmacokinetics of eltoprazine in healthy subjects. Drug Metabol Drug Interact. 1990;8(1-2):149-58.",2091888,,96783863,100.0,0,1 of 1 distinct cited papers matched in Paperclip.,https://paperclip.gxl.ai/citations/papers/96783863
448,Enalaprilat,"Hockings N, Ajayi AA, and Reid JL (1986) Age and the pharmacokinetics of angiotensin converting enzyme inhibitors enalapril and enalaprilat.  Br. J. Clin. Pharmacol. 21: 341-348.  Mujais  SK, Quintanilla A, Zahid M, Koch K, Shaw W, and Gibson T (1992) Renal handling of enalaprilat.    Am. J. Kidney Dis. 19: 121-125.",3011046,PMC1400946,86718094,50.0,0,"1 of 2 distinct cited papers matched in Paperclip. Unmatched citations: Mujais SK, Quintanilla A, Zahid M, Koch K, Shaw W, and Gibson T . Renal handling of enalaprilat. Am. J. Kidney Dis. 19: 121-125.",https://paperclip.gxl.ai/citations/papers/86718094
449,Enalkiren,"Gupta, SK; Granneman, GR; Boger, RS; Hollenberg, NK; Luther, RR. Simultaneous modeling of the pharmacokinetics and pharmacodynamic properties of enalkiren (Abbott-64662, a new renin inhibitor) I: single dose study. Drug Metab. Disp. 1992, 20, 821-825.ppb: Brian D. Dayton, Herman H. Stein, Jerome Cohen, William R. Baker, Steven A. Boyd, Stephen L. Condon, B. Gregory Donner, Anthony K. L. Fung, Jay R. Luly, Saul H. Rosenberg, Keith W. Woods, and Hollis D. Kleinert. Effects of Angiotensinase Inhibitors on Plasma Protein Binding and IC50 Determinations of Renin Inhibitors. CLIN. CHEM. 1992, 38, 2239-2243.",1362933;1330373,,181238828;180978426,100.0,0,2 of 2 distinct cited papers matched in Paperclip.,https://paperclip.gxl.ai/citations/papers/181238828;https://paperclip.gxl.ai/citations/papers/180978426
450,Encainide,"Wensing G, Monig H, Ohnhaus EE, and Hoensch HP (1991) Pharmacokinetics of encainide in patients with cirrhosis.  Cardiovasc. Drugs Ther. 5: 733-740.   C Funck-Brentano, J Turgeon, RL Woosley, and DM Roden (1989) Effect of low dose quinidine on encainide pharmacokinetics and pharmacodynamics.  Influence of genetic polymorphism.    Journal of Pharmacology and Experimental Therapeutics  249:  134-42.  Jaillon P (1990) Pharmacokinetics and metabolism of encainide.  Cardiovasc. Drugs Ther.  4(Suppl 3): 561-565.",1909559;2496225;2125833,,108230318;184096523;133956846,100.0,0,3 of 3 distinct cited papers matched in Paperclip.,https://paperclip.gxl.ai/citations/papers/108230318;https://paperclip.gxl.ai/citations/papers/184096523;https://paperclip.gxl.ai/citations/papers/133956846
451,Endralazine,"Reece PA, Cozamanis I, and Zacest R (1983) Endralazine - a new hydralazine-like antihypertensive with high systemic bioavailability.  Eur. J. Clin. Pharmacol. 25: 553-556.",6653651,,133891026,100.0,0,1 of 1 distinct cited papers matched in Paperclip.,https://paperclip.gxl.ai/citations/papers/133891026
452,Enfuvirtide,"PP data. 2003-Mar-27  PDF(1771k)
Clinical Pharmacology and Biopharmaceutics Review 021481/S-000 Part 01 ",,,,,,No identifiable paper citations; non-paper sources excluded.,
453,Eniporide,"Kovar A, Peters T, Beier N, and Derendorf H (2001) Pharmacokinetic/pharmacodynamic evaluation of the NHE inhibitor Eniporide.  J. Clin. Pharmacol. 41: 139-148.",11210393,,138832684,100.0,0,1 of 1 distinct cited papers matched in Paperclip.,https://paperclip.gxl.ai/citations/papers/138832684
454,Enoxacin,"Nix DE, Lebsack ME, Chapelsky M, Sedman AJ, Busch J, and Norman A (1993)  Effect of oral antacids on disposition of intravenous enoxacin.    Antimic. Agents Chemother. 37: 775-777.   Wise R, Lister D, McNulty CAM, Griggs D, and Andrews JM (1986) The comparative pharmacokinetics and tissue penetration of four quinolones including intravenously administered enoxacin.  Infection  14: S196-S202.  Bergogne-Berezin E (2002)  Clinical role of protein binding of quinolones.  Clin. Pharmacokinet. 41: 741-750.",8494374;3463542;12162760,PMC187758,87547516;129999676;127009366,100.0,0,3 of 3 distinct cited papers matched in Paperclip.,https://paperclip.gxl.ai/citations/papers/87547516;https://paperclip.gxl.ai/citations/papers/129999676;https://paperclip.gxl.ai/citations/papers/127009366
455,Enoximone,"SHlGEMlCHl MORITA, YONElCHl SAWAI, JOEL F . HEEG,  YUlCHl KOIKE. Pharmacokinetics of Enoximone after Various Intravenous Administrations to Healthy Volunteers. J. Pharm. Sci. 1995, 84, 152-157. Data averaged with Alken RG, Belz GG, Haegele KD, Meinicke T, and Schechter PJ (1984) Kinetics of fenoximone, a new cardiotonic, in healthy subjects. Clin. Pharmacol. Ther. 36: 209-216.  Hook RH, Boxenbaum H, Thompson GA, and Okerholm RA (1988) Human serum and plasma protein binding of enoximone and its sulfoxide metabolite.  J. Pharm. Sci. 77: 1012-1017. VDss 1.8 L/kg, clearance 29 mL/min/kg, MRT 1 h and t1/2 1 h.",7738792;6235081;3244103,,122654216;100053410;122518221,100.0,0,3 of 3 distinct cited papers matched in Paperclip.,https://paperclip.gxl.ai/citations/papers/122654216;https://paperclip.gxl.ai/citations/papers/100053410;https://paperclip.gxl.ai/citations/papers/122518221
456,Enprofylline,"Lunell E, Borga O, and Alarsson R (1984) Pharmacokinetics of enprofylline in patients with impaired renal function after a single intravenous dose.  Eur. J. Clin. Pharmacol. 26: 87-93.  Kraan J, Borgstrom L, Koeter GH, Laseur M, Jonkman JHG, and deNoord OE (1988) Creation of four consecutive intantaneous steady-state plasma concentration plateaus of theophylline and enprofylline by repeated infusions with expoonentially decreasing delivery rates. Eur. J. Clin. Pharmacol. 35: 657-661.  Borga O, Larsson R, and Lunell E (1986) Effects of probenecid on enprofylline kinetics in man.  Eur. J. Clin. Pharmacol. 30: 221-223.  Tegner K, Borga O, and Svensson I (1983) Protein binding of enprofylline.  Eur. J. Clin. Pharmacol. 25: 703-708.",6714295;3234473;3709650;6420163,,133531310;133387260;133261392;133155934,100.0,0,4 of 4 distinct cited papers matched in Paperclip.,https://paperclip.gxl.ai/citations/papers/133531310;https://paperclip.gxl.ai/citations/papers/133387260;https://paperclip.gxl.ai/citations/papers/133261392;https://paperclip.gxl.ai/citations/papers/133155934
457,Entacapone,"Heikkinen H, Saraheimo M, Antila S, Ottoila P, and Pentikainen PJ (2001) Pharmacokinetics of entacapone, a peripherally acting catechol-O-methyltransferase inhibitor, in man. A study using a stable isotope technique.   Eur. J. Clin. Pharmacol. 56: 821-826.   Najib J (2001)  Entacapone: a catechol-O-methyltransferase inhibitor for the adjunctive treatment of parkinson's disease. Clin. Ther. 23: 802-832.",11294372;11440283,,140980180;141996682,100.0,0,2 of 2 distinct cited papers matched in Paperclip.,https://paperclip.gxl.ai/citations/papers/140980180;https://paperclip.gxl.ai/citations/papers/141996682
458,Epiroprim,"OLIVIER LUTTRINGER, FRANK-PETER THEIL, PATRICK POULIN, ANNE H. SCHMITT-HOFFMANN, THEODOR WALTER GUENTERT, THIERRY LAVE´ Physiologically Based Pharmacokinetic (PBPK) Modeling of Disposition of Epiroprim in Humans. J. Pharm. Sci. 2003, 92, 1990-2007",14502539,,137939277,100.0,0,1 of 1 distinct cited papers matched in Paperclip.,https://paperclip.gxl.ai/citations/papers/137939277
459,Epirubicin,"Carmaggi CM, Comparsi R, Strocchi E, Testoni F, Angelli B, and Pannuti F (1988) Epirubicin and doxorubicin comparative metabolism and pharmacokinetics.  Canc. Chemother. Pharmacol. 21: 221-228.  Carmaggi CM, Strocchi E, Martoni A, Angelelli B, Comparsi R, anmd Pannuti F (1985) Epirubicin plasma and blood pharmacokinetics after single i.v. bolus in advanced cancer patients.  Drugs Exptl. Clin. Res. 11: 285-294.  Eksborg S, Ehrsson H, and Ekqvist B (1982) Protein binding of anthraquinone glycosides, with special reference to adriamycin.  Canc. Chemother. Pharmacol. 10: 7-10. ppb reported as concentration dependent and lower than 0.25 (as fu) by Wei-zheng. Zhang, Walter Cosolo, John Zalcberg, In vitro Binding of MX2 (KRN8602) and Epirubicin to Human Plasma Protein. Pharmacol. 1997, 55, 279-284.",3869807;7160048;9413856,,185600706;134386564;111261818,75.0,0,3 of 4 distinct cited papers matched in Paperclip. Unmatched citations: Epirubicin and doxorubicin comparative metabolism and pharmacokinetics.,https://paperclip.gxl.ai/citations/papers/185600706;https://paperclip.gxl.ai/citations/papers/134386564;https://paperclip.gxl.ai/citations/papers/111261818
460,Epothilone folate,"P. P. Peethambaram, L. C. Hartmann, D. J. Jonker , M. de Jonge, E. R. Plummer, L. Martin,  J. Konner, J. Marshall, G. D. Goss, V. Teslenko, P. L. Clemens, L. J. Cohen, C. M. Ahlers, L. Alland. A phase I pharmacokinetic and safety analysis of epothilone folate (BMS-753493), a folate receptor targeted chemotherapeutic agentin humans with advanced solid tumors.Invest New Drugs (2015) 33:321–331",25380635,,70516448,100.0,0,1 of 1 distinct cited papers matched in Paperclip.,https://paperclip.gxl.ai/citations/papers/70516448
461,Epristeride,"Benincosa LJ, Audet PR, Lundberg D, Zariffa N, and Jorkasky DK (1996) Pharmacokinetics and absolute bioavailability of epristeride in healthy male subjects.  Biopharm, Drug Dispos. 17: 249-258.  Li JT, Zheng Z, and Jin J (2000) Pharmacokinetics of epristeride in healthy male volunteers.  Zhongguo Linchuang Yaolixue Zazhi 16: 424-428.",8983399,,127615449,50.0,0,1 of 2 distinct cited papers matched in Paperclip. Unmatched citations: Pharmacokinetics of epristeride in healthy male volunteers.,https://paperclip.gxl.ai/citations/papers/127615449
462,Eprosartan,"Tenero D, Martin D, Ilson B, Jushchyshyn J, Boike S, Lundberg D, Zariffa N, Boyle D, Jorkasky D (1998)  Pharmacokinetics of intravenously and orally administered eprosartan in healthy males: absolute bioavailability and effect of food.  Biopharm. Drug Dispos. 19: 351-356.  Kovacs SJ, Tenero DM, Martin DE, Ilson BE, and Jorkasky DK (1999) Pharmacokinetics and protein binding of eprosartan in hemodialysis-dependent patients with end-stage renal disease.  Pharmacotherapy 19: 612-619. ",9737815;10331824,,143485503;135201815,100.0,0,2 of 2 distinct cited papers matched in Paperclip.,https://paperclip.gxl.ai/citations/papers/143485503;https://paperclip.gxl.ai/citations/papers/135201815
463,Eptaloprost,"Hildebrand M, Inter-species Extrapolation of Pharmacokinetic Data of Three Procyclin-Mimetics, Prostaglandins, 1994, 48, 297-312.",7531864,,140987491,100.0,0,1 of 1 distinct cited papers matched in Paperclip.,https://paperclip.gxl.ai/citations/papers/140987491
464,Eptifibatide,"Gretler D, Guerciolini R, and Williams PJ (2004) Pharmacokinetic and pharmacodynamic properties of eptifibatide in subjects with normal or impaired renal function. Clin. Ther. 26: 390-398.  Integrilin Product Label.",15110131,,135811449,100.0,0,1 of 1 distinct cited papers matched in Paperclip. 1 non-paper source segment(s) excluded.,https://paperclip.gxl.ai/citations/papers/135811449
465,Eravacycline,"Kevin P. Connors, Seth T. Housman, J. Samuel Pope, John Russomanno, Edward Salerno, Eric Shore, Susan Redican, David P. Nicolau. Phase I, Open-Label, Safety and Pharmacokinetic Study To Assess Bronchopulmonary Disposition of Intravenous Eravacycline in Healthy Men and Women. Antimicrobial Agents and Chemotherapy, 2014, 58 (4), 2113–2118.",24468780,PMC4023791,75706532,100.0,0,1 of 1 distinct cited papers matched in Paperclip.,https://paperclip.gxl.ai/citations/papers/75706532
466,Ergotamine,"Ibraheem JJ, Paalzow L, and Tfelt-Hansen P (1985) Linear pharmacokinetics of intravenous ergotamine tartrate.  Eur. J. Clin. Pharmacol. 29: 61-66.",3932078,,133892755,100.0,0,1 of 1 distinct cited papers matched in Paperclip.,https://paperclip.gxl.ai/citations/papers/133892755
467,Eribulin,"A Phase I Study of EribulinMesylate (E7389), a Mechanistically Novel Inhibitor of Microtubule Dynamics, in Patients with Advanced SolidMalignancies
Sanjay Goel, Alain C.Mita, MonicaMita, Eric K. Rowinsky, Quincy S. Chu, NancyWong, Christopher Desjardins, FangF ang, Mendel Jansen, Dale E. Shuster,SridharMani,and Chris H.Takimoto. Clin Cancer Res 2009;15:4207-. ppb: The PDr reports: The human plasma protein binding of eribulin  at concentrations of 100 ng/mL to 1,000 ng/mL ranges from 49% to 65%. 57% taken as median. Accessed December 31 2014. http://www.pdr3d.com/detail.php?c=128591#section-12",19509177,,106713274,100.0,0,1 of 1 distinct cited papers matched in Paperclip. 1 non-paper source segment(s) excluded.,https://paperclip.gxl.ai/citations/papers/106713274
468,Eritoran,"Wong YN, Rossignol D, Rose JR, Kao R, Carter A, and Lynn M (2003) Safety, pharmacokinetics, and pharmacodynamics of E5564, a lipid A antagonist, during an ascending single-dose clinical study.  J. Clin. Pharmacol. 43: 735-742.  Rossignol DP, Wasan KM, Choo E Yau E, Wong N, Rose J, Moran J, and Lynn M (2004) Safety, pharmacokinetics, pharmacodynamics, and plasma lipoprotein distribution of eritoran (E5564) during continuous intravenous infusion into healthy volunteers.    Antimic. Agents Chemother. 48: 3233-3240.",12856387;15328078,PMC514793,180678075;134590476,100.0,0,2 of 2 distinct cited papers matched in Paperclip.,https://paperclip.gxl.ai/citations/papers/180678075;https://paperclip.gxl.ai/citations/papers/134590476
469,Erlotinib,"A phase I dose-escalation and bioavailability study of oral and intravenous formulations of erlotinib (Tarceva®, OSI-774) in patients with advanced solid tumors of epithelial origin M. Ranson · H. Shaw · J. Wolf · M. Hamilton ·S. McCarthy · E. Dean · A. Reid · I. Judson. Cancer Chemother Pharmacol (2010) 66:53–58. ppb; The PDR states: Following absorption, erlotinib is approximately 93% protein bound to albumin and alpha-1 acid glycoprotein (AAG). Accessed december 31 2014. http://www.pdr3d.com/detail.php?c=3144#section-3",19956953,,104142119,100.0,0,1 of 1 distinct cited papers matched in Paperclip. 1 non-paper source segment(s) excluded.,https://paperclip.gxl.ai/citations/papers/104142119
470,Ertapenem,"Majumdar AK, Musson DG, Birk KL, Kitchen CJ, Holland S, McCrea J, Mistry G, Hesney M, Xi L, Li SX, Haesen R, Blum RA, Lins RL, Greenberg H, Waldman S, Deutsch P, and Rogers JD (2002) Pharmacokinetics of ertapenem in healthy young volunteers.  Antimic. Agents Chemother. 46: 3506-3511.",12384357,PMC128708,142276940,100.0,0,1 of 1 distinct cited papers matched in Paperclip.,https://paperclip.gxl.ai/citations/papers/142276940
471,Erythromycin,"Welling, PG; Craig, WA. Pharmacokinetics of Intravenous Erythromycin. Journal of phermaceutical Sciences 1978, 67(8), 1057-1059.",671237,,122653764,100.0,0,1 of 1 distinct cited papers matched in Paperclip.,https://paperclip.gxl.ai/citations/papers/122653764
472,Escin Ia,"A liquid chromatography–tandem mass spectrometry method for the simultaneous quantification of escin Ia and escin Ib in human plasma: application to a pharmacokinetic study after intravenous administration. Lidong Liu, Xiujun Wu,Dan Wu, Yingwu Wang, Pengfei Li, Yantong Sun, Yan Yang, Jingkai Gua and Yimin Cui. Biomed. Chromatogr. 2010; 24: 1309–1315",20662111,,101975038,100.0,0,1 of 1 distinct cited papers matched in Paperclip.,https://paperclip.gxl.ai/citations/papers/101975038
473,Escin Ib,"A liquid chromatography–tandem mass spectrometry method for the simultaneous quantification of escin Ia and escin Ib in human plasma: application to a pharmacokinetic study after intravenous administration. Lidong Liu, Xiujun Wu,Dan Wu, Yingwu Wang, Pengfei Li, Yantong Sun, Yan Yang, Jingkai Gua and Yimin Cui. Biomed. Chromatogr. 2010; 24: 1309–1315",20662111,,101975038,100.0,0,1 of 1 distinct cited papers matched in Paperclip.,https://paperclip.gxl.ai/citations/papers/101975038
474,Esmolol,"Sum CY, Yacobi A, Kartzinel R, Stampfli H, Davis CS, and Lai CM (1983) Kinetics of esmolol, an ultra-short-acting beta blocker, and of its major metabolite. Clin. Pharmacol. Ther. 34: 427-434.  Okamura M, Kumagai M, Murasaki Y, Ohkura T, Miyamoto Y, Kawai Y, Tamura T, Takariki Y, and Tomisawa H (2001) Stereoselective pharmacokinetics of esmolol enantiomers.  Yakubutsu Dotai 16: 427-435.",6617063,,100053209,50.0,0,1 of 2 distinct cited papers matched in Paperclip. Unmatched citations: Stereoselective pharmacokinetics of esmolol enantiomers.,https://paperclip.gxl.ai/citations/papers/100053209
475,Esomeprazole,"PP. FDA approval package. 2004-Jun-18  PDF(2708k)
Clinical Pharmacology and Biopharmaceutics Review 021689/S-000 ",,,,,,No identifiable paper citations; non-paper sources excluded.,
476,Estradiol,"Kuhnz W, Gansau C, and Mahler M (1993) Pharmacokinetics of estradiol, free and total estrone, in young women following single intravenous and oral administration of 17beta estradiol.  Arz. Forsch. 43: 966-973.  Bruning PF and Bonfrer JMG (1986) Free fatty acid concentrations correlated with the available fraction of estradiol in human plasma.  Cancer Res. 46: 2606-2609.",8240460;3698000,,189047806;185435516,100.0,0,2 of 2 distinct cited papers matched in Paperclip.,https://paperclip.gxl.ai/citations/papers/189047806;https://paperclip.gxl.ai/citations/papers/185435516
477,Estramustine phosphate,"Hudes G, Haas N, Yeslow G, Gillon T, Gunnarsson PO, Ellman M, Nordle O, Eriksson B, Miller L, Cisar L, Kopreski M, Viaro D, and Hartley-Asp B (2002) Phase I clinical and pharmacologic trial of intravenous estramustine phosphate.  J. Clin. Oncol.  20: 1115-1127.  Gunnarsson PO, Andersson SB, Johansson SA, Nilsson T, and Plym-Forshell G (1984) Pharmacokinetics of estramustine phosphate (Estracyt) in prostatic cancer patients.  Eur. J. Clin. Pharmacol. 26: 113-119.//ppb: Charles D. Smith, Jack T. Zilfou, Xinqun Zhang, Gary R. Hudes, and Kenneth D. Tew. Modulation of P-Glycoprotein Activity by Estramustine Is Limited by Binding to Plasma Proteins. Cancer, 1995,75, 2597-2604.",11844837;6714283;7736407,,52146789;133531313;124982418,100.0,0,3 of 3 distinct cited papers matched in Paperclip.,https://paperclip.gxl.ai/citations/papers/52146789;https://paperclip.gxl.ai/citations/papers/133531313;https://paperclip.gxl.ai/citations/papers/124982418
478,Ethacrynic Acid,"Lacreta FP, Brennan JM, Nash SL, Comis RL, Tew KD, and O'Dwyer P (1994) Pharmacokinetics and bioavailability study of ethacrynic acid as a modulator of drug resistance in patients with cancer.  J. Pharmacol. Exp. Ther. 270:  1186-1191.",7932170,,188913305,100.0,0,1 of 1 distinct cited papers matched in Paperclip.,https://paperclip.gxl.ai/citations/papers/188913305
479,Ethambutol,"Lee CS Brater DC, Gambertoglio JG, and Benet LZ (1980) Disposition kinetics of ethambutol in man.  J. Pharmacokinet. Biopharm. 8: 335-346.   Holdiness MR (1984) Clinical pharmacokinetics of the antituberculosis drugs.  Clin. Pharmacokinet. 9: 511-544.",7431225,,131571190,50.0,0,1 of 2 distinct cited papers matched in Paperclip. Unmatched citations: Clinical pharmacokinetics of the antituberculosis drugs.,https://paperclip.gxl.ai/citations/papers/131571190
480,Ethimizol,"Trnovec T; Soltes L; Durisova M; Kallay Z; Koprda V; Piotrovskii L B  Pharmacokinetics of ethimizol in man. Die Pharmazie (1985), 40(6), 410-1",4034651,,185712201,100.0,0,1 of 1 distinct cited papers matched in Paperclip.,https://paperclip.gxl.ai/citations/papers/185712201
481,Ethinylestradiol,"Kuhnz W, Humpel M, Biere H, and Gross D (1996) Influence of repeated oral doses of ethinyloestradiol on the metabolic disposition of [13C2]-ethinyloestradiol in young women.  Eur. J. Clin. Pharmacol. 50: 231-235.  Kuhnz W, Pfeffer M, and Al-Yacoub G (1990) Protein binding of the contraceptive steroids gestodene, 3-keto-desogestrel and ethinylestradiol in human serum.  J. Ster. Biochem.  35: 313-318.  Pacifici GM, Viani A, Rizzo G, and Carrai M (1989) Plasma protein binding of ethinylestradiol: effect of disease and interaction with drugs.    Int. J. Clin. Pharmacol. Ther. Toxicol.  27: 362-365.",8737765;2308344;2777426,,144087895;140731655;184469015,100.0,0,3 of 3 distinct cited papers matched in Paperclip.,https://paperclip.gxl.ai/citations/papers/144087895;https://paperclip.gxl.ai/citations/papers/140731655;https://paperclip.gxl.ai/citations/papers/184469015
482,Ethinylestradiol-17-Sulfate,"Goldzieber JW, Mileikowsky G, Newburger J, Dorantes A, and Stavchansky SA (1988) Human pharmacokinetics of ethinyl estradiol 3-sulfate and 17-sulfate.  Steroids 51: 63-79.",3242167,,140489777,100.0,0,1 of 1 distinct cited papers matched in Paperclip.,https://paperclip.gxl.ai/citations/papers/140489777
483,Ethinylestradiol-3-Sulfate,"Goldzieber JW, Mileikowsky G, Newburger J, Dorantes A, and Stavchansky SA (1988) Human pharmacokinetics of ethinyl estradiol 3-sulfate and 17-sulfate.  Steroids 51: 63-79.  Reed MJ and Fotherby K (1980) Interaction of ethinyloestradiol sulphate with plasma proteins.  J. Steroid Biochem. 13: 495-497.",3242167,,140489777,50.0,0,1 of 2 distinct cited papers matched in Paperclip. Unmatched citations: Interaction of ethinyloestradiol sulphate with plasma proteins.,https://paperclip.gxl.ai/citations/papers/140489777
484,Etilefrine,"Hengstmann JH, Weyand U, and Dengler HJ (1975) The physiological disposition of etilefrine in man.  Eur. J. Clin. Pharmacol.  9: 179-187.",9300,,133642380,100.0,0,1 of 1 distinct cited papers matched in Paperclip.,https://paperclip.gxl.ai/citations/papers/133642380
485,Etomidate,"Van hamme MJ, Ghoneim MM, and Ambre JJ (1978) Pharmacokinetics of etomidate, a new intravenous anesthetic.  Anesthesiology 49: 274-277.   de Ruiter G, Popescu DT, deBoer AG, Smeekens JB, Breimer DD (1981) Pharmacokinetics of etomidate in surgical patients. Arch. Int. Pharmacodynam. Ther. 249: 180-188.  Meuldermans WEG and Heykants JJP (1976) The plasma protein binding and distribution of etomidate in dog, rat and human blood.  Arch. Int. Pharmacodynam. Ther. 221: 150-162.",697083;7224720;962425,,122116629;188592150;189559165,100.0,0,3 of 3 distinct cited papers matched in Paperclip.,https://paperclip.gxl.ai/citations/papers/122116629;https://paperclip.gxl.ai/citations/papers/188592150;https://paperclip.gxl.ai/citations/papers/189559165
486,Etonogestrel,"PP. FDA approval package. 2006-Jun-16  PDF(2755k)
Clinical Pharmacology and Biopharmaceutics Review 021529/S-000",,,,,,No identifiable paper citations; non-paper sources excluded.,
487,Etoposide,"Pfluger KH, Schmidt L, Merkel M, Jungelas H, and Havemann K (1987) Drug monitoring of etoposide (VP16-213).  Canc. Chemother. Pharmacol. 20: 59-66.  Kaul S, Igwemezie LN, Stewart DJ, Fields SZ, Kosty M, Levithan N, Bukowski R, Gandara D, Goss G, et al. (1995) Pharmacokinetics and bioequivalence of etoposide following intravenous administration of etoposide phosphate and etoposide in patients with solid tumors.  J. Clin. Oncol. 13: 2835-2841.  Lee, KJ, Mower R, Hollenbeck T, Castelo J, Johnson N, Gordon P, Sinko PJ, Holme K, and Lee YH (2003) Modulation of nonspecific binding in ultrafiltration protein binding studies.   Pharm. Res. 20: 1015-1021.",7595746;12880287,,52642173;137952822,66.67,0,"2 of 3 distinct cited papers matched in Paperclip. Unmatched citations: Pfluger KH, Schmidt L, Merkel M, Jungelas H, and Havemann K . Drug monitoring of etoposide (VP16-213). Canc. Chemother. Pharmacol. 20: 59-66.",https://paperclip.gxl.ai/citations/papers/52642173;https://paperclip.gxl.ai/citations/papers/137952822
488,Etoricoxib,"Rodrigues AD, Halpin RA, Geer LA, Cui D, Woolf EJ, Matthews CZ, Gottesdiener KM, Larson PJ, Lasseter KC, and Agrawal NGB (2003) Absorption, metabolism, and excretion of etoricoxib, a potent and selective cyclooxygenase-2 inhibitor, in healthy male volunteers.    Drug Metab. Dispos. 31: 224-232.  Agrawal NGB, Rose MJ, Matthews CZ, Woolf EJ, Porras AG, Geer LA, Larson PJ, Cote J, Dilzer SC,  Lasseter KC, Alam I, Petty KJ, and Gottesdiener KM (2003) Pharmacokinetics of etoricoxib in patients with hepatic impairment.  J. Clin. Pharmacol. 43: 1136-1148.",12527704;14517196,,140704695;137354013,100.0,0,2 of 2 distinct cited papers matched in Paperclip.,https://paperclip.gxl.ai/citations/papers/140704695;https://paperclip.gxl.ai/citations/papers/137354013
489,Evacetrapib,"Ellen A. Cannady, Aktham Aburub,Chris Ward, Chris Hinds Boris Czeskis, Kenneth Ruterbories, Jeffrey G. Suico, Jane Royalty Demetrio Ortega, Brian W. Pack, Syed L. Begum, William F. Annes, Qun Lin, and David S. Small. Absolute bioavailability of evacetrapib in healthy subjects determined by simultaneous administration of oral evacetrapib and intravenous [13C8]-evacetrapib as a tracer. J. Label Compd. Radiopharm 2016, 59 238–244.//ppb: Friedrich S, Kastelein JJP, James D, Waterhouse T, Nissen SE, Nicholls SJ, Krueger KA. The pharmacokinetics and pharmacokinetic/pharmacodynamic relationships of evacetrapib administered as monotherapy or in combination with statins. CPT: Pharmacometrics Syst Pharmacol 2014; 3: e94",26639670;24452615,PMC5064742;PMC3910017,PMC5064742;PMC3910017,100.0,100,2 of 2 distinct cited papers matched in Paperclip.,https://paperclip.gxl.ai/citations/papers/PMC5064742;https://paperclip.gxl.ai/citations/papers/PMC3910017
490,Exatecan (acid),"Royce ME, Rowinsky EK, Hoff PM, Coyle J, DeJager R, Pazdur R, and Saltz LB (2004) A phase II study of intravenous exatecan mesylate (DX-8951f) administered daily for five days every three weeks to patiets with metastatic adenocarcinoma of the colon or rectum.  Invest. New Drugs 22: 53-61.",14707494,,136727127,100.0,0,1 of 1 distinct cited papers matched in Paperclip.,https://paperclip.gxl.ai/citations/papers/136727127
491,Ezogabine,"http://www.accessdata.fda.gov/drugsatfda_docs/label/2011/022345s000lbl.pdf. accessed March 13 2012.http://www.pdr3d.com/detail.php?c=126688#section-15 ppb: the PDR states: Data from in vitro studies indicate that ezogabine and NAMR are approximately 80% and 45% bound to plasma protein, respectively. (NAMR is a metabolite). Accessed December 31 2014. http://www.pdr3d.com/detail.php?c=126688#section-15",,,,,,No identifiable paper citations; non-paper sources excluded.,
492,F992,"T. Callréus, J. Lundahl, A. Broeders, P. Höglund.  Pharmacokinetics and antidiuretic effect of a new vasopressin analogue (F992) in overhydrated male volunteers. Eur J Clin Pharmacol (1999) 55: 293-298.",10424322,,143577569,100.0,0,1 of 1 distinct cited papers matched in Paperclip.,https://paperclip.gxl.ai/citations/papers/143577569
493,Falipamil,"Roth, W.; Koss, F. W.; Hallinan, D.; Lambe, R.; Darragh, A.. Pharmacokinetics of falipamil after intravenous administration to humans. J. Pharm. Sci. 1990, 79, 415-419.",2352161,,122518308,100.0,0,1 of 1 distinct cited papers matched in Paperclip.,https://paperclip.gxl.ai/citations/papers/122518308
494,Famotidine,"Yeh KC, Chremos AN, Lin JH, Constanzer ML, Kanovsky SM, Hucker HB, Antonello J, Vlasses P, Ryan JR, and Williams RL (1987) Single-dose pharmacokinetics and bioavailability of famotidine in man.  Results of multicenter collaborative studies.  Biopharm. Drug Dispos. 8: 549-560.",2892544,,122515128,100.0,0,1 of 1 distinct cited papers matched in Paperclip.,https://paperclip.gxl.ai/citations/papers/122515128
495,Faropenem,"Pharmacokinetics of faropenem after multiple intravenous infusion administration in Chinese healthy volunteersSU K e- jian, SUN L,i YANG Juan, LIU Jin Chinese Journal of Clinical Pharmacology, 2011, 27, 110-113",,,,0.0,0,"0 of 1 distinct cited papers matched in Paperclip. Unmatched citations: Pharmacokinetics of faropenem after multiple intravenous infusion administration in Chinese healthy volunteersSU K e- jian, SUN L,i YANG Juan, LIU Jin Chinese Journal of Clinical Pharmacology,.",
496,Fasudil,"HAN Min, CHEN Huaying, LIN Yang , ZHOU Zijie, WANG Lifeng, BAI Mei, LI Jing, WANG K. The Investigation on Pharmacokinetics of FasudilAfter a Single Dose Intravenous infusion. Chin Pharm. J. 2011, 46, 293-296.",,,,0.0,0,0 of 1 distinct cited papers matched in Paperclip. Unmatched citations: The Investigation on Pharmacokinetics of FasudilAfter a Single Dose Intravenous infusion.,
497,Felodipine,"Edgar B, Regardh CG, Johnsson G, Johansson L, Lundborg P, Lofberg I, and Ronn O (1985) Felodipine kinetics in healthy men.  Clin. Pharmacol. Ther. 38: 205-211.",4017422,,100771830,100.0,0,1 of 1 distinct cited papers matched in Paperclip.,https://paperclip.gxl.ai/citations/papers/100771830
498,Fenoldopam,"PP. Fenoldopam Mesylate - FDA Approval Package
Clinical Pharmacology and Biopharmaceutics Review 019922 1997-Sep-25  PDF(1763k)",,,,,,No identifiable paper citations; non-paper sources excluded.,
499,Fenoprofen," Physiological disposition of fenoprofen in man.  II.  Plasma and Urine Pharmacokinetics after Oral and Intravenous Administration. Rubin, Alan; Rodda, Bruce E.; Warrick, Patricia; Ridolfo, Anthony; Gruber, Charles M.  Journal of Pharmaceutical Sciences (1971), 60(12), 1797-801. ppb: Physiological disposition of fenoprofen in man.  III.  Metabolism and protein binding of fenoprofen. Rubin, Alan; Warrick, Patricia; Wolen, Robert L.; Chernish, Stanley M.; Ridolfo, Anthony S.; Gruber, Charles M., Jr. J. Pharmacol. Exp. Ther.  1972, 183, 449-457. ",,,,0.0,0,0 of 2 distinct cited papers matched in Paperclip. Unmatched citations: Plasma and Urine Pharmacokinetics after Oral and Intravenous Administration | Metabolism and protein binding of fenoprofen.,
500,Fenoterol,"Warnke K, Hildebrandt R, Gunther K, Langen U, and Gundert-Remy U (1992) The pharmacokinetics of the beta2-adrenoreceptor agonist fenoterol in healthy women.  Eur. J. Clin. Pharmacol.  43: 663-665.  Heel RC, Brigden RN, Speight TM, and Avery GS (1978) Fenoterol: a review of its pharmacological properties and therapeutic efficacy in asthma.  Drugs 15: 3-32.",1493852,,127375748,50.0,0,1 of 2 distinct cited papers matched in Paperclip. Unmatched citations: Fenoterol: a review of its pharmacological properties and therapeutic efficacy in asthma.,https://paperclip.gxl.ai/citations/papers/127375748
501,Fenspiride,"Montes B, Catalan M, Roces A, Jeanniot JP, and Honorato JM (1993) Single-dose pharmacokinetics of fenspiride hydrochloride: phase I clinical trial.  Eur. J. Clin. Pharmacol. 45: 169-172.  ",7901024,,133730995,100.0,0,1 of 1 distinct cited papers matched in Paperclip.,https://paperclip.gxl.ai/citations/papers/133730995
502,Fentanyl,"Fung DL and Eisele JH (1980) Fentanyl pharmacokinetics in awake volunteers.  J. Clin. Pharmacol.  20: 652-658.  Schleimer R, Benjamani E, Eisele J, and Henderson G (1977) Pharmacokinetics of fentanyl as determined by radioimmunoassay.  Clin. Pharmacol. Ther.  23: 188-194.  Meuldermans WEG, Hurkmans RMA, and Heykants JJP (1982) Plasma protein binding and distribution of fentanyl, sufentanil, alfentanil and lofentanil in blood.    Arch. Int. Pharmacodyn. Ther. 257: 4-19.",7229112;620479;6214227,,82265436;61455569;188021413,100.0,0,"3 of 3 distinct cited papers matched in Paperclip. Bibliographic match checked against title, author and pagination at https://pubmed.ncbi.nlm.nih.gov/620479/.",https://paperclip.gxl.ai/citations/papers/82265436;https://paperclip.gxl.ai/citations/papers/61455569;https://paperclip.gxl.ai/citations/papers/188021413
503,Fimasartan,"Jong-Lyul Ghim, Soo Heui Paik,  M. Hasanuzzaman, Yong Ha Chi, Hyang-Ki Choi,  Dong-Hyun Kim,  Jae-Gook Shin.  Absolute Bioavailability and Pharmacokinetics of the Angiotensin II Receptor Antagonist Fimasartan in Healthy Subjects. J. Clin. Pharmacol. 2016, 56, 576-580.",26272450,,63925073,100.0,0,1 of 1 distinct cited papers matched in Paperclip.,https://paperclip.gxl.ai/citations/papers/63925073
504,Finafloxacin,"Max Taubert, Joseph Chiesa, Mark Lückermann, Carsten Fischer, Axel Dalhoff,Uwe Fuhr. Pharmacokinetics of intravenous finafloxacin in healthy volunteers. Antimicr. Agents Chemother. 2017. Posted on line August 7 2017. doi:10.1128/AAC.01122-17.",28784673,PMC5610496,47372392,100.0,0,1 of 1 distinct cited papers matched in Paperclip.,https://paperclip.gxl.ai/citations/papers/47372392
505,Finasteride,"Steiner JF (1996) Clinical pharmacokinetics and pharmacodynamics of finasteride.  Clin. Pharmacokinet. 30: 16-27.  Carlin JR, Hoglund P, Eriksson LO, Christofalo P, Gregoire SL, Taylor AM, and Andersson KE (1992) Disposition and pharmacokinetics of [14C]finasteride after oral administration in humans.  Drug Metab. Dispos. 20: 148-155",1352203,,181153863,50.0,0,1 of 2 distinct cited papers matched in Paperclip. Unmatched citations: Clinical pharmacokinetics and pharmacodynamics of finasteride.,https://paperclip.gxl.ai/citations/papers/181153863
506,Fingolimod,"PP. Fingolimod Hydrochloride - FDA Approval Package
Pharmacology Review 022527/S-000 Part 04",,,,,,No identifiable paper citations; non-paper sources excluded.,
507,Flavopiridol,"Zhai S Sausville EA, Senderowicz AM, Ando Y, Headlee D, Messmann RA, Arbuck S, Murgo AJ, Melillo G, Fuse E, and Figg WD (2003) Clinical pharmacology and pharmacogenetics of flavopiridol 1-h i.v. infusion in patients with refractory neoplasms.  Anti-Cancer Drugs. 14: 125-135.  Rudek MA, Bauer KS, Lush RM, Stinson SF,  Senderowicz AM, Headlee DJ, Arbuck SG,  Cox MC, Murgo AJ, Sausville EA, and Figg WD (2003) Clinical pharmacology of flavopiridol following a 72-hour continuous infusion.  Ann. Pharmacother. 37: 1369-1374. ",12569299;14519054,,139266583;138154977,100.0,0,2 of 2 distinct cited papers matched in Paperclip.,https://paperclip.gxl.ai/citations/papers/139266583;https://paperclip.gxl.ai/citations/papers/138154977
508,Flecainide,"Wang T, Siddoway LA, Thompson KA, Conard GJ, Bergstrand RH, Kvam D, Roden DM, and Woosley RL (1988) The development and testing of intravenous dosing regimens: application to flecainide for teh suppression of ventricular arrhythmias.  Clin. Pharmacol. Ther. 43: 499-508.  Tjandra-Maga TB, Verbesselt R, Van Hecken A, Mullie A, and DeSchepper PJ (1986) Flecainide: single and multiple oral dose kinetics, absolute bioavailability and effect of food and antacid in man.  Br. J. Clin. Pharmacol. 22: 309-316.  Munafo A, Buchlin T, Tuto D, and Biollaz J (1992) The effect of low dose quinidine on the disposition of flecainide in healthy volunteers.  Eur. J. Clin. Pharmacol. 43: 441-443.  Johnston A, Muhiddin KA, and Hamer J (1982) Serum protein binding of flecainide.  Br. J. Clin. Pharmacol. 13: 606P.",3130211;3094570;1451729,PMC1401142,100772231;86842950;128367903,75.0,0,3 of 4 distinct cited papers matched in Paperclip. Unmatched citations: Serum protein binding of flecainide.,https://paperclip.gxl.ai/citations/papers/100772231;https://paperclip.gxl.ai/citations/papers/86842950;https://paperclip.gxl.ai/citations/papers/128367903
509,Fleroxacin,"Weidekamm E, Portmann R, Suter K, Partos C, Dell D, and Lucker PW (1987) Single- and multiple-dose pharmacokinetics of fleroxacin, a trifluorinated quinolone, in humans.  Antimic. Agents Chemother. 31: 1909-1914.  Bergogne-Berezin E (2002) Clinical role of protein binding of quinolones.  Clin. Pharmacokinet. 41: 741-750.",3125788;12162760,PMC175826,86916990;127009366,100.0,0,2 of 2 distinct cited papers matched in Paperclip.,https://paperclip.gxl.ai/citations/papers/86916990;https://paperclip.gxl.ai/citations/papers/127009366
510,Flomoxef,"Saito, Haruo; Kimura, Tadashi; Takeda, Taizo; Kishimoto, Seiji; Oguma, Takayoshi; Shimamura, Kenji. Pharmacokinetics of flomoxef in mucosal tissue of the middle ear and mastoid following intravenous administration in humans. Chemotherapy (Basel, Switzerland), 1990, 36, 193-199.//ppb:Hamada, Toshihiro; Ueta, Eisaku; Kodama, Hiroyuki; Osaki, Tokio. The excretion of cephem antibiotics into saliva is inversely associated with their plasma protein-​binding activities. J. Oral Pathol. Med. 2002, 31, 109-116. ",2338030;11896833,,105364230;99021807,100.0,0,2 of 2 distinct cited papers matched in Paperclip.,https://paperclip.gxl.ai/citations/papers/105364230;https://paperclip.gxl.ai/citations/papers/99021807
511,Flucloxacillin,"Adam D, Koeppe P, and Heilmann (1983) Pharmacokinetics of amoxicillin and flucloxacillin following the simultaneous intravenous administration of 4 g and 1 g respectively.  Infection  11: 150-154.  Bergan T, Engeset A, Olszewski W, Oestby N, and Solberg R (1986) Extravascular penetration of highly protein-bound flucloxacillin.  Antimic. Agents Chemother. 30: 729-732.  Roder BL, Frimodt-Moller, Espersen F, and Rasumussen SN (1995) Dicloxacillin and flucloxacillin: pharmacokinetics, protein binding and serum bacteriocidal titers in healthy subjects after oral administration.  Infection 23: 107-112.",6885174;3800349;7622258,PMC176522,129167742;87171853;129377161,100.0,0,3 of 3 distinct cited papers matched in Paperclip.,https://paperclip.gxl.ai/citations/papers/129167742;https://paperclip.gxl.ai/citations/papers/87171853;https://paperclip.gxl.ai/citations/papers/129377161
512,Fluconazole,"Foulds G, Wajszczuk C, Weidler DJ, Garg DJ, and Gibson P (1988) Steady state parenteral kinetics of fluconazole in man.  Ann. N.Y. Acad. Sci. 544: 427-30.  Humphrey MJ, Jevons S, and Tarbit MH (1985) Pharmacokinetic evaluation of UK-49,858, a metabolically stable triazole antifungal drug, in animals and humans. Animic. Agents Chemother. 28: 648-653.",3004323,PMC176350,86916864,50.0,0,1 of 2 distinct cited papers matched in Paperclip. Unmatched citations: Steady state parenteral kinetics of fluconazole in man.,https://paperclip.gxl.ai/citations/papers/86916864
513,Flucytosine,"Cutler RE, Blair AD, and Kelly MR (1978) Flucytosine kinetics in subjects with normal and impaired renal function.  Clin. Pharmacol. Ther. 24; 333-342.  Lee KJ, Mower R, Hollenbeck T, Castelo J, Johnson N, Gordon P, Sinko PJ, Holme K, and Lee YH (2003) Modulation of nonspecific binding in ultrafiltration protein binding studies.  Pharm. Res. 20: 1015-1021.",688726;12880287,,61705660;137952822,100.0,0,2 of 2 distinct cited papers matched in Paperclip.,https://paperclip.gxl.ai/citations/papers/61705660;https://paperclip.gxl.ai/citations/papers/137952822
514,Fludarabine,"Kuo GM, Boumpas DT, Illei GG, Yarboro C, Pucino F, and Burstein AH (2001) Fludarabine pharmacokinetics after subcutaneous and intravenous administration in patients with lupus nephritis. Pharmacother. 21: 528-533.  Knebel W, David JC, Sanders WD, Fessler B, Yarboro C, Pucino F, and Boumpas DT (1998) The pharmacokinetics and pharmacodynamics of fludarabine in rheumatoid arthritis.  Pharmacotherapy 18: 1124-1229.   Fludara Product Label",11349741;9855320,,134869509;189636231,100.0,0,2 of 2 distinct cited papers matched in Paperclip. 1 non-paper source segment(s) excluded.,https://paperclip.gxl.ai/citations/papers/134869509;https://paperclip.gxl.ai/citations/papers/189636231
515,Flumazenil,"Janssen U, Walker S, Maier K, von Gaisberg U, and Klotz U (1989) Flumazenil disposition and elimination in cirrhosis.  Clin. Pharmacol. Ther.  46: 317-323. Pomier-Layrargues G, Giguere JF, Lavoie J, Willems B, and Butterworth RF (1989) Pharmacokinetics of benzodiazepine antagonist RO 15-1788 in cirrhotic patients with moderate or severe liver dysfunction.  Hepatology  10: 969-972.  Klotz U, Ziegler G, and Reimann IW (1984)  Pharmacokinetics of the selective benzodiazepine antagonist Ro 15-1788 in man.  Eur. J. Clin. Pharmacol. 27: 115-117. ",2505960;2511137;6436030,,100054321;119401741;188129592,100.0,0,3 of 3 distinct cited papers matched in Paperclip.,https://paperclip.gxl.ai/citations/papers/100054321;https://paperclip.gxl.ai/citations/papers/119401741;https://paperclip.gxl.ai/citations/papers/188129592
516,Flunisolide,"Flunisolide metabolism and dynamics of a metabolite.Chaplin MD, Rooks W II, Swenson EW, Cooper WC, Nerenberg C and Chu NI. Clin Pharmacol Ther 1980, 27:402-413.//ppb: Loren M. Berry, Chao Li, and Zhiyang Zhao. Species Differences in Distribution and Prediction of Human Vss from Preclinical Data Drug Metab. Disp. 2011, 39, 2103-2106.",7357797;21852367,,102767041;94292232,100.0,0,2 of 2 distinct cited papers matched in Paperclip.,https://paperclip.gxl.ai/citations/papers/102767041;https://paperclip.gxl.ai/citations/papers/94292232
517,Flunitrazepam,"Kangas L, Kanto J, and Pakkanen A (1982) A pharmacokinetic and pharmacodynamic study of flunitrazepam.  Int. J. Clin. Pharmacol. Ther. Toxicol.  20: 585-588.  Lucek RW and Coutinho CB (!976) The role of substituents in the hydrophobic binding of the 1,4-benzodiazepines by human plasma proteins.  Molec. Pharmacol. 12:  612-619.",,,,0.0,0,"0 of 1 distinct cited papers matched in Paperclip. Unmatched citations: Lucek RW and Coutinho CB (!976) The role of substituents in the hydrophobic binding of the 1,4-benzodiazepines by human plasma proteins.",
518,Fluocortolone,"Täuber U, Haack D, Nieuweboer B, Kloss G, Vecsei P, Wendt H. The pharmacokinetics of fluocortolone and prednisolone after intravenous and oral administration. Int J Clin Pharmacol Ther Toxicol. 1984, 22, 48-55.//ppb: Fellier, H.; Gleispach, H.; Esterbauer, H. Binding of cortisol, fluocortolone, and difluocortolone to human plasma proteins.  J. Clin. Chem. Clin. Biochem. 1977, 15, 545-548",6698661,,188291601,50.0,0,"1 of 2 distinct cited papers matched in Paperclip. Unmatched citations: Binding of cortisol, fluocortolone, and difluocortolone to human plasma proteins.",https://paperclip.gxl.ai/citations/papers/188291601
519,Fluorescein,"Larsen M, Loft S, Hommel E, and Lund-Andersen H (1988) Fluorescein and fluorescein glucuronide in plasma after intravenous injection of fluorescein.  Acta Opthamol. 66: 427-432.  ",3195322,,106498842,100.0,0,1 of 1 distinct cited papers matched in Paperclip.,https://paperclip.gxl.ai/citations/papers/106498842
520,"fluorodideoxycytidine, 2- (2FddC)","Williams, P. E. O.; Muirhead, G. J.; Sereni, D.; Rousseau, F. S.; Edelman, K.; Hooker, M. Pharmacokinetics of 2-​fluorodideoxycytidine (2FddC) in patients infected with human immunodeficiency virus. British Journal of Clinical Pharmacology (1993), 35(3), 255-260",8385974,PMC1381571,87653061,100.0,0,1 of 1 distinct cited papers matched in Paperclip.,https://paperclip.gxl.ai/citations/papers/87653061
521,"Fluorouracil, 5-","Port RE, Daniel B, Ding RW, and Herrmann R (1991) Relative importance of dose, body surface area, sex, and age for 5-flurouracil clearance.  Oncology 48: 277-281.  Schaaf LJ, Dobbs BR, Edwards IR, and Perrier DG (1987) Nonlinear pharmacokinetic characteristics of 5-fluorouracil (5-FU) in colorectal cancer patients.  Eur. J. Clin. Pharmacol. 32: 411-418.  Esposito M, Rosso R, and Santi L (1974) Plasma protein binding of antineoplastic drugs in rats and humans.  IRCS Library Compendium 2: 1180.",1891168;3609119,,106382551;133156160,66.67,0,2 of 3 distinct cited papers matched in Paperclip. Unmatched citations: Plasma protein binding of antineoplastic drugs in rats and humans.,https://paperclip.gxl.ai/citations/papers/106382551;https://paperclip.gxl.ai/citations/papers/133156160
522,Flupentixol,"Joergensen, A.; Andersen, J.; Bjoerndal, N.; Dencker, S. J.; Lundin, L.; Malm, U. Serum concentrations of cis(Z)-flupentixol and prolactin in chronic schizophrenic patients treated with
flupentixol and cis(Z)-flupentixol decanoate. Psychopharmacol.1982, 77, 58-65.",6812119,,133811101,100.0,0,1 of 1 distinct cited papers matched in Paperclip.,https://paperclip.gxl.ai/citations/papers/133811101
523,Fluphenazine,"Koytchev R. et al. Absolute bioavailability of oral immediate and slow release fluphenazine in healthy volunteers. Eur. J. Clin. Pharmacol. 1996, 51, 183-187.  fu from Waters et al, 2008.",8911886,,143832489,50.0,0,"1 of 2 distinct cited papers matched in Paperclip. Unmatched citations: fu from Waters et al,.",https://paperclip.gxl.ai/citations/papers/143832489
524,Flupirtine,Hlavica VP and Niebch G (1985) Untersuchungen zur pharmakokinetik und biotransformation des analgetikums flupirtin beim menschen.  Arz. Forsch. 35: 67-74. ,,,,0.0,0,0 of 1 distinct cited papers matched in Paperclip. Unmatched citations: Hlavica VP and Niebch G . Untersuchungen zur pharmakokinetik und biotransformation des analgetikums flupirtin beim menschen. Arz. Forsch. 35: 67-74.,
525,Fluticasone furoate,"Ann Allen, BA; Geoff Down, MB BS FFPM; Amy Newland, MSc; Karen Reynard, BSc; Vicki Rousell, BSc; Emma Salmon, MSc; and Rebecca Scott, PhD Absolute Bioavailability of Intranasal Fluticasone Furoate in Healthy Subjects. Clin. Ther, 2007, 29, 1415-1420",17825692,,116256222,100.0,0,1 of 1 distinct cited papers matched in Paperclip.,https://paperclip.gxl.ai/citations/papers/116256222
526,Fluticasone propionate,"Brutsche MH, Brutsche IC, Munavvar M, Langley SJ, Masterson CM, Daley-Yates PT, Brown R, Custovic A., and Woodcock A (2000) Comparison of pharmacokinetics and systemic effects of inhaled fluticasone propionate in patients with asthma and healthy volunteers: a randomised crossover study.  Lancet  356: 556-561.  Mackie AE, Ventresca GP, Fuller RW, and Bye A (1996) Pharmacokinetics of intravenous fluticasone propionate in healthy subjects.  Br. J. Clin. Pharmacol. 41: 539-542.",10950233;8799519,PMC2042625,174225703;137715538,100.0,0,2 of 2 distinct cited papers matched in Paperclip.,https://paperclip.gxl.ai/citations/papers/174225703;https://paperclip.gxl.ai/citations/papers/137715538
527,Fluvastatin,"Tse F L; Jaffe J M; Troendle A  Pharmacokinetics of fluvastatin after single and multiple doses in normal volunteers.    Journal of clinical pharmacology  (1992),  32(7),  630-8.  Tse FLS, Nickerson DF, and Yardley WS (1993) Binding of fluvastatin to blood cells and plasma proteins.  J. Pharm. Sci. 82: 942-947.",1640002;8229693,,83490094;122094400,100.0,0,2 of 2 distinct cited papers matched in Paperclip.,https://paperclip.gxl.ai/citations/papers/83490094;https://paperclip.gxl.ai/citations/papers/122094400
528,Fluvoxamine,"J. van Harten, F. Kok, A. Lönnebo  and A. Grahnén. Pharmacokinetics of fluvoxamine after intravenous and oral administration. Eur. Neuropsychopharmacology, 1994, 4, 331.",,,,0.0,0,0 of 1 distinct cited papers matched in Paperclip. Unmatched citations: Pharmacokinetics of fluvoxamine after intravenous and oral administration.,
529,Folic acid,"Menke A; Weimann H J; Achtert G; Schuster O; Menke G. Absolute bioavailability of folic acid after oral administration of a folic acid tablet formulation in healthy volunteers. Arzneimittel-Forschung (1994), 44(9), 1063-1067// ppb: Elsborg L. Binding of Folic Acid to Human Plasma Proteins. Acta Haematol 1972,48, 207–212.",7986245,,188936457,50.0,0,1 of 2 distinct cited papers matched in Paperclip. Unmatched citations: Binding of Folic Acid to Human Plasma Proteins.,https://paperclip.gxl.ai/citations/papers/188936457
530,Folinic acid,"Greiner PO, Zittoun J, Marquet J, and Cheron JM (1989) Pharmacokinetics of (-)-folinic acid after oral and intravenous administration of the racemate. Br. J. Clin. Pharmacol. 28: 289-295.  Christophidis N, Louis WJ, Lucas I, Moon W, and Vajda FJ (1981) Renal clearance of methotrexate in man during high-dose oral and intravenous infusion therapy.  Cancer Chemother Pharmacol. 6: 59-64.  ",2789922;7273267,PMC1379947,88338221;134385934,100.0,0,2 of 2 distinct cited papers matched in Paperclip.,https://paperclip.gxl.ai/citations/papers/88338221;https://paperclip.gxl.ai/citations/papers/134385934
531,Fomepizole,"KENNETH E. MCMARTIN , C. SIMON SEBASTIAN, DAVID DIES , DAG JACOBSEN. Kinetics and metabolism of fomepizole in healthy humans. Clin. Toxicol. 2012, 50, 375–383",22554311,,88538931,100.0,0,1 of 1 distinct cited papers matched in Paperclip.,https://paperclip.gxl.ai/citations/papers/88538931
532,Fondaparinux,"François Donat, Jean Pierre Duret, Alix Santoni, Roger Cariou, José Necciari, Harry
Magnani and Rik de Greef. The Pharmacokinetics of Fondaparinux
Sodium in Healthy Volunteers. Clin Pharmacokinet 2002; 41 Suppl. 2: 1-9. ppb: Paolucci F , Claviés MC , Donat F , Necciari. Fondaparinux Sodium Mechanism of Action Identification of Specific Binding to Purified and Human Plasma-Derived Proteins J . Clin Pharmacokinet 2002; 41 Suppl. 2: 11-18",12383039;12383040,,128259318;128259319,100.0,0,2 of 2 distinct cited papers matched in Paperclip.,https://paperclip.gxl.ai/citations/papers/128259318;https://paperclip.gxl.ai/citations/papers/128259319
533,Forodesine,"A proof-of-principle pharmacokinetic, pharmacodynamic, and clinical study with purine nucleoside phosphorylase inhibitor immucillin-H (BCX-1777, forodesine)
Varsha Gandhi, John M. Kilpatrick, William Plunkett, Mary Ayres, Leigh Harman, Min Du, Shanta Bantia, Jan Davisson, William G. Wierda, Stefan Faderl, Hagop Kantarjian, and Deborah Thomas. BLOOD, 2005   VOLUME 106, (13)4253-4260.",16131572,PMC1895256,128546074,100.0,0,1 of 1 distinct cited papers matched in Paperclip.,https://paperclip.gxl.ai/citations/papers/128546074
534,Fosaprepitant,"Kenneth C. Lasseter, Jay Gambale, Bo Jin, Art Bergman, Marvin Constanzer, James Dru, Tae H. Han, Anup Majumdar,Judith K. Evans and M. Gail Murphy. Tolerability of Fosaprepitant and Bioequivalency to Aprepitant in Healthy Subjects. J Clin Pharmacol 2007 47: 834-840.",17525168,,117059675,100.0,0,1 of 1 distinct cited papers matched in Paperclip.,https://paperclip.gxl.ai/citations/papers/117059675
535,Foscarnet,"Aweeka FT, Gambertoglio JG, Kramer F, van der Horst C, Polsky B, Jayewardene A, Lizak P, Emrick L, Tong W, and Jacobson MA (1995) Foscarnet and ganciclovir pharmacokinetics during concomitant or alternating maintenance therapy for AIDS-related cytomegalovirus retinitis.    Clin. Pharmacol. Ther. 57: 403-412.  Sjovall J, Bergdahl S, Movin G, Ogenstad S, and Saarimaki M (1989) Pharmacokinetics of foscarnet and distribution to cerebrospinal fluid after intravenous infusion in patients with human immunodeficiency virus infection.  Antimic. Agents Chemother. 33: 1023-1031.",7712668;2528939,PMC176056,131973831;87547155,100.0,0,2 of 2 distinct cited papers matched in Paperclip.,https://paperclip.gxl.ai/citations/papers/131973831;https://paperclip.gxl.ai/citations/papers/87547155
536,Fosfluconazole,"Sobue S, Tan K,  Layton G, Leclerc V, and Weil A (2004) The effects of renal impairment on the pharmacokinetics and safety of fosfluconazole and fluconazole following a single intravenous bolus injection of fosfluconazole.  Br. J. Clin. Pharmacol. 57: 773-784.",15151523,PMC1884522,135167775,100.0,0,1 of 1 distinct cited papers matched in Paperclip.,https://paperclip.gxl.ai/citations/papers/135167775
537,Fosfomycin,"Goto M, Sugiyama M, Nakajima S, and Yamashina H (1981) Fosfomycin kinetics after intravenous and oral administration to human volunteers.    Antimic. Agents Chemother. 20: 393-397.  Potel G, Meignier M, Baron D, Reynaud A, Touze MD, and Cortieu AL (1989) Pharmacokinetics of fosfomycin in normal and burn patients.  Effect of probenecid.  Drugs Exptl. Clin. Res. 15: 177-184.  Kestle DG and Kirby WMM (1970) Clinical pharmacology and in vitro activity of phosphonomycin.  Antimic. Agents Chemother. 332-337 (Chem Abstr. 75:62036).",7305325;2776659,PMC181707,87003321;184468594,66.67,0,2 of 3 distinct cited papers matched in Paperclip. Unmatched citations: Clinical pharmacology and in vitro activity of phosphonomycin.,https://paperclip.gxl.ai/citations/papers/87003321;https://paperclip.gxl.ai/citations/papers/184468594
538,Fosinoprilat,"Kostis JB, Garland WT, Delaney C, Norton J, and Liao WC. Fosinopril: pharmacokinetics and pharmacodynamics in congestive heart failure.  Clin. Pharmacol. Ther. 1995, 58, 660-665",8529331,,131357750,100.0,0,1 of 1 distinct cited papers matched in Paperclip.,https://paperclip.gxl.ai/citations/papers/131357750
539,Fosphenytoin,"Aweeka, Francesca T.; Gottwald, Mildred D.; Gambertoglio, John G.; Wright, Teresa L.; Boyer, Thomas D.; Pollock, Alan S.; Eldon, Michael A.; Kugler, Alan R.; Alldredge, Brian K. Pharmacokinetics of fosphenytoin in patients with hepatic or renal disease. Epilepsia (1999), 40(6), 777-782.  ",10368078,,129764255,100.0,0,1 of 1 distinct cited papers matched in Paperclip.,https://paperclip.gxl.ai/citations/papers/129764255
540,Fostriecin,"de Jong RS, Mulder NH, Uges DRA, Sleijfer DT, Hoppener FJP, Groen HJM, Willemse PHB, van der Graaf WTA, and de Vries EGE (1999) Phase I and pharmacokinetic study of the topoisomerase II catalytic inhibitor fostriecin.  Br. J. Cancer 79: 882-887.",10070885,PMC2362650,PMC2362650,100.0,100,1 of 1 distinct cited papers matched in Paperclip.,https://paperclip.gxl.ai/citations/papers/PMC2362650
541,Fotemustin,"R.M. J. Ings, A. J. Gray, A.R. Taylor, B.H. Gordon, M. Breen, M. Hiley, R. Brownsill, N. Marchant, R. Richards, D. Wallace, T. Hughes, R. Thomas, J. Williams, C. Lucas and D.B. Campbell Disposition, Pharmacokinetics, and Metabolism of 14C-Fotemustine in Cancer Patients. Eur. J. Cancer, 1990, 26,  838-842.",2145908,,136108390,100.0,0,1 of 1 distinct cited papers matched in Paperclip.,https://paperclip.gxl.ai/citations/papers/136108390
542,Frovatriptan,"Buchan P, Keywood C, Wade A, and Ward C (2002) Clinical pharmacokinetics of frovatriptan.  Headache  42(Suppl 2): s54-s62.",12028321,,140394201,100.0,0,1 of 1 distinct cited papers matched in Paperclip.,https://paperclip.gxl.ai/citations/papers/140394201
543,Fulvestrant,"Robertson JFR, Harrison M. Fulvestrant: pharmacokinetics and pharmacology. British Journal of Cancer, 2004, 90(Suppl 1), S7-S10. ppb: The PDR states: Fulvestrant is highly (99%) bound to plasma proteins; VLDL, LDL and HDL lipoprotein fractions appear to be the major binding components. Accessed January 11 2015. http://www.pdr3d.com/detail.php?c=82597#section-12.",15094758,PMC2750771,PMC2750771,100.0,100,1 of 1 distinct cited papers matched in Paperclip. 1 non-paper source segment(s) excluded.,https://paperclip.gxl.ai/citations/papers/PMC2750771
544,Furosemide,"Smith DE, Lin ET, and Benet LZ (1980) Absorption and disposition of furosemide in healthy volunteers, measured with a metabolite-specific assay.  Drug Metab. Dispos. 8: 337-342.  Hammerlund MM, Paalzow LK, and Odlind B (1984) Pharmacokinetics of furosemide in man after intravenous and oral administration.  Application of moment analysis. Eur. J. Clin. Pharmacol. 26: 197-207",6107232;6723758,,187972189;134000050,100.0,0,2 of 2 distinct cited papers matched in Paperclip.,https://paperclip.gxl.ai/citations/papers/187972189;https://paperclip.gxl.ai/citations/papers/134000050
545,Fusidate sodium,"A. M. Taburet, J. Gufbert, M. D. Kitris, H. Sorensen, J. F. Acar and E. Singes. Pharmacokinetics of sodium fusidate after single and repeated infusions and oral administration of a new formulation. Journal of Antimicrobial Chemotherapy (1990) 25, Suppl. B, 23-31.//ppb: Markus A. Zeitlinger, Hartmut Derendorf, Johan W. Mouton, Otto Cars, William A. Craig, David Andes, and Ursula Theuretzbacher. Protein Binding: Do We Ever Learn? ANTIMICROB AGENTS CHEMOTHER., 2011, 55, 3067–3074.",2312443,,86346292,50.0,0,"1 of 2 distinct cited papers matched in Paperclip. Unmatched citations: Protein Binding: Do We Ever Learn? ANTIMICROB AGENTS CHEMOTHER.,.",https://paperclip.gxl.ai/citations/papers/86346292
546,Fuzlocillin,"Wise, R.; Cadge, B.; Gillett, A. P.; Bhamjee, A.; Livingston, R.; Welling, P. G.; Thornhill, D. P. Pharmacokinetics of Bay k 4999, a new broad-spectrum penicillin. Antimicrobial Agents and Chemotherapy (1979), 15(5), 670-3.",525984,PMC352736,87557072,100.0,0,1 of 1 distinct cited papers matched in Paperclip.,https://paperclip.gxl.ai/citations/papers/87557072
547,Gabapentin,"Vollmer KO, Anhut H, Thomann P, Wagner F, and Jahnchen D (1989) Pharmacokinetic model and absolute bioavailability of the new anticonvulsant gabapentin.  Adv. Epileptol. 17: 209-211.  Neurontin Product Label.",,,,0.0,0,0 of 1 distinct cited papers matched in Paperclip. 1 non-paper source segment(s) excluded. Unmatched citations: Pharmacokinetic model and absolute bioavailability of the new anticonvulsant gabapentin.,
548,Gadobenate ,"Gadobenate Dimeglumine - FDA Approval Package
Clinical Pharmacology and Biopharmaceutics Review 021357/S-000. Accessed through Pharmapendium. Ppb: PDR states: In vitro studies showed no appreciable binding of gadobenate ion to human serum proteins. http://www.pdr3d.com/detail.php?c=109299#section-14. Accessed December 27 2014.",,,,,,No identifiable paper citations; non-paper sources excluded.,
549,Gadobutrol,"Gadobutrol - FDA Approval Package
Clinical Pharmacology and Biopharmaceutics Review 201277/S-000 Part 03. Accessed through Pharmapendium. Ppb: PDR states: Gadobutrol does not display any particular protein binding.  http://www.pdr3d.com/detail.php?c=123580#section-14. Accessed december 27 2014.",,,,,,No identifiable paper citations; non-paper sources excluded.,
550,Gadodiamide,"van Wagoner, M., O'Toole, M., Worah, D., Leese, P. T., Quay, S. C. A Phase I clinical trial with gadodiamide injection, a nonionic magnetic resonance imaging enhancement agent. Invest. Radiol., 1991, 11, 980-986.",1743922,,122178022,100.0,0,1 of 1 distinct cited papers matched in Paperclip.,https://paperclip.gxl.ai/citations/papers/122178022
551,Gadofosveset,PDR Accessed on March 15 2013. http://www.pdr3d.com/detail.php?c=7685#section-13,,,,,,No identifiable paper citations; non-paper sources excluded.,
552,Gadopentetate,PDR Accessed March 15 2013 http://www.pdr3d.com/detail.php?c=63841#section-4,,,,,,No identifiable paper citations; non-paper sources excluded.,
553,Gadoteridol,PDR accessed August 08 2013 http://www.pdr3d.com/detail.php?c=49389#section-4. ppb: PDR states It is unknown if protein binding of ProHance occurs in vivo. But no information on in vitro data is reported. http://www.pdr3d.com/detail.php?c=50092#section-4. Accessed december 27 2014.,,,,,,No identifiable paper citations; non-paper sources excluded.,
554,Gadoversetamide,OptiMARK Product Label.,,,,,,No identifiable paper citations; non-paper sources excluded.,
555,Gadoxetate,PDR accessed March 15 2013 http://www.pdr3d.com/detail.php?c=89667#section-13,,,,,,No identifiable paper citations; non-paper sources excluded.,
556,GAL-021,"J. F. McLeod, J. M. Leempoels, S. X. Peng, S. L. Dax, L. J. Myers and F. J. Golder. GAL-021, a new intravenous BKCa-channel blocker, is well tolerated and stimulates ventilation in healthy volunteers. Br. J. Anaesth. 2014, 113, 875-883.",24989775,,71967032,100.0,0,1 of 1 distinct cited papers matched in Paperclip.,https://paperclip.gxl.ai/citations/papers/71967032
557,Galanthamine,"Westra P, van Thiel MJS, Vermeer GA, Soeterbroek AM, Scaf AH, and Claessens HA (1986) Pharmacokinetics of galanthamine (a long-acting anticholinesterase drug) in anaesthetized patients.  Br. J. Anaesth. 58: 1303-1307.  Bickel U, Thomsen T, Weber W, Fischer JP, Bachus R, Nitz M, and Kewitz H (1991) Pharmacokinetics of galanthamine in humans and corresponding cholinesterase inhibition.  Clin. Pharmacol. Ther. 50: 420-428.  Zhao Q, Iyer GR, Verhaeghe T, and Truyen L (2002) Pharmacokinetics and safety of galantamine in subjects with hepatic impairment and healthy volunteers. J. Clin. Pharmacol. 42: 428-436",3778794;1914378;11936568,,120583010;100772484;180403499,100.0,0,3 of 3 distinct cited papers matched in Paperclip.,https://paperclip.gxl.ai/citations/papers/120583010;https://paperclip.gxl.ai/citations/papers/100772484;https://paperclip.gxl.ai/citations/papers/180403499
558,Gallamine triethiodide,"M.I. Ramzan, E. J. Triggs, C. A. Clarks. Pharmacokinetics studies in man with gallamine triethiodide. Eur.  J. Clin. Pharmacol. 1980, 17, 145-152.",,,,0.0,0,0 of 1 distinct cited papers matched in Paperclip. Unmatched citations: Pharmacokinetics studies in man with gallamine triethiodide.,
559,Gallopamil,"Eichelbaum M. Pharmakokinetik und Metabolismus von. Gallopamil. Zeitschrift ftir Kardiologie 78 (Suppl. 5): 20-24, 1989.  ppB; Stieren, B.; Buehler, V.; Hege, H. G.; Hollmann, M.; Neuss, H.; Schlepper, M.; Weymann, J. Edited by Kaltenbach, Martin; Hopf, Ruediger  Gallopamil:  Pharmakol. Klin. Wirkungsprofil Kalziumantagonisten (1983), 90-96. From abstract in English.",,,,0.0,0,0 of 1 distinct cited papers matched in Paperclip. 1 non-paper source segment(s) excluded. Unmatched citations: Pharmakokinetik und Metabolismus von.,
560,Gambogic acid,"Data digitized from plot reported in Determination of gambogic acid in human plasma by liquid
chromatography-atmospheric pressure chemical ionization–mass spectrometr y  Li Ding , Di Huang,  Jinwan Wang b Shuting Li. Journal of Chromatography B, 846 (2007) 112–118",16962395,,122365204,100.0,0,1 of 1 distinct cited papers matched in Paperclip.,https://paperclip.gxl.ai/citations/papers/122365204
561,Ganciclovir,"Anderson RD, Griffy KG, Jung D, Dorr A, Hulse JD, and Smith RB (1995) Ganciclovir absolute bioavailability and steady-state pharmacokinetics after oral administration of two 3000 mg/d dosing regimens in human immunodeficiency virus and cytomegalovirus seropositive patients.  Clin. Ther.  17: 425-432.   Aweeka FT, Gambertoglio JG, Kramer F, van der Horst C, Polsky B, Jayewardene A, Lizak P, Emrick L, Tong W, and Jacobson MA (1995) Foscarnet and ganciclovir pharmacokinetics during concomitant or alternating maintenance therapy for AIDS-related cytomegalovirus retinitis.  Clin. Pharmacol. Ther. 57: 403-412.  Cytovene-IV Product Label",7585846;7712668,,2830678;131973831,100.0,0,2 of 2 distinct cited papers matched in Paperclip. 1 non-paper source segment(s) excluded.,https://paperclip.gxl.ai/citations/papers/2830678;https://paperclip.gxl.ai/citations/papers/131973831
562,Ganglioside GM1,"Rost, K. Ludwig; Brockmoeller, Juergen; Weber, Willi; Roots, Ivar. Multiple-dose pharmacokinetics of ganglioside GM1 after intravenous and intramuscular administration to
healthy volunteers. Clin. Pharmacol. Ther. 1991, 50, 141-149.",1868675,,100772461,100.0,0,1 of 1 distinct cited papers matched in Paperclip.,https://paperclip.gxl.ai/citations/papers/100772461
563,Ganirelix,"Oberyé JJ, Mannaerts BM, Kleijn HJ, Timmer CJ. Pharmacokinetic and pharmacodynamic characteristics of ganirelix (Antagon/Orgalutran). Part I. Absolute bioavailability of 0.25 mg of ganirelix after a single subcutaneous injection in healthy female volunteers. Fertil Steril. 1999 Dec;72(6):1001-1005.",10593371,,6291757,100.0,0,1 of 1 distinct cited papers matched in Paperclip.,https://paperclip.gxl.ai/citations/papers/6291757
564,Garenoxacin,"Hayakawa, Hiroyoshi; Fukushima, Yoko; Kato, Hiroshi; Fukumoto, Hiroyuki; Kadota, Takumi; Yamamoto, Hiroyuki; Kuroiwa, Hiroyuki; Nishigaki, Junko; Tsuji, Akira. (2003) Metabolism and disposition of novel des-fluoro quinolone garenoxacin in experimental animals and an interspecies scaling of pharmacokinetic parameters. Drug Metab. Disp. 31 (11) 1409-1418.",14570774,,137585416,100.0,0,1 of 1 distinct cited papers matched in Paperclip.,https://paperclip.gxl.ai/citations/papers/137585416
565,Gatifloxacin,"Gajjar DA, LaCreta FP, Uderman HD, Kollia GD, Duncan G, Birkhofer MJ, and Grasela DM (2000) A dose-escalation study of the safety, tolerability, and pharmacokinetics of intravenous gatifloxacin in healthy adult men.  Pharmacotherapy  20: 49S-58S.  Perry C, Balfour J, and Lamb H (1999) Gatifloxacin.  Drugs 58: 683-698.",10850521,,134984958,50.0,0,"1 of 2 distinct cited papers matched in Paperclip. Unmatched citations: Perry C, Balfour J, and Lamb H . Gatifloxacin. Drugs 58: 683-698.",https://paperclip.gxl.ai/citations/papers/134984958
566,Gavestinel,"Iavarone L et al. First time in human for GV196771: interspecies scaling applied on dose selection. J Clin Pharmacol, 1999, 39, 560-566. ",10354959,,138833460,100.0,0,1 of 1 distinct cited papers matched in Paperclip.,https://paperclip.gxl.ai/citations/papers/138833460
567,Gefitinib,"Swaisland, HC, Smith RP, Laight A, Kerr DJ, Ranson M, Wilder-Smith CH, and Duvauchelle T (2005) Single-dose clinical pharmacokinetics studies of gefitinib.  Clin. Pharmacokinet. 44: 1165-1177.  McKillop D, Hutchison M, Partridge EA, Bushby N, Cooper CMF, Clarkson-Jones JA, Herron W, and Swaisland HC (2004) Metabolic disposition of gefitinib, an epidermal growth factor receptor tyrosine kinase inhibitor, in rat, dog and man.  Xenobiotica 34: 917-934",16231967;15764411,,126873955;131434513,100.0,0,2 of 2 distinct cited papers matched in Paperclip.,https://paperclip.gxl.ai/citations/papers/126873955;https://paperclip.gxl.ai/citations/papers/131434513
568,Gemcitabine,"Paitnik A, Eckhardt SG, Izbicka E, Tolcher AA, Hammond LA, Takimoto CH, Schwartz G, McCreery H, Goetz A, Mori M, terada K, Gentner L, Rybak ME, Richards H, Zhang S, and Rowinsky EK (2003) A phase I pharmacokinetic, and biological study of the farnesyltransferase inhibitor tipifarnib in combination with gemcitabine in patients with advanced malignancies.  Clin. Canc. Res. 9: 4761-4771.  Gemzar Product Label.",14581347,,181912125,100.0,0,1 of 1 distinct cited papers matched in Paperclip. 1 non-paper source segment(s) excluded.,https://paperclip.gxl.ai/citations/papers/181912125
569,Gemifloxacin ,"PP. Gemifloxacin Mesylate - FDA Approval Package
Microbiology Review 021158/S-000 Part 07. Table 8.",,,,,,No identifiable paper citations; non-paper sources excluded.,
570,Genaconazole,"Mojavrian P, Radwanski E, Affirme MB, Cayen MN, and Lin CC (1994) Pharmacokinetics of the triazole antifungal agent genaconazole in healthy men after oral and intravenous administration.  Antimic. Agents Chemother.  38: 2758-2762.",7695258,PMC188281,87005502,100.0,0,1 of 1 distinct cited papers matched in Paperclip.,https://paperclip.gxl.ai/citations/papers/87005502
571,Gentamicin,"Bertino JS, Booker LA, Franck P, and Rybicki B (1991) Gentamicin pharmacokinetics in patients with malignancies.  Antimic. Agents Chemother.  35: 1501-1503.  Gordon RC, Regamey C, and Kirby WMM (1972) Serum protein binding of the aminoglycoside antibiotics.  Antimic. Agents Chemother. 2: 214-216.",1929317;4790560,PMC245201;PMC444293,87547359;89307050,100.0,0,2 of 2 distinct cited papers matched in Paperclip.,https://paperclip.gxl.ai/citations/papers/87547359;https://paperclip.gxl.ai/citations/papers/89307050
572,Gestodene,"Tauber U, Tack JW, and Matthes H (1989) Single dose phakmacokinetics of gestodene in women after intravenous and oral administration.  Contraception 40: 461-476.    Kuhnz W, Pfeffer M,and Al-Yacoub G (1990) Protein binding of the contraceptive steroids gestodene, 3-keto-desogestrel and ethinylestradiol in human serum.  J. Steroid Biochem. 35: 313-318.  Gui LQ and Humpel M (1990) Serum protein binding characteristics of cyproterene acetate, gestodene, levonorgestrel and norethisterone in rat, rabbit, dog, monkey and man.  J. Steroid Biochem. 35: 319-326.",2582771;2308344;2137890,,135487060;140731655;140610699,100.0,0,3 of 3 distinct cited papers matched in Paperclip.,https://paperclip.gxl.ai/citations/papers/135487060;https://paperclip.gxl.ai/citations/papers/140731655;https://paperclip.gxl.ai/citations/papers/140610699
573,GHRP-6,"Pharmacokinetic study of Growth Hormone-Releasing Peptide 6 (GHRP-6) in nine male healthy volunteers Cabrales, Ania; Gil, Jeovanis; Fernandez, Eduardo; Valenzuela, Carmen; Hernandez, Francisco; Garcia, Idrian; Hernandez, Ariadna; Besada, Vladimir; Reyes, Osvaldo; Padron, Gabriel; Berlanga, Jorge; Guillen, Gerardo; Gonzalez, Luis Javier European Journal of Pharmaceutical Sciences 48 (2013) 40–46",23099431,,85645635,100.0,0,1 of 1 distinct cited papers matched in Paperclip.,https://paperclip.gxl.ai/citations/papers/85645635
574,Ginkgolide A,"Fourtillian JB, Brisson AM, Girault J, Ingrand I, Decourt JP, Drieu K, Jouenne P, and Biber A. Proprietes pharmaccinetiques du bilobalide et des ginkgolides A et B chez le sujet sain apres administrations intraveineuses et orales d'extrait de Ginkgo biloba (EGb 761).  Therapie 1995, 50, 137-144.",,,,0.0,0,0 of 1 distinct cited papers matched in Paperclip. Unmatched citations: Proprietes pharmaccinetiques du bilobalide et des ginkgolides A et B chez le sujet sain apres administrations intraveineuses et orales d'extrait de Ginkgo biloba (EGb 761).,
575,Ginkgolide B,"Fourtillian JB, Brisson AM, Girault J, Ingrand I, Decourt JP, Drieu K, Jouenne P, and Biber A (1995) Proprietes pharmaccinetiques du bilobalide et des ginkgolides A et B chez le sujet sain apres administrations intraveineuses et orales d'extrait de Ginkgo biloba (EGb 761).  Therapie  50: 137-144. ppb: Protein binding ratio of Ginkgolide B in plasma Chen, Wei-dong; Liang, Yan; Xie, Lin; Wang, Lei; Wu, Yong; Wang, Dian-lei. Anhui Yiyao, 2012, 16, 154-157. From abstract in English.",,,,0.0,0,"0 of 2 distinct cited papers matched in Paperclip. Unmatched citations: Proprietes pharmaccinetiques du bilobalide et des ginkgolides A et B chez le sujet sain apres administrations intraveineuses et orales d'extrait de Ginkgo biloba (EGb 761) | Protein binding ratio of Ginkgolide B in plasma Chen, Wei-dong; Liang, Yan; Xie, Lin; Wang, Lei; Wu, Yong; Wang, Dian-lei.",
576,Ginsenoside RD,"Pharmacokinetics and Safety of Ginsenoside Rd Following a Single or Multiple Intravenous Dose in Healthy Chinese Volunteers. Xing Zeng, PhD, Yuanhui Deng, BS, Yi Feng, MS, Yiming Liu, PhD, Liu Yang, MS, Yu Huang, MS, Jing Sun, BS, Weixiong Liang, MD, and Yongyuan Guan, MD. J. Clin. Pharmacol. 2010, 50, 285-292.",19940231,,104692780,100.0,0,1 of 1 distinct cited papers matched in Paperclip.,https://paperclip.gxl.ai/citations/papers/104692780
577,Gisadenafil,"Kenny J. Watson, John Davis, and Hannah M. Jones. Application of Physiologically Based Pharmacokinetic Modeling to Understanding the Clinical Pharmacokinetics of UK-369,003. Drug Metabolism and Disposition 2011, 39, 1203–1213.",21451120,,96357553,100.0,0,1 of 1 distinct cited papers matched in Paperclip.,https://paperclip.gxl.ai/citations/papers/96357553
578,Glibornuride,"K. STOECKEL, V. TRUEB, U. C. DUBACH, R. C. HEINTZ, V. ASCALONE, I. FORGO, U. HENNES. Lack of effect of tenoxicam on glibornuride kinetics and response. Br. J. clin. Pharmac. (1985), 19, 249-254",3157397,PMC1463716,88342880,100.0,0,1 of 1 distinct cited papers matched in Paperclip.,https://paperclip.gxl.ai/citations/papers/88342880
579,Gliclazide,"Complete bioavailability and lack of food-effect on pharmacokinetics of gliclazide 30 mg modified release in healthy volunteers  Delrat, P.; Paraire, M.; Jochemsen, R. Biopharmaceutics & Drug Disposition (2002), 23(4), 151-157. ppb: (from abstract in English) Xu, Shanshan; Xue, Yuehua; Tian, Ziyou; Chen, Saizhen; Wang, Zhichao; Wang, Renye. Effect of irbesartan on the plasma protein binding rate of gliclazide in vitro Zhongguo Linchuang Yaoxue Zazhi. 2013, 22, 151-155",12015789,,143472311,50.0,0,1 of 2 distinct cited papers matched in Paperclip. Unmatched citations: Effect of irbesartan on the plasma protein binding rate of gliclazide in vitro Zhongguo Linchuang Yaoxue Zazhi.,https://paperclip.gxl.ai/citations/papers/143472311
580,Glimepiride,"Badian M, Korn A, Lehr KH, Malerczyk V, and Waldhaust W (1994) Absolute bioavailability of glimepiride (Amaryl) after oral administration.  Drug Metab. Drug Inter. 11: 331-339.  Amaryl Product Label.",12369756,,96158926,100.0,0,1 of 1 distinct cited papers matched in Paperclip. 1 non-paper source segment(s) excluded.,https://paperclip.gxl.ai/citations/papers/96158926
581,Glipizide,"Pentikainen PJ, Neuvonen PJ, and Penttila A (1983) Pharmacokinetics and pharmacodynamics of glipizide in health volunteers.  Int. J. Clin. Pharmacol. Ther. Toxicol. 21: 98-107.  Fuccella LM, Tamassia V, and Valzelli G (1973) Metabolism and kinetics of the hypoglycemic agent glipizide in man--comparison with glibenclamide.  J. Clin. Pharmacol. New Drugs 13: 68-75.",6341263,,188079538,50.0,0,1 of 2 distinct cited papers matched in Paperclip. Unmatched citations: Metabolism and kinetics of the hypoglycemic agent glipizide in man--comparison with glibenclamide.,https://paperclip.gxl.ai/citations/papers/188079538
582,Gludopa,"Y. A. BOATENG, H. E. BARBER, T. M. MacDONALD, J. C. PETRIE & M. R. LEE. Disposition of y-glutamyl levodopa (gludopa) after intravenous bolus injection in healthy volunteers. Br. J. clin. Pharmac. (1991), 31, 419-422",1904753,PMC1368328,88338443,100.0,0,1 of 1 distinct cited papers matched in Paperclip.,https://paperclip.gxl.ai/citations/papers/88338443
583,Glufosfamide," Data (N=13, doses 3200-6000 mg/m2 6h i.v. infusion) reported in Table 5 in Shimizu, Toshio; Okamoto, Isamu; Tamura, Kenji; Satoh, Taroh; Miyazaki, Masaki; Akashi, Yusaku; Ozaki, Tomohiro; Fukuoka, Masahiro; Nakagawa, Kazuhiko.  Phase I clinical and pharmacokinetic study of the glucose-conjugated cytotoxic agent d-19575 (glufosfamide) in patients with solid tumors.    Cancer Chemotherapy and Pharmacology  (2010),  65(2),  243-250.  MRT calculated from CL and VDss.      fu as average of all human serum and human plasma measures reported in Table 4 in Stueben, Joerg; Port, Ruediger; Bertram, Barbara; Bollow, Ursula; Hull, William E.; Schaper, Marianne; Pohl, Joerg; Wiessler, Manfred.  Pharmacokinetics and whole-body distribution of the new chemotherapeutic agent .beta.-D-glucosylisophosporamide mustard and its effects on the incorporation of [methyl-3H]-thymidine in various tissues of the rat.    Cancer Chemotherapy and Pharmacology  (1996),  38(4),  355-365.",19479254;8674159,,106289444;143222774,100.0,0,2 of 2 distinct cited papers matched in Paperclip.,https://paperclip.gxl.ai/citations/papers/106289444;https://paperclip.gxl.ai/citations/papers/143222774
584,Glyburide,"Jonsson A, Chan JCN, Rydberg T, Vaaler S, Hallengren B, Cockram CS, Critchley JAJH, and Melander A (2000) Pharmacodynamics and pharmacokinetics of intravenous glibenclamide in Caucasian and Chinese patients with type-2 diabetes.    Eur. J. Clin. Pharmacol. 55: 721-727. Spraul M, Streeck A, Nieradzik M, and Berger M (1989) Uniform elimination pattern for glibenclamide in healthy caucasian males.  Arz. Forsch. 39: 1449-1450. George S, McBurney A, and Cole A (1990) Possible protein binding displacement interaction between glibenclamide and metolazone.  Eur. J. Clin. Pharmacol. 38: 93-95.",10663449;2515863;2109700,,143754133;184123398;134116306,100.0,0,3 of 3 distinct cited papers matched in Paperclip.,https://paperclip.gxl.ai/citations/papers/143754133;https://paperclip.gxl.ai/citations/papers/184123398;https://paperclip.gxl.ai/citations/papers/134116306
585,Glyceryl 1-nitrate,"H. LAUFEN, M. LEITOLD. Glyceryl-1-nitrate pharmacokinetics in healthy volunteers. Br. J. Clin. Pharmac. (1987), 23, 287-293.",3105569,PMC1386226,86060130,100.0,0,1 of 1 distinct cited papers matched in Paperclip.,https://paperclip.gxl.ai/citations/papers/86060130
586,Glycopyrrolate bromide,"Penttilä J et al. Pharmacokinetic-pharmacodynamic model for the anticholinergic effect of glycopyrrolate. Eur J Clin Pharmacol, 2001, 57, 153-158",11417448,,140975133,100.0,0,1 of 1 distinct cited papers matched in Paperclip.,https://paperclip.gxl.ai/citations/papers/140975133
587,Glycyrrhizin,"Tekla G.J. van Rossum, MD, Arnold G. Vulto, PhD, Wim C. J. Hop, MSc, PhD, Solko W. Schalm, MD, PhD Pharmacokinetics of Intravenous Glycyrrhizin After Single and Multiple Doses in Patients with Chronic Hepatitis C Infection. CLlNICALTHERAPEUTICS, 1999,21, 2080-2090",10645755,,176204278,100.0,0,1 of 1 distinct cited papers matched in Paperclip.,https://paperclip.gxl.ai/citations/papers/176204278
588,GPX-150,"Sarah A. Holstein,  James C. Bigelow, Richard D. Olson, Robert E. Vestal, Gerald M. Walsh , Raymond J. Hohl.  Phase I and pharmacokinetic study of the novel anthracycline
derivative 5-imino-13-deoxydoxorubicin (GPX-150) in patients with advanced solid tumors. Invest New Drugs (2015) 33:594–602",25698442,,68510447,100.0,0,1 of 1 distinct cited papers matched in Paperclip.,https://paperclip.gxl.ai/citations/papers/68510447
589,Granisetron,"Allen A, Asgill CC, Pierce DM, Upward J, and Zussman BD (1994) Pharmacokinetics and tolerability of ascending intravenous doses of granisetron, a novel 5-HT3 antagonist, in healthy human subjects.  Eur. J. Clin. Pharmacol.  46: 159-162.  Kytril Product Label.",8039536,,134156763,100.0,0,1 of 1 distinct cited papers matched in Paperclip. 1 non-paper source segment(s) excluded.,https://paperclip.gxl.ai/citations/papers/134156763
590,Grepafloxacin,"PP. Grepafloxacin Hydrochloride - FDA Approval Package Review 020695
ppb: Clinical Pharmacology and Biopharmaceutics . Determination of protein binding of gyrase inhibitors by means of continuous ultrafiltration G Zlotosa, M Oehlmannb, P Nickelb, U Holzgrabe. Journal of Pharmaceutical and Biomedical Analysis, 1998, 18,  847–858",9919987,,175230575,100.0,0,1 of 1 distinct cited papers matched in Paperclip. 1 non-paper source segment(s) excluded.,https://paperclip.gxl.ai/citations/papers/175230575
591,GSK1322322,"Donna Mamaril-Fishman, John Zhu, Min Lin, Clive Felgate, Lori Jones, Patrick Stump,Esaie Pierre, Chester Bowen, Odin Naderer, Etienne Dumont, Parul Patel, Peter D. Gorycki, Bo Wen, Liangfu Chen, and Yanli Deng. Investigation of Metabolism and Disposition of GSK1322322, a PDF Inhibitor, in Healthy Humans Using Entero-Test® For Biliary Sampling. Drug Metab Dispos  2014 42:1314-1325",,,,0.0,0,"0 of 1 distinct cited papers matched in Paperclip. Unmatched citations: Investigation of Metabolism and Disposition of GSK1322322, a PDF Inhibitor, in Healthy Humans Using Entero-Test® For Biliary Sampling.",
592,GSK2140944,"Negash, Kitaw; Andonian, Clara; Felgate, Clive; Chen, Cathy; Goljer, Igor; Squillaci, Bianca; Nguyen, Dung; Pirhalla, Jill; Lev, Mally; Schubert, Ernest; Tiffany, Courtney; Hossain, Mohammad; Ho, May. The metabolism and disposition of GSK2140944 in healthy human subjects. Xenobiotica, 2016, 46, 683-702",26586303,,62443103,100.0,0,1 of 1 distinct cited papers matched in Paperclip.,https://paperclip.gxl.ai/citations/papers/62443103
593,GSK2239633,"Cahn, Anthony; Hodgson, Simon; Wilson, Robert; Robertson, Jonathan; Watson, Joanna; Beerahee, Misba; Hughes, Steve C.; Young, Graeme; Graves, Rebecca; Hall, David; van Marle, Sjoerd; Solari, Roberto. Safety, tolerability, pharmacokinetics and pharmacodynamics of GSK2239633, a CC-​chemokine receptor 4 antagonist, in healthy male subjects: results from an open-​label and from a randomised study. BMC Pharmacology and Toxicology 2013 14:14.",23448278,PMC3599276,PMC3599276,100.0,100,1 of 1 distinct cited papers matched in Paperclip.,https://paperclip.gxl.ai/citations/papers/PMC3599276
594,GSK2251052,"Gary D Bowers, David Tenero, Parul Patel, Phuong Huynh, James Sigafoos, Kathryn O’Mara, Graeme C Young, Etienne Dumont, Elizabeth Cunningham, Milena Kurtinecz, Patrick Stump, JJ Conde, John P Chism, Melinda J Reese, Yun Lan Yueh and John F Tomayko. Disposition and metabolism of GSK2251052 in humans: a novel boron-containing antibiotic.  Drug Metabolism & Disposition (2013), 41(5), 1070-1081",23439661,,82792712,100.0,0,1 of 1 distinct cited papers matched in Paperclip.,https://paperclip.gxl.ai/citations/papers/82792712
595,GSK269984A,"Thor Ostenfeld, Claire Beaumont, Jonathan Bullman, Maria Beaumont, Phillip Jeffrey. Human microdose evaluation of the novel EP1 receptor antagonist GSK269984A. Br J Clin Pharmacol 2012, 74:6, 1033–1044.",22497298,PMC3522817,88213064,100.0,0,1 of 1 distinct cited papers matched in Paperclip.,https://paperclip.gxl.ai/citations/papers/88213064
596,GSK461364,"D. Olmos et al. Phase I Study of GSK461364, a Specific and Competitive Polo-like Kinase 1 Inhibitor, in Patients with Advanced Solid Malignancies. Clin Cancer Res 2011;17:3420-3430",21459796,,96857151,100.0,0,1 of 1 distinct cited papers matched in Paperclip.,https://paperclip.gxl.ai/citations/papers/96857151
597,Guanfacine,"Carchman SH, Crowe JT, and Wright GJ (1987) The bioavailability and pharmacokinetics of guanfacine after oral and intravenous administration to healthy volunteers.  J. Clin. Pharmacol. 27: 762-767.",3323255,,82255617,100.0,0,1 of 1 distinct cited papers matched in Paperclip.,https://paperclip.gxl.ai/citations/papers/82255617
598,Guanylcisteine,"R. Cadórniga, E. Barcia, I. T. Molina, A. Galiano, J.A. Gutiérrez. Estudio farmacocinetico de la guanil-cisteina. Rev farmacol Clin Exp 1987, 4, 325-331.",,,,0.0,0,"0 of 1 distinct cited papers matched in Paperclip. Unmatched citations: R. Cadórniga, E. Barcia, I. T. Molina, A. Galiano, J.A. Gutiérrez. Estudio farmacocinetico de la guanil-cisteina. Rev farmacol Clin Exp.",
599,Haloperidol,"Holley FO, Magliozzi JR, Stanski DR, Lombrozo L, and Hollister LE (1983) Haloperidol kinetics after oral and intravenous administration.  Clin. Pharmacol. Ther. 33: 477-484.  Chang WH, Lam YWF, Jann MW, and Chen H (1992) Pharmacokinetics of haloperidol and reduced haloperidol in Chinese schizophrenic patients after intravenous and oral administration of haloperidol.  Psychopharmacology 106: 517-522.  Cheng YF, Paalzow LK, Bondesson U, Ekblom B, Eriksson K, Eriksson SO, Lindberg A, and Lindstrom L (1987) Pharmacokinetics of haloperidol in psychotic patients.  Psychopharmacology 91: 410-414.  Forsman A and Ohman R (1977) Studies on serum protein binding of haloperidol.  Curr. Ther. Res. 21: 245-255.",6831826;1579624;3108922,,100053318;127090957;134531210,75.0,0,3 of 4 distinct cited papers matched in Paperclip. Unmatched citations: Studies on serum protein binding of haloperidol.,https://paperclip.gxl.ai/citations/papers/100053318;https://paperclip.gxl.ai/citations/papers/127090957;https://paperclip.gxl.ai/citations/papers/134531210
600,Heptaminol,"Von F. Kees, P. Pominiak und H. Grobecker. Untersuchungen zur Bioverfiigbarkeit von Heptaminol bei Probanden. Arzneim.-Forsch./Drug Res. 1987, 37, 1182-1185",,,,0.0,0,"0 of 1 distinct cited papers matched in Paperclip. Unmatched citations: Von F. Kees, P. Pominiak und H. Grobecker. Untersuchungen zur Bioverfiigbarkeit von Heptaminol bei Probanden. Arzneim.-Forsch./Drug Res..",
601,Heroin,"Elisabeth J. Rook, Jan M. van Ree, Wim van den Brink, Michel J. X. Hillebrand, Alwin D. R. Huitema, Vincent M. Hendriks, Jos H. Beijnen. Pharmacokinetics and Pharmacodynamics of High Doses of Pharmaceutically Prepared Heroin, by Intravenous or by Inhalation Route in Opioid-Dependent Patients. Basic & Clinical Pharmacology & Toxicology 2006, 98, 86–96.",16433897,,126644773,100.0,0,1 of 1 distinct cited papers matched in Paperclip.,https://paperclip.gxl.ai/citations/papers/126644773
602,Hexobarbital,"Breimer DD, Honhoff C, Zilly W, Richter E, and van Rossum JM (1975) Pharmacokinetics of hexabarbital in man after intravenous infusion.  J. Pharmacokinet. Biopharm. 3: 1-11.  Zilly W, Breimer DD, and Richter E (1975) Induction of drug metabolism in man after rifampicin treatment measured by increased hexobarbital and tolbutamide clearance.  Eur. J. Clin. Pharmacol. 9: 219-227.  Zilly W, Breimer DD, and Richter E (1978) Hexobarbital disposition in compensated and decompensated cirrhosis of the liver.  Clin. Pharmacol. Ther. 23: 525-534.",1127574;1233266;639426,,131701667;134011419;61705640,100.0,0,3 of 3 distinct cited papers matched in Paperclip.,https://paperclip.gxl.ai/citations/papers/131701667;https://paperclip.gxl.ai/citations/papers/134011419;https://paperclip.gxl.ai/citations/papers/61705640
603,Homoharringtonine,"Clinical pharmacology of homoharringtonine Savaraj N; Lu K; Dimery I; Feun L G; Burgess M; Keating M; Loo T L 
Cancer treatment reports (1986), 70(12), 1403-7.  ",,,,0.0,0,0 of 1 distinct cited papers matched in Paperclip. Unmatched citations: Clinical pharmacology of homoharringtonine Savaraj N; Lu K; Dimery I; Feun L G; Burgess M; Keating M; Loo T L Cancer treatment reports.,
604,Hydralazine,"Ludden TM, Shepherd AMM, McNay JL, and Lin MS (1983) Effect of intravenous dose on hydralazine kinetics after administration.  Clin. Pharmacol. Ther.  34: 148-152.  Kirsten R, Nelson K, Kirsten D, and Heintz B (1998) Clinical  pharmacokinetics  of vasodilators. Part I.  Clin. Pharmacokinet. 34: 457-482.  ",6872407,,100053166,50.0,0,1 of 2 distinct cited papers matched in Paperclip. Unmatched citations: Clinical pharmacokinetics of vasodilators.,https://paperclip.gxl.ai/citations/papers/100053166
605,Hydrocortisone,"Derendorf H, Moellmann H, Barth J, Mollman C, Tunn S, and Krieg M (1991) Pharmacokinetics and oral bioavailability of hydrocortisone.    J. Clin. Pharmacol. 31: 473-476.   Toothaker RD and Welling PG (1982) Effect of dose size on the pharmacokinetics of intravenous hydrocortisone during endogenous hydrocortisone suppression.  J. Pharmacokinet. Biopharm. 10: 147-156.  Mager DE and Jusko WJ (2002) Quantitative structure pharmacokinetic/pharmacodynamic relationships of corticosteroids in man.  J. Pharm. Sci. 91: 2441-2451.",2050835;7120045;12379930,,81890601;131350392;142520031,100.0,0,3 of 3 distinct cited papers matched in Paperclip.,https://paperclip.gxl.ai/citations/papers/81890601;https://paperclip.gxl.ai/citations/papers/131350392;https://paperclip.gxl.ai/citations/papers/142520031
606,Hydroflumethiazide,Broers O and Jacobsen S (1979) Distribution and elimination of hydroflumethiazide in man.  Eur. J. Clin. Pharmacol. 16: 125-131.,499309,,123207184,100.0,0,1 of 1 distinct cited papers matched in Paperclip.,https://paperclip.gxl.ai/citations/papers/123207184
607,Hydromorphone,Dilaudid-HP Product Label,,,,,,No identifiable paper citations; non-paper sources excluded.,
608,"Hydroxycamptothecin, 10-","LI Su, ZHANG Li, GUANG Zhong-zhen, ZHAN Jing, LI Yu-yan , JIANG Wen-qi. Absolute bioavailability of hydroxycamptothecin tablets in cancer patients. Chin. J. Clin. Pharmacol. 2005, 22, 46-49.(written in Chinese) ",,,,0.0,0,0 of 1 distinct cited papers matched in Paperclip. Unmatched citations: Absolute bioavailability of hydroxycamptothecin tablets in cancer patients.,
609,Hydroxychloroquine,"Tett SE, Cutler DJ, Day RO, and Brown KF (1988) A dose-ranging study of the pharmacokinetics of hydroxychloroquine following intravenous administration to healthy volunteers. Br, J. Clin. Pharmacol. 26: 303-313.  Brocks DR, Skeith KJ, Johnston C, Emamibafrani J, Davis P, Russell AS, and Jamali F (1994) Hematologic disposition of hydroxychloroquine enantiomers. J. Clin. Pharmacol. 34: 1088-1097. ",3179169;7876401,PMC1386543,88343124;82084381,100.0,0,2 of 2 distinct cited papers matched in Paperclip.,https://paperclip.gxl.ai/citations/papers/88343124;https://paperclip.gxl.ai/citations/papers/82084381
610,"Hydroxycotinine, 3'-","Scherer G, Jarczyk L, Heller WD, Biber A, Neurath GB, and Adlkofer F (1988) Pharmacokinetics of nicotine, cotinine, and 3'-hydroxycotinine in cigarette smokers.  Klin. Wochenschr. 66(Supp 11): 5-11.",3184779,,184949767,100.0,0,1 of 1 distinct cited papers matched in Paperclip.,https://paperclip.gxl.ai/citations/papers/184949767
611,"Hydroxydihydroquinidine, 3(S)-","Jaillon P, Poirier JM, Lecocq B, Jarreau C, Pays M, Richard MO, and Cheymol G (1986) Pharmacokinetics of hydroxy-3(S)-dihydroquinidine in healthy volunteers after intravenous and oral administration.  Eur. J. Drug Metab. Pharmacokinet. 11: 233-238.  Leroyer R, Varoquaux O, Guillebastres R, Jarreau C, Normand JP, Jaillon P, Advenier C, and Pays M (1986) Study on protein binding of 3-(R)- and 3-(S)-hydroxy derivatives of quinidine and dihydroquinidine.  Therapie 41: 159-162.",3816879,,99960586,50.0,0,1 of 2 distinct cited papers matched in Paperclip. Unmatched citations: Study on protein binding of 3-(R)- and 3-(S)-hydroxy derivatives of quinidine and dihydroquinidine.,https://paperclip.gxl.ai/citations/papers/99960586
612,"Hydroxyimipramine, 2-","Ciraulo DA, Barnhill JG, Jaffe JH, Ciraulo AM, and Tarmey MF (1990) Intravenous pharmacokinetics of 2-hydroxyimipramine in alcoholics and normal controls.  J. Studies Alcohol 51: 366-372.",2359311,,67043503,100.0,0,1 of 1 distinct cited papers matched in Paperclip.,https://paperclip.gxl.ai/citations/papers/67043503
613,Hydroxymidazolam,"Mandema, Jaap W.; Tuk, Bert; Van Steveninck, Alfred L.; Breimer, Douwe, D.; Cohen, Adam F.; Danhof, Meindert.   Pharmacokinetic-pharmacodynamic modeling of the central nervous system effects of midazolam and its main metabolite  -hydroxymidazolam in healthy volunteers.    Clinical Pharmacology & Therapeutics (St. Louis, MO, United States)  (1992),  51(6),  715-28.",1611810,,100772639,100.0,0,1 of 1 distinct cited papers matched in Paperclip.,https://paperclip.gxl.ai/citations/papers/100772639
614,"hydroxypropyl cyclodextrin,β-","Szathmary, S.C.; Seiler, K.U.; Luhmann, I.; Huss, H.J. Pharmacokinetic behavior and absolute bioavailability of hydroxypropyl-beta-cyclodextrin after increasing doses in volunteers. Cyclodextrins : 5th International symposium : Papers, 1990, 535-540.",,,,0.0,0,0 of 1 distinct cited papers matched in Paperclip. Unmatched citations: Pharmacokinetic behavior and absolute bioavailability of hydroxypropyl-beta-cyclodextrin after increasing doses in volunteers.,
615,Hydroxysafflor yellow A," Pharmacokinetic properties of hydroxysafflor yellow A in healthy Chinese female volunteers. Yang, Zhifu; Yang, Jing; Jia, Yanyan; Tian, Yun; Wen, Aidong  Journal of Ethnopharmacology (2009), 124, (3), 635-638. ppb: Wang, Jianming; Zou, Tian; Zhang, Yuanyuan; Fan, Ning. Study on plasma protein-​binding rate of hydroxysafflor yellow A in safflor yellow powder injection. Zhongchengyao (2011), 33(6), 947-949. Data from abstract in English.",19570628,,108685241,50.0,0,1 of 2 distinct cited papers matched in Paperclip. Unmatched citations: Study on plasma protein-​binding rate of hydroxysafflor yellow A in safflor yellow powder injection.,https://paperclip.gxl.ai/citations/papers/108685241
616,"Hydroxystaurosporine, 7-","Fuse E, Tanii H, Kurata N, Kobayashi H, Shimada Y, Tamura T, Sasaki Y, Tanigawara Y, Lush RD, Headlee D, Figg WD, Arbuck SG, Senderowicz AM, Sausville EA, Akinaga S, Kuwabara T, and Kobayashi S (1998) Unpredicted clinical pharmacology of UCN-01 caused by specific binding to human alpha1-acid glycoprotein.  Canc. Res. 58: 3248-3253.  Dees EC, Baker SD, O'Reilly S, Rudek MA, Davidson SB, Aylesworth C, Elza-Brown K, Carducci MA, and Donehower RC (2005) A phase I and pharmacokinetic study of short infusions of UCN-01 in patients with refractory solid tumors.  Clin. Canc. Res.  11: 664-671.",9699650,,189583702;177189748,100.0,0,2 of 2 distinct cited papers matched in Paperclip.,https://paperclip.gxl.ai/citations/papers/189583702;https://paperclip.gxl.ai/citations/papers/177189748
617,Hydroxyurea,"Rodriguez GI, Kuhn JG, Weiss GR, Hilsenbeck SG, Eckardt JR, Thurman A, Rinaldi DA, Hodges S, Von Hoff DD, Rowinsky EK (1998) A bioavailability and pharmacokinetic study of oral and intravenous hydroxyurea.  Blood 91:1533-1541",9473217,,27464111,100.0,0,1 of 1 distinct cited papers matched in Paperclip.,https://paperclip.gxl.ai/citations/papers/27464111
618,Hypericin,"Kerb R, Brockmuller J, Staffeldt B, Ploch M, and Roots I (1996) Single dose and steady-state pharmacokinetics of hypericin and pseudohypericin.  Antimic. Agents Chemother.  40: 2087-2093.",8878586,PMC163478,37036923,100.0,0,1 of 1 distinct cited papers matched in Paperclip.,https://paperclip.gxl.ai/citations/papers/37036923
619,Ibandronic Acid (Ibandronate),"Barrett J, Worth E, Bauss F, and Epstein S (2004) Ibandronate: a clinical pharmacological and pharmacokinetic update.  J. Clin. Pharmacol. 44: 951-965",15317823,,135054188,100.0,0,1 of 1 distinct cited papers matched in Paperclip.,https://paperclip.gxl.ai/citations/papers/135054188
620,Ibrutinib,FDA site label information: accessed March 16 2015.http://www.accessdata.fda.gov/drugsatfda_docs/label/2015/205552s002lbl.pdf.,,,,,,No identifiable paper citations; non-paper sources excluded.,
621,Ibuprofen,"Martin W, Koselowske G, Toberich H, Kerkmann T, Mangold B, and Augustin J (1990) Pharmacokinetics and absolute bioavailability of ibuprofen after oral administration of ibuprofen lysine in man.  Biopharm. Drug Dispos. 11: 265-278.  Lee KJ,  Mower R, Hollenbeck T, Castelo J, Johnson N, Gordon P, Sinko PJ, Holme K, and Lee YH (2003) Modulation of nonspecific binding in ultrafiltration protein binding studies.  Pharm. Res. 20: 1015-1021.",2109643;12880287,,122047105;137952822,100.0,0,2 of 2 distinct cited papers matched in Paperclip.,https://paperclip.gxl.ai/citations/papers/122047105;https://paperclip.gxl.ai/citations/papers/137952822
622,Ibutilide,"Jungbluth GL, Della-Coletta ASA, and VanderLugt JT (1991) Evaluation of the pharmacokinetics and pharmacodynamics of ibutilide fumarate and its enantiomers in healthy male volunteers.  Pharm. Res. 8: S-249.  Howard PA (1999) Ibutilide: an antiarrythmic agent for the treatment of atrial fibrillation or flutter.  Ann Pharmacother. 33: 38-47.",,,,0.0,0,0 of 2 distinct cited papers matched in Paperclip. Unmatched citations: Evaluation of the pharmacokinetics and pharmacodynamics of ibutilide fumarate and its enantiomers in healthy male volunteers | Ibutilide: an antiarrythmic agent for the treatment of atrial fibrillation or flutter.,
623,Idarubicin,"Robert J (1993) Clinical pharmacokinetics of idarubicin.  Clin. Pharmacokinet. 24: 275-288.  Kessel M, Gieseler F, and Woodcock BG (1999) Influence of serum protein on the uptake and retention of idarubicin by sensitive and multidrug resistant human leukemic cells.  Eur. J. Clin. Pharmacol. 55: 369-373.",8491056;10456486,,108564360;143722357,100.0,0,2 of 2 distinct cited papers matched in Paperclip.,https://paperclip.gxl.ai/citations/papers/108564360;https://paperclip.gxl.ai/citations/papers/143722357
624,Idazoxan,"Muir NC, Lloyd-Jones JG, Nichols JD, and Clifford JM (1986) The pharmacokinetics after intravenous and oral administration in man of the alpha2-adrenoreceptor antagonist idazoxan (RX781094).  Eur. J. Clin. Pharmacol.  29: 743-745.",2872058,,133385199,100.0,0,1 of 1 distinct cited papers matched in Paperclip.,https://paperclip.gxl.ai/citations/papers/133385199
625,Idrapril,"Zanchi, A.; Nussberger, J.; Criscuoli, M.; Capone, P.; Brunner, H. R. Angiotensin-​converting enzyme inhibition by hydroxamic zinc-​binding idrapril in humans. Journal of Cardiovascular Pharmacology (1994), 24(2), 317-322//ppb: Criscuoli, Marco; Lippi, Annalisa; Mengozzi, Grazia; Sardelli, Giuliana; Subissi, Alessandro; Giachetti, Antonio. Pharmacokinetics and pharmacodynamics of idrapril in rats, dogs, and humans. Drug Metab. Disp. 1993, 21, 835-840.",7526067;7902245,,188755731;188901878,100.0,0,2 of 2 distinct cited papers matched in Paperclip.,https://paperclip.gxl.ai/citations/papers/188755731;https://paperclip.gxl.ai/citations/papers/188901878
626,Idrocilamide,"H. Maier-Lenz, L. Ringelski, A. Windhorfer zur.Pharmakokinetik nnd Bioverfiigba1·keit des Myotonolytikums N-(Hydroxy-2-athyl)-cinnarnid. Arzneim.-Forsch. 1980, 30, 1813-1816.",,,,0.0,0,"0 of 1 distinct cited papers matched in Paperclip. Unmatched citations: H. Maier-Lenz, L. Ringelski, A. Windhorfer zur.Pharmakokinetik nnd Bioverfiigba1·keit des Myotonolytikums N-(Hydroxy-2-athyl)-cinnarnid. Arzneim.-Forsch..",
627,IDX899,"Microdose Pharmacokinetics of IDX899 and IDX989, Candidate HIV-1 Non-NucleosideReverse Transcriptase Inhibitors, Following Oral and Intravenous Administration in Healthy Male Subjects. Xiao-Jian Zhou,  R. Colin Garner,  DSc, Sheila Nicholson,  C. James Kissling,and Douglas Mayers. J Clin Pharmacol  2009, 49 (12) 1408-1416. ",19776293,,105286469,100.0,0,1 of 1 distinct cited papers matched in Paperclip.,https://paperclip.gxl.ai/citations/papers/105286469
628,IDX989,"Microdose Pharmacokinetics of IDX899 and IDX989, Candidate HIV-1 Non-NucleosideReverse Transcriptase Inhibitors, Following Oral and Intravenous Administration in Healthy Male Subjects. Xiao-Jian Zhou,  R. Colin Garner,  DSc, Sheila Nicholson,  C. James Kissling,and Douglas Mayers. J Clin Pharmacol  2009, 49 (12) 1408-1416. ",19776293,,105286469,100.0,0,1 of 1 distinct cited papers matched in Paperclip.,https://paperclip.gxl.ai/citations/papers/105286469
629,Ifenprodil,"Jing Yang,ChengtaoLu,WeiSong,JiankangLi,YiDing,YanrongZhu,JinyiCao, Likun Ding, YanyanJia, AidongWenn. Determination of ifenprodil by LC–MS/MS and its application to a pharmacokinetic study in healthy Chinese volunteers. Acta Pharm. Sin.B, 2013, 3, 180-184.",,,,0.0,0,0 of 1 distinct cited papers matched in Paperclip. Unmatched citations: Determination of ifenprodil by LC–MS/MS and its application to a pharmacokinetic study in healthy Chinese volunteers.,
630,Ifetroban,"Dockens RC, Santone KS, Mitroka JG, Morrison RA, Jemal M, Greene DS, and Barbhaiya RH (2000) Disposition of radiolabeled ifetroban in rats, dogs, monkeys, and humans.  Drug Metab. Dispos. 28: 973-980.",10901709,,180063721,100.0,0,1 of 1 distinct cited papers matched in Paperclip.,https://paperclip.gxl.ai/citations/papers/180063721
631,Ifosfamide,"Corlett SA, Parker D, and Chrystyn H (1995) Pharmacokinetics of ifosfamide and its enantiomers following a single 1 h intravenous infusion of the racemate in patients with small cell lung carcinoma.  Br. J. Clin. Pharmacol. 39: 452-455.  ",7640155,PMC1365136,87408126,100.0,0,1 of 1 distinct cited papers matched in Paperclip.,https://paperclip.gxl.ai/citations/papers/87408126
632,Ilaprazole,"Hongyun Wang, Ning Ou, Liwei Lang, Ruihua Shi, Pei Hu and Ji Jiang. Pharmacokinetics and pharmacodynamics of intravenous ilaprazole in healthy subjects after single ascending doses. Xenobiotica, ahead of press, 2016. Downloaded March 27, 2016.",26998954,,61374028,100.0,0,1 of 1 distinct cited papers matched in Paperclip.,https://paperclip.gxl.ai/citations/papers/61374028
633,Iloprost,Krause W and Krais T (1986) Pharmacokinetics and pharmacodynamics of the prostacyclin analogue iloproset in man.  Eur. J. Clin. Pharmacol. 30: 61-68.  Hildebrand M (1997) Pharmacokinetics and tolerablity of oral iloprost in thromboangitis obliterans patients.  Eur. J. Clin. Pharmacol. 53: 51-56.  Ventavis Product Label.,2423342;9349930,,134011458;143977788,100.0,0,2 of 2 distinct cited papers matched in Paperclip. 1 non-paper source segment(s) excluded.,https://paperclip.gxl.ai/citations/papers/134011458;https://paperclip.gxl.ai/citations/papers/143977788
634,Imatinib,"Peng B, Dutreix C, Mehring G, Hayes MJ, Ben-Am M, Sieberling M, Pokorny R, Capdeville R, and Lloyd P (2004) Absolute bioavailability of imatinib (Glivec) orally versus intravenous infusion.  J. Clin. Pharmacol. 44: 158-162. Gleevec Product Label.",14747424,,136314742,100.0,0,1 of 1 distinct cited papers matched in Paperclip. 1 non-paper source segment(s) excluded.,https://paperclip.gxl.ai/citations/papers/136314742
635,Imidafenacin,"Ohno T, Nakade S, Nakayama K, et al. Absolute bioavailability of imidafenacin after oral administration to healthy subjects. Br J Clin Pharmacol 2008, 65, 197-202.//ppb: http://www.kyorin-pharm.co.jp/prodinfo/medicine/pdf/URITOS_Tablets01mg.pdf. Accessed June 30 2017.",18251758,PMC2291225,116181560,100.0,0,1 of 1 distinct cited papers matched in Paperclip. 1 non-paper source segment(s) excluded.,https://paperclip.gxl.ai/citations/papers/116181560
636,Imipenem,Saito A (1991) Pharmacokinetics of panipenem/betamipron.  Chemotherapy 39(Suppl. 3): 227-235.  Bergan T (1984) Pharmacokinetics of beta-lactam antibiotics.  Scand. J. Infect. Dis. 42(Suppl): 83-98.,,,,0.0,0,0 of 2 distinct cited papers matched in Paperclip. Unmatched citations: Pharmacokinetics of panipenem/betamipron | Pharmacokinetics of beta-lactam antibiotics.,
637,Imipramine,Brosen K and Gram LF (1988) First-pass metabolism of imipramine and desipramine: impact of the sparteine oxidation phenotype.  Clin. Pharmacol. Ther.  43: 400-406.  Nyberg G and Maartensson E (1984) Determination of free fractions of tricyclic antidepressants.  Naunyn-Sch. Arch. Pharmacol. 327: 260-265.   Danon A and Chen Z (1979) Binding of imipramine to plasma proteins: effect of hyperlipoproteinemia.  Clin. Pharmacol. Ther. 25: 316-321.,3356084;6493364;761443,,100772220;133420482;63455369,100.0,0,3 of 3 distinct cited papers matched in Paperclip.,https://paperclip.gxl.ai/citations/papers/100772220;https://paperclip.gxl.ai/citations/papers/133420482;https://paperclip.gxl.ai/citations/papers/63455369
638,Imipramine N-oxide,Nagy A and Hansen T (1978) The kinetics of imipramine N-oxide in man.  Acta Pharmacol. Toxicol. 42: 58-67.,579712,,100856895,100.0,0,1 of 1 distinct cited papers matched in Paperclip.,https://paperclip.gxl.ai/citations/papers/100856895
639,Incadronate (acid),"T. Usui, Y. Oiso, A. TOMITA , E. OGATA, T. UCHIDA, K. IKEDA , T. WATANABE I, S. HIGUCHI. Pharmacokinetics of incadronate, a new bisphosphonate, in healthy volunteers and patients with malignancy-associated hypercalcemia. Int. J. Clin. Pharmacol. Ther. 1997, 35, 239-244.
",9208339,,189407880,100.0,0,1 of 1 distinct cited papers matched in Paperclip.,https://paperclip.gxl.ai/citations/papers/189407880
640,Indacaterol,"Pharmapendium. Indacaterol Maleate - FDA Approval Package
Clinical Pharmacology and Biopharmaceutics Review 022383/S-000 Part 02. Data from Table 1 on page 4 of 47.",,,,,,No identifiable paper citations; non-paper sources excluded.,
641,Indinavir,"Yeh KC, Stone JA, Carides AD, Rolan P, Woolf E, and Ju WD (1999) Simultaneous investigation of indinavir nonlinear pharmacokinetics and bioavailability in healthy volunteers using stable isotope labeling technique: study design and model-independent data analysis.  J. Pharm. Sci. 88: 568-573.  Boffito M, Hoggard PG, Reynolds HE, Bonora S, Meaden ER, Sinicco A, Di Perri G, and Back DJ (2002) The unbound percentage of saquinavir and indinavir remains constant throughout the dosing interval in HIV positive subjects.  Br. J. Clin. Pharmacol. 54: 262-268.",10229651;12236846,PMC1874417,143709012;140390922,100.0,0,2 of 2 distinct cited papers matched in Paperclip.,https://paperclip.gxl.ai/citations/papers/143709012;https://paperclip.gxl.ai/citations/papers/140390922
642,Indisulam,"E. Raymond, W.W. ten Bokkel Huinink, J. Taı¨eb, J.H. Beijnen, S. Faivre, J. Wanders, M. Ravic, P. Fumoleau, J.P. Armand, and J.H.M. Schellens. Phase I and Pharmacokinetic Study of E7070, a Novel Chloroindolyl Sulfonamide Cell-Cycle Inhibitor, Administered as a One-Hour Infusion Every Three Weeks in Patients With Advanced Cancer. J. Clin. Onc., 2002, Vol 20, 3508-3521. ppb: SATURABLE BINDING TAKEN at 3.5 uM total concentration. Saturable binding of indisulam to plasma proteins and distribution to human erythrocytes Zandvliet, Anthe S.; Copalu, William; Schellens, Jan H. M.; Beijnen, Jos H.; Huitema, Alwin D. R. Drug Metabolism and Disposition 2006, 34, 1041-1046, 2006 ",12177112;16565173,,142589217;127637161,100.0,0,2 of 2 distinct cited papers matched in Paperclip.,https://paperclip.gxl.ai/citations/papers/142589217;https://paperclip.gxl.ai/citations/papers/127637161
643,Indocyanine Green,"Vanakoski J, Idanpaan-Heikkila JJ, and Seppala T (1996) Exposure to high environmental temperature in the sauna does not change plasma indocyanine green (ICG) clearance in healthy subjects.  Pharmacol. Toxicol. 78: 94-98.   IC-Green Product Label.",8822042,,107601848,100.0,0,1 of 1 distinct cited papers matched in Paperclip. 1 non-paper source segment(s) excluded.,https://paperclip.gxl.ai/citations/papers/107601848
644,Indomethacin,"Yeh KC, Berger ET, Breault GO, and Lei BE (1982) Effect of sustained release on the pharmacokinetic profile of indomethacin in man.  Biopharm. Drug Dispos. 3: 219-230.  Indocin Product Label.",7139063,,122046659,100.0,0,1 of 1 distinct cited papers matched in Paperclip. 1 non-paper source segment(s) excluded.,https://paperclip.gxl.ai/citations/papers/122046659
645,Indoprofen,"Tamassia, V.; Corvi, G.; Moro, E.; Tosolini, G. P.; Fuccella, L. M.  Pharmacokinetics and bioavailability of indoprofen in man. Eur. J. Clin. Pharmacol. (1976), 10(3-4), 257-62",,,,0.0,0,0 of 1 distinct cited papers matched in Paperclip. Unmatched citations: Pharmacokinetics and bioavailability of indoprofen in man.,
646,Indoramin,"Norbury HM, Franklin RA, Marrott PK, and Warrington SJ (1983) Pharmacokinetics of intravenous indoramin in middle aged male and female volunteers.  Eur. J. Clin. Pharmacol.  25: 243-246.",6628508,,123207025,100.0,0,1 of 1 distinct cited papers matched in Paperclip.,https://paperclip.gxl.ai/citations/papers/123207025
647,INO-1001,"A Phase IB Trial of Intravenous INO-1001 Plus Oral Temozolomide in Subjects with Unresectable Stage-III or IV Melanoma. Agop Y. Bedikian, Nicholas E. Papadopoulos, Kevin B. Kim, Wen-Jen Hwu, Jade Homsi, Michelle R. Glass, Suzanne Cain, Patrick Rudewicz, Laurent Vernillet, and Patrick Hwu. Cancer Investigation, 2009, 27,756–763.",19440934,,107706751,100.0,0,1 of 1 distinct cited papers matched in Paperclip.,https://paperclip.gxl.ai/citations/papers/107706751
648,Inogatran,"Ann-Catrine Teger-Nilsson, Ulf Eriksson, DaVid Gustafsson, Ruth Bylund, Gunnar Fager, Peter Held. Phase I Studies on Inogatran, a New Selective Thrombin Inhibitor. JCC Feb 1995 abstract 931-115 p. 117A, :  doi:10.1016/0735-1097(95)91943-R Accessed May 8 2013. ppb: Ulf G. Eriksson, Lars Renberg, Ulf Bredberg, Ann-Catrine Teger-Nilsson and Carl Gunnar Regardh. Animal Pharmacokinetics of Inogatran, a Low Molecular-Weight Thrombin Inhibitor with Potential Use as an Antithrombotic Drug. Biopharm. Drug Dispos. 1998, 19: 55–64.",9510985,,143200887,50.0,0,"1 of 2 distinct cited papers matched in Paperclip. Unmatched citations: Phase I Studies on Inogatran, a New Selective Thrombin Inhibitor.",https://paperclip.gxl.ai/citations/papers/143200887
649,Intoplicine,"Abigerges D, Armand JP, Chabot GG, Bruno R, Bissery MC, Bayssas M, Klink-Alakl M, Clavel M, and Catimel G (1996) Phase I and pharmacology study of  intoplicine  (RP 60475; NSC 645008), a novel topoisomerase I and II inhibitor, in cancer  patients.  Anti-Cancer Drugs 7: 166-174",8740721,,123916814,100.0,0,1 of 1 distinct cited papers matched in Paperclip.,https://paperclip.gxl.ai/citations/papers/123916814
650,Iodixanol,"Human pharmacokinetics of iodixanol Svaland, M. G.; Haider, T.; Langseth-Manrique, K.; Andrew, E.; Hals, P. A.  Investigative Radiology (1992), 27(2), 130-3. ppb: Jacobsen P B; Blindheim L; Skotland T. Bioanalytical methods for iodixanol and their application to studies on metabolism and protein binding. Acta radiologica. Supplementum. 1995, 399, 61-66.",1601604;8610531,,122592612;49466978,100.0,0,2 of 2 distinct cited papers matched in Paperclip.,https://paperclip.gxl.ai/citations/papers/122592612;https://paperclip.gxl.ai/citations/papers/49466978
651,Iododoxorubicin,"Robert J; Armand J P; Huet S; Klink-Alakl M; Recondo G; Hurteloup P. Pharmacokinetics and metabolism of 4'-​iodo-​4'-​deoxy-​doxorubicin in humans. J. Clin. Oncol. 1992,10(7), 1183-1190.",1607922,,52646757,100.0,0,1 of 1 distinct cited papers matched in Paperclip.,https://paperclip.gxl.ai/citations/papers/52646757
652,Iohexol,"Back SE, Krutzen E, and Nilsson-Ehle P. Contrast media as markers for glomerular filtration: a pharmacokinetic comparison of four agents.  Scand. J. Clin. Lab Invest. 1988, 48, 247-253.",3375780,,104089223,100.0,0,1 of 1 distinct cited papers matched in Paperclip.,https://paperclip.gxl.ai/citations/papers/104089223
653,Iomeprol,"Lorusso et al. Pharmacokinetics and safety of iomeprol in healthy volunteers and in patients with renal imperiment or end-stage renal disease requiring hemodyalisis. Invest. Radiol. 2001, 36, 309-316. ppb: Rosati G. Clinical pharmacology of iomeprol. European journal of  1994, 18 Suppl 1 S51-60",11410750;8020519,,139392207;99440463,100.0,0,2 of 2 distinct cited papers matched in Paperclip.,https://paperclip.gxl.ai/citations/papers/139392207;https://paperclip.gxl.ai/citations/papers/99440463
654,Iopamidol,"McKinstry DN, Rommel AJ, and Sugerman AA (1984) Pharmacokinetics, metabolism, and excretion of iopamidol in healthy subjects.  Invest. Radiol. 19: s171-s174.",,,,0.0,0,"0 of 1 distinct cited papers matched in Paperclip. Unmatched citations: Pharmacokinetics, metabolism, and excretion of iopamidol in healthy subjects.",
655,Iopentol,"Waaler A; Jorgensen N P; Koksvik B; Skinnemoen K; Andrew E. Pharmacokinetics of iopentol in healthy volunteers. Acta radiol. Suppl. 1987, 370, 113-117.//ppb: Thomas Lehnert, Erich Keller, Klaus Gondolf, Tanja Schäffner, Hermann Pavenstädt and Peter Schollmeyer. Effect of haemodialysis after contrast medium administration in patients with renal insufficiency. Nephrol Dial Transplant, 1998, 13,358–362.",2980304;9509446,,184695339;88562422,100.0,0,2 of 2 distinct cited papers matched in Paperclip.,https://paperclip.gxl.ai/citations/papers/184695339;https://paperclip.gxl.ai/citations/papers/88562422
656,Iopromide,"Krause W, Schuhmann-Giampieri G, Staks T, and Kaufmann J (1994) Dose proportionality of iopromide pharmacokinetics and tolerability after IV injection in healthy volunteers.  Eur. J. Clin. Pharmacol.  46: 339-343.  Ultravist Product Label",7957519,,134405038,100.0,0,1 of 1 distinct cited papers matched in Paperclip. 1 non-paper source segment(s) excluded.,https://paperclip.gxl.ai/citations/papers/134405038
657,Iothalamic acid (Iothalamate),"Back SE, Krutzen E, and Nilsson-Ehle P (1988) Contrast media as markers for glomerular filtration: a pharmacokinetic comparison of four agents.  Scand. J. Clin. Lab Invest.  48: 247-253.  Bollerup AC, Hesse B, and Steiness E (1975) Renal handling of iodamide and diatrizoate.  Evidence of active tubular secretion of iodamide.  Eur. J. Clin. Pharmacol. 9: 63-67.",3375780;1233254,,104089223;133864195,100.0,0,2 of 2 distinct cited papers matched in Paperclip.,https://paperclip.gxl.ai/citations/papers/104089223;https://paperclip.gxl.ai/citations/papers/133864195
658,Iotrolan,"P. Scholz, H.-J. Weinmann, W. Mutzel, and T. Staks. Pharmacokinetics of lotrolan After Intravenous Injection into Healthy Volunteers. ortschritte auf dem Gebiete der Rontgenstrahlen und der Nuklearmedizin. Erganzungsband. 1989, 128, 211-214.//ppb: Mutzel W; Press W R; Weinmann H J. Physicochemical properties and general pharmacology of the nonionic dimer iotrolan. Fortschritte auf dem Gebiete der Rontgenstrahlen und der Nuklearmedizin. Erganzungsband. 1989, 128, 28-32.",2568798,,184197110,50.0,0,1 of 2 distinct cited papers matched in Paperclip. Unmatched citations: Mutzel W; Press W R; Weinmann H J. Physicochemical properties and general pharmacology of the nonionic dimer iotrolan. Fortschritte auf dem Gebiete der Rontgenstrahlen und der Nuklearmedizin. Erganzungsband..,https://paperclip.gxl.ai/citations/papers/184197110
659,Ipratropium,"Ensing K., de Zeeuw R.A., Nossent  G.D., Koeter G.H, Cornelissen, P.J.G. et al. ( 1989)  Pharmacokinetics of ipratropium bromide after single dose inhalation and oral and intravenous administration. Eur. J. Clin. Pharmacol. 36, 189-194.   fu from Lombardo et al J. Clin. Pharmacol. 2013, 53(2), 167-177 and 178-191",2524387;23436262;23436263,,123516334;88092331;88468499,100.0,0,3 of 3 distinct cited papers matched in Paperclip.,https://paperclip.gxl.ai/citations/papers/123516334;https://paperclip.gxl.ai/citations/papers/88092331;https://paperclip.gxl.ai/citations/papers/88468499
660,Irbesartan,"Vachharajani NN, Shyu WC, Chando TJ, Everett DW, Greene DS, Barbhaiya RH (1998) Oral bioavailabiity and disposition characteristics of irbesartan, an angiotensin antagonist, in healthy volunteers.  J. Clin. Pharmacol. 38: 702-707.  Avalide Product Label.",9725545,,82265839,100.0,0,1 of 1 distinct cited papers matched in Paperclip. 1 non-paper source segment(s) excluded.,https://paperclip.gxl.ai/citations/papers/82265839
661,Irinotecan,"Xie R, Mathijssen RHJ, Sparreboom A, Verweij J, and Karlsson MO (2002) Clinical pharmacokinetics of irinotecan and its metabolites in relation with diarrhea.  Clin. Pharmacol. Ther. 72: 265-275.  Camptosar Product Label.",12235447,,142519835,100.0,0,1 of 1 distinct cited papers matched in Paperclip. 1 non-paper source segment(s) excluded.,https://paperclip.gxl.ai/citations/papers/142519835
662,Irofulven,"Paci A, Rezai K, Deroussent A, De Valeriola D, Re M, Weill S, Cvitkovic E, Kahatt C, Shah A, Waters S, Weems G, Vassal G, and Lokiec F (2006) Pharmacokinetics, metabolism, and routes of excretion of intravenous irofulven in patients with advanced solid tumors.  Drug Met. Disp. 34: 1918-1926.",16896064,,123657968,100.0,0,1 of 1 distinct cited papers matched in Paperclip.,https://paperclip.gxl.ai/citations/papers/123657968
663,Isavuconazole,"Schmitt-Hoffmann A. et al. Single-​ascending-​dose pharmacokinetics and safety of the novel broad-​spectrum antifungal triazole BAL4815 after intravenous infusions (50, 100, and 200 milligrams) and oral administrations (100, 200, and 400 milligrams) of its prodrug, BAL8557, in healthy volunteers. Antimicrobial Agents and Chemotherapy, 2006, 50(1), 279-285. //ppb: Robert W. Townsend,corresponding author1 Shahzad Akhtar,1 Harry Alcorn, Jolene K. Berg, Donna L. Kowalski, Salim Mujais, and Amit V. Desai. Phase I trial to investigate the effect of renal impairment on isavuconazole pharmacokinetics. Eur J Clin Pharmacol. 2017, 73, 669–678.",16377698;28271239,PMC1346775;PMC5423998,127284245;PMC5423998,100.0,50,2 of 2 distinct cited papers matched in Paperclip.,https://paperclip.gxl.ai/citations/papers/127284245;https://paperclip.gxl.ai/citations/papers/PMC5423998
664,Isepamicin,"Nomeir AA, Radwanski E, Cutler D, Affrime M, Christopher D, Korduba C, Batra V, Lin C, and Cayen MN (1997) Single-dose pharmacokinetics of isepamicin in young and geriatric volunteers.  J. Clin. Pharmacol. 37: 1021-1030.  Tod M, Padoin C, and Petitjean O (2000)  Clinical pharmacokinetics and pharmacodynamics of isepamicin.  Clin. Pharmacokinet. 38: 205-223.  ",9505995;10749517,,82084608;127009304,100.0,0,2 of 2 distinct cited papers matched in Paperclip.,https://paperclip.gxl.ai/citations/papers/82084608;https://paperclip.gxl.ai/citations/papers/127009304
665,Isoglycirrhizinate (acid),"Sun L. et al. Phase I safety and pharmacokinetic study of magnesium isoglycyrrhizinate after single and multiple intravenous doses in Chinese healthy volunteers. J. Clin.Pharmacol. 2007, 47, 767-773.",17409184,,118769374,100.0,0,1 of 1 distinct cited papers matched in Paperclip.,https://paperclip.gxl.ai/citations/papers/118769374
666,Isomazole,"Woodworth, James R.; Delong, A. F.; Fasola, A. F.; Oldham, S. Isomazole disposition in man as a function of dose and route of administration. Biopharm. Drug Disp. 1991, 12, 673-686.",1790312,,122640200,100.0,0,1 of 1 distinct cited papers matched in Paperclip.,https://paperclip.gxl.ai/citations/papers/122640200
667,Isoniazide,"Advenier C, St.Aubin A, Gobert C, Houin G, Albengres E, and Tillement JP (1980) Pharmacokinetics of isoniazid in the elderly.  Br. J. Clin. Pharmacol. 10: 167-169.  Kurz H, Mauser-Ganshorn A, and Stickel HH (1977) Differences in the binding of drugs to plasma proteins from newborn and adult man. I. Eur. J. Clin. Pharmacol. 11: 463-467.",891592,,133277262,50.0,0,1 of 2 distinct cited papers matched in Paperclip. Unmatched citations: Pharmacokinetics of isoniazid in the elderly.,https://paperclip.gxl.ai/citations/papers/133277262
668,Isoproterenol,"Illi A, Sundberg S, Ojala-Karlsson P, Korhonen P, Scheinin M, and Gordin A (1995) The effect of entacapone on the disposition and hemodynamic effects of intravenous isoproterenol and epinephrine.  Clin. Pharmacol. Ther. 58: 221-227.  Sager G, Bratlid H, and Little C (1987) Binding of catecholamines to alpha-1 acid glycoprotein, albumin and lipoproteins in human serum.  Biochem. Pharmacol. 36:  3607-3612.",7648772;3675618,,132108021;141427249,100.0,0,2 of 2 distinct cited papers matched in Paperclip.,https://paperclip.gxl.ai/citations/papers/132108021;https://paperclip.gxl.ai/citations/papers/141427249
669,Isosorbide Dinitrate,"Platzer R, Reutemann G, and Galeazzi RL (1982) Pharmacokinetics of intravenous isosorbide dinitrate.  J. Pharmacokinet. Biopharm. 10: 575-586.  Santoni Y, Iliadis A, Cano JP, Luccioni R, and Frances Y (1986) Pharmacokinetics of isosorbide dinitrate and its mononitrate metabolites after intravenous infusion.  J. Pharmacokinet. Biopharm. 14: 1-17.  Straehl P and Galeazzi RL (1985) Isosorbide dinitrate bioavailability, kinetics, and metabolism. Clin Pharmacol Ther. 38:140-149",3746630;4017416,,131982369;100053623,66.67,0,2 of 3 distinct cited papers matched in Paperclip. Unmatched citations: Pharmacokinetics of intravenous isosorbide dinitrate.,https://paperclip.gxl.ai/citations/papers/131982369;https://paperclip.gxl.ai/citations/papers/100053623
670,Isosorbide-2-Mononitrate,"Straehl P, Galeazzi RL, and Soliva M (1984) Isosorbide 5-mononitrate and isosorbide 2-mononitrate kinetics after intravenous and oral dosing.  Clin. Pharmacol. Ther.  36: 485-491.//",6478734,,100771735,100.0,0,1 of 1 distinct cited papers matched in Paperclip.,https://paperclip.gxl.ai/citations/papers/100771735
671,Isosorbide-5-Mononitrate,"Major RM, Taylor T, Chasseaud LF, Darragh A, and Lambe RF (1984) Isosorbide 5-mononitrate kinetics.  Clin. Pharmacol. Ther. 35: 653-659.  Straehl P, Galeazzi RL, and Soliva M (1984) Isosorbide 5-mononitrate and isosorbide 2-mononitrate kinetics after intravenous and oral dosing.  Clin. Pharmacol. Ther.  36: 485-491.",6713775;6478734,,100053566;100771735,100.0,0,2 of 2 distinct cited papers matched in Paperclip.,https://paperclip.gxl.ai/citations/papers/100053566;https://paperclip.gxl.ai/citations/papers/100771735
672,Isoxicam,"Kolle EU and Vollmer KO (1986) Pharmacokinetics of isoxicam following intravenous, intramuscular, oral and rectal administration in healthy volunteers.  Br. J. Clin. Pharmacol. 22(Suppl 2): 135S-141S.  Jolliet P, Simon N, Bree F, Urien S, Pagliara A, Carrupt PA, Testa B, and Tillement JP (1997) Blood-to-brain transfer of various oxicams: effects of plasma binding on their brain delivery.  Pharm. Res. 14: 650-656.",3620273;9165538,PMC1400954,88342998;141214270,100.0,0,2 of 2 distinct cited papers matched in Paperclip.,https://paperclip.gxl.ai/citations/papers/88342998;https://paperclip.gxl.ai/citations/papers/141214270
673,Isradipine,"Christensen HR, Antonsen K, Simonsen K, Lindekar A, Bonde J, Angelo HR, and Kampmann JP (2000) Bioavailability and pharmacokinetics of isradipine after oral and intravenous administration: half-life shorter than expected?  Pharmacol. Toxicol. 86: 178-182.  Kirsten R, Nelson K, Kirsten D, and Heintz B (1988) Clinical  pharmacokinetics  of vasodilators. Part I.  Clin. Pharmacokinet. 34: 457-482.  ",10815751,,100088149,50.0,0,1 of 2 distinct cited papers matched in Paperclip. Unmatched citations: Clinical pharmacokinetics of vasodilators.,https://paperclip.gxl.ai/citations/papers/100088149
674,Itraconazole,"Heykants J, Van Peer A, Van de Velde V, Van Rooy P, Meuldermans W, Lavrijsen K, Woestenborghs R, Van Cutsem J, and Cauwenbergh G (1989) The clinical pharmacokinetics of itraconazole: an overview.  Mycoses  32(Suppl 1): 67-87.  ",2561187,,100618482,100.0,0,1 of 1 distinct cited papers matched in Paperclip.,https://paperclip.gxl.ai/citations/papers/100618482
675,Ivabradine,"Ragueneau, Isabelle; Laveille, Christian; Jochemsen, Roeline; Resplandy, Guillemette; Funck-Brentano, Christian; Jaillon, Patrice. Pharmacokinetic-pharmacodynamic modeling of the effects of ivabradine, a direct sinus node inhibitor, on heart rate in healthy volunteers. Clin Pharmacol Ther 1998, 64, 192-203//ppb: https://www.accessdata.fda.gov/drugsatfda_docs/nda/2015/206143Orig1s000PharmR.pdf. Accessed May 28 2017.",9728900,,131974795,100.0,0,1 of 1 distinct cited papers matched in Paperclip. 1 non-paper source segment(s) excluded.,https://paperclip.gxl.ai/citations/papers/131974795
676,IVL745,"Rohatagi S, Shah B, Zhang J, Zeng Z, Kirkesseli S, and Jensen BK (2004) Estimating mass balance for inhaled drugs in humans: An example with a VLA-4 antagonist, IVL745.  J. Clin. Pharmacol. 44: 348-358.",15051741,,136379771,100.0,0,1 of 1 distinct cited papers matched in Paperclip.,https://paperclip.gxl.ai/citations/papers/136379771
677,Ixabepilone,"Abraham J, Agrawal M, Bakke S, Rutt A, Edgerly M, Balis FM, Widemann B, Davis L, Damle B, Sonnichsen D, Lebwohl D, Bates S, Kotz H, and Fojo T (2003)  Phase I trial and pharmacokinetic study of BMS-247550, an epothilone B analog, administered intravenously on daily schedule for five days.  J. Clin. Oncol. 21: 1866-1873.//ppb: Francis Y. F. Lee , Robert Borzilleri, 
Craig R. Fairchild, Amrita Kamath, Richard Smykla, Robert Kramer, Gregory Vite. Preclinical discovery of ixabepilone, a highly active antineoplastic agent. Cancer Chemother Pharmacol 2008,  63, 157–166.",12721265;18347795,,139889969;113462607,100.0,0,2 of 2 distinct cited papers matched in Paperclip.,https://paperclip.gxl.ai/citations/papers/139889969;https://paperclip.gxl.ai/citations/papers/113462607
678,Ixazomib,"Assouline S E; Chang J; Cheson B D; Rifkin R; Hamburg S; Reyes R; Hui A-M; Yu J; Gupta N; Di Bacco A; Shou Y; Martin P.  Phase 1 dose-​escalation study of IV ixazomib, an investigational proteasome inhibitor, in patients with relapsed​/refractory lymphoma. Blood Cancer Journal (2014) 4, e251; doi:10.1038/bcj.2014.71//ppb: Gupta, Neeraj; Hanley, Michael J.; Harvey, R. Donald; Badros, Ashraf; Lipe, Brea; Kukreti, Vishal; Berdeja, Jesus; Yang, Huyuan; Hui, Ai-Min; Qian, Mark; Zhang, Xiaoquan; Venkatakrishnan, Karthik; Chari, Ajai. A pharmacokinetics and safety phase 1​/1b study of oral ixazomib in patients with multiple myeloma and severe renal impairment or end-​stage renal disease requiring haemodialysis. Brit. J.  Haem., 2016, 174, 748-759.",25325301;27196567,PMC4220649;PMC5084759,PMC4220649;PMC5084759,100.0,100,2 of 2 distinct cited papers matched in Paperclip.,https://paperclip.gxl.ai/citations/papers/PMC4220649;https://paperclip.gxl.ai/citations/papers/PMC5084759
679,Kahalide F,"Jeany M. Rademaker-Lakhai, Simon Horenblas,Willem Meinhardt, Ellen Stokvis,Theo M. de Reijke, Jose´ M. Jimeno,Luis Lopez-Lazaro, Jose´ A. Lopez Martin, Jos H. Beijnen, Jan H.M. Schellens.Phase I Clinical and Pharmacokinetic Study of Kahalalide F in Patients with Advanced Androgen Refractory Prostate Cancer. Clin Cancer Res. 2005, Vol. 11, 1854–1862.",15756010,,128838290,100.0,0,1 of 1 distinct cited papers matched in Paperclip.,https://paperclip.gxl.ai/citations/papers/128838290
680,Kanamycin,"Kirby WMW, Clarke JT, Libke RD, and Regamey C (1976) Clinical pharmacology of amikacin and kanamycin.  J. Infect. Dis. 134: S312-S315.  Gordon RC, Regamey C, and Kirby WMM (1972) Serum protein binding of the aminoglycoside antibiotics.  Antimic. Agents Chemother. 2: 214-216.    Clarke JT, Libke RD, Regamey C, and Kirby WMM (1974) Comparative pharmacokinetics of amikacin and kanamycin.  Clin. Pharmacol. Ther. 15: 610-616.",993624;4790560;4210297,PMC444293,97642300;89307050;61705419,100.0,0,3 of 3 distinct cited papers matched in Paperclip.,https://paperclip.gxl.ai/citations/papers/97642300;https://paperclip.gxl.ai/citations/papers/89307050;https://paperclip.gxl.ai/citations/papers/61705419
681,Ketamine,"Geisslinger G, Hering W, Thomann P, Knoll R, Kamp HD, and Brune K (1993) Pharmacokinetics and pharmacodynamics of ketamine enantiomers in surgical patients using a stereoselective analytical method.  Br. J. Anaesth. 70: 666-671.  Pedraz JL, Lanao JM, Calvo MB, Muriel C, Hernandez-Arbeiza J, and Dominguez-Gil A (1987) Pharmacokinetic and clinical evaluation of ketamine administered by i.v. and epidural routes.  Int. J. Clin. Pharmacol. Ther. Toxicol. 25: 77-80.  Clements JA and Nimmo WS (1981) Pharmacokinetics and analgesic effect of ketamine in man.  Br. J. Anaesth. 53: 27-30.  Dayton PG, Stiller RL, Cook DR, and Perel JM (1983) The binding of ketamine to plasma proteins:  emphasis on human plasma.  Eur. J. Clin. Pharmacol. 24: 825-831.  Hijazi Y and Boulieu R (2002) Protein binding of ketamine and its active metabolites in human serum.  Eur. J. Clin. Pharmacol. 58: 37-40.",8329260;3557733;7459184;11956671,,120731588;185282058;120582849;140605173,80.0,0,4 of 5 distinct cited papers matched in Paperclip. Unmatched citations: The binding of ketamine to plasma proteins: emphasis on human plasma.,https://paperclip.gxl.ai/citations/papers/120731588;https://paperclip.gxl.ai/citations/papers/185282058;https://paperclip.gxl.ai/citations/papers/120582849;https://paperclip.gxl.ai/citations/papers/140605173
682,Ketanserin,"Heykants J, Van Peer A, Woestenborghs R, Gould S, and Mills J (1986) Pharmacokinetics of ketanserin and its metabolite ketanserin-ol in man after intravenous, intramuscular and oral administration.  Eur. J. Clin. Pharmacol. 31: 343-350.  Persson B, Pettersson A, and Hedner T (1987) Pharmacokinetics of ketanserin in patients wuith essential hypertension.  Eur. J. Clin. Pharmacol. 32: 259-265.  Trenk D, Mosler A, Kirch W, Meinertz T, and Jahnchen E (1983) Pharmacokinetics and pharmacodynamics of the 5-HT2 receptor antagonist ketanserin in man.  J. Cardiovasc. Pharmacol. 5: 1034-1039.  Barendregt JN, Van Peer A, Van Der Hoeven JG, Van Oene JC, and Tjandra YI (1990) Ketanserin pharmacokinetics in patients with renal failure. Br. J. Clin. Pharmacol. 29: 715-723.  Reimann IW, Okonkwo PO, and Klotz U (1983) Pharmacokinetics of ketanserin in man. Eur. J. Clin. Pharmacol. 25: 73-76.  ",3792432;3595699;6196551;2378791;6617728,PMC1380174,131545189;133259683;121586312;86713735;133413251,100.0,0,5 of 5 distinct cited papers matched in Paperclip.,https://paperclip.gxl.ai/citations/papers/131545189;https://paperclip.gxl.ai/citations/papers/133259683;https://paperclip.gxl.ai/citations/papers/121586312;https://paperclip.gxl.ai/citations/papers/86713735;https://paperclip.gxl.ai/citations/papers/133413251
683,Ketobemidone,"Bondesson U, Arner S, Anderson P, Boreus LO, and Hartvig P (1980) Clinical pharmacokinetics and oral bioavailability of ketobemidone.  Eur. J. Clin. Pharmacol.  17: 45-50.",6102913,,133276980,100.0,0,1 of 1 distinct cited papers matched in Paperclip.,https://paperclip.gxl.ai/citations/papers/133276980
684,Ketoprofen,"Debruyne D, de Ligny BH, Ryckelynck JP, Albessard F, and Moulin M (1987) Clinical pharmacokinetics of ketoprofen after single intravenous administration as a bolus or infusion.  Clin. Pharmacokinet. 12: 214-221.  Lee KJ,  Mower R, Hollenbeck T, Castelo J, Johnson N, Gordon P, Sinko PJ, Holme K, and Lee YH (2003) Modulation of nonspecific binding in ultrafiltration protein binding studies.  Pharm. Res. 20: 1015-1021.",3581635;12880287,,108049298;137952822,100.0,0,2 of 2 distinct cited papers matched in Paperclip.,https://paperclip.gxl.ai/citations/papers/108049298;https://paperclip.gxl.ai/citations/papers/137952822
685,Ketorolac,"Jung D, Mroszczak E, and Bynum L (1988) Pharmacokinetics of ketorolac tromethamine in humans after intravenous, intramuscular and oral administration.  Eur. J. Clin. Pharmacol. 35: 423-425.  Reed MD, Myers CM, and Blumer JL (2001) Influence of midazolam on the protein binding of ketorolac.  Curr. Ther. Res.  62: 558-565.  Mroszczak EJ, Lee FM, Combs D, Sarnquist FH, Huang BL, Wu AT, Tokes LG, Maddox ML, and Cho DK (1987) Ketorolac tromethamine absorption, distribution, metabolism, excretion, and pharmacokinetics in animals and humans.  Drug Metab. Dispos. 15: 618-626",3264245;2891477,,133401896;184571356,66.67,0,2 of 3 distinct cited papers matched in Paperclip. Unmatched citations: Influence of midazolam on the protein binding of ketorolac.,https://paperclip.gxl.ai/citations/papers/133401896;https://paperclip.gxl.ai/citations/papers/184571356
686,KNI-272,"BRIGITTA U. MUELLER, BARRY D. ANDERSON, MAUREEN Q. FARLEY, ROBERT MURPHY, JUDY ZUCKERMAN, PAUL JAROSINSKI, KAREN GODWIN, CINDY L. MCCULLY, HIROAKI MITSUYA, PHILIP A. PIZZO, FRANK M. BALIS. Pharmacokinetics of the Protease Inhibitor KNI-272 in Plasma and Cerebrospinal Fluid in Nonhuman Primates after Intravenous Dosing and in Human Immunodeficiency Virus-Infected Children after Intravenous and Oral Dosing. Antimicr. Agents Chemother. 1998, 42, 1815-1818.",9661027,PMC105689,39416964,100.0,0,1 of 1 distinct cited papers matched in Paperclip.,https://paperclip.gxl.ai/citations/papers/39416964
687,KRN-5500,"Supko JG, Eder JP, Ryan DP, Seiden MV, Lynch TJ, Amrein PC, Kufe DW, and Clark JW (2003) Phase I clinical trial and pharmacokinetic study of the spicamycin analog KRN5500 administered as a 1-hour intravenous infusion for five consecutive days to patients with refractory solid tumors.  Clin. Canc. Res. 9: 5178-5186.",14613997,,181920391,100.0,0,1 of 1 distinct cited papers matched in Paperclip.,https://paperclip.gxl.ai/citations/papers/181920391
688,KRN8602,"Kerrie Clarke, Russell L. Basser, Darryl Maher, Denis J. Morgan, Jonathan Cebon, Richard M. Fox, John S. Hill, Carole Alt, Jane Bartlett, Howard Geldard, Andrew H. Kaye, and Michael D. Green. Phase I and Pharmacokinetic Study of KRN8602 Alone and With Filgrastim in Patients With Advanced Cancer. J Clin Oncol. 1998, 16:2181-2187.",9626219,,51896596,100.0,0,1 of 1 distinct cited papers matched in Paperclip.,https://paperclip.gxl.ai/citations/papers/51896596
689,KW-2170,"Saeki T, Eguchi K, Takashima S, Sugiura T, Hida T, Horikoshi N, Aiba K, Kuwabara T, and Ogawa M (2004) Phase I and pharmacokinetic study of KW-2170, a novel pyrazoloacridone compound, in patients with malignant tumors.  Cancer Chemother. Pharmacol.  54: 459-468.",15290094,,134185188,100.0,0,1 of 1 distinct cited papers matched in Paperclip.,https://paperclip.gxl.ai/citations/papers/134185188
690,KW-2478,"K Yong, J Cavet, P Johnson, G Morgan, C Williams, D Nakashima, S Akinaga, H Oakervee
and J Cavenagh. Phase I study of KW-2478, a novel Hsp90 inhibitor, in patients with B-cell malignancies. Br. J. Cancer, 2016, 114, 7-13.",26695442,PMC4716540,PMC4716540,100.0,100,1 of 1 distinct cited papers matched in Paperclip.,https://paperclip.gxl.ai/citations/papers/PMC4716540
691,L-5-hydroxytryptophan,"Magnussen, I.; Nielsen-Kudsk, F. Pharmacokinetics of intravenously administered L-5-hydroxytryptophan in man. Acta Pharmacologica et Toxicologica (1979), 44(4), 308-14.",311987,,100856917,100.0,0,1 of 1 distinct cited papers matched in Paperclip.,https://paperclip.gxl.ai/citations/papers/100856917
692,L-648051,"Biollaz, J.; Stahl, E.; Hsieh, J. Y.; Distlerath, L.; Jaeger, A.; Leuenberger, P.; Schelling, J. L.. Tolerability and pharmacokinetics of L 648051. A leukotriene D4-receptor antagonist, in healthy volunteers. Eur. J.  Clin. Pharmacol. (1988), 33(6), 603-607.",,,,0.0,0,0 of 1 distinct cited papers matched in Paperclip. Unmatched citations: Tolerability and pharmacokinetics of L 648051.,
693,L-692429,"Gertz B J; Barrett J S; Eisenhandler R; Krupa D A; Wittreich J M; Seibold J R; Schneider S H Growth hormone response in man to L-​692,​429, a novel nonpeptide mimic of growth hormone-​releasing peptide-​6. J. Clin. Endocrin. Metab. 1993, 77, 1393-1397. ppb:  K H Leung, D A Cohn, R R Miller, G A Doss, R A Stearns, R E Simpson, W P Feeney and S H Chiu Pharmacokinetics and disposition of L-692,429. A novel nonpeptidyl growth hormone secretagogue in preclinical species. Drug Metabolism and Disposition1996, 24, 753-760.",8503009,,122744552,100.0,0,1 of 1 distinct cited papers matched in Paperclip.,https://paperclip.gxl.ai/citations/papers/122744552
694,"L-778,123","Carolyn D. Britten, Eric K. Rowinsky, Steven Soignet, Amita Patnaik, Siu-Long Yao, Paul Deutsch, Yih Lee, Robert B. Lobell, Kathryn E. Mazina, Heather McCreery, Sandy Pezzuli and David Spriggs. A Phase I and Pharmacological Study of the Farnesyl Protein Transferase Inhibitor L-778,123 in Patients with Solid Malignancies. Clinical Cancer Research, 2001, 7, 3894-3903",11751480,,180343588,100.0,0,1 of 1 distinct cited papers matched in Paperclip.,https://paperclip.gxl.ai/citations/papers/180343588
695,Labetalol,"Cheymol G, Poirier JM, Carrupt PA, Testa B, Weissenburger J, Levron JC, and Snoeck E (1997) Pharmacokinetics of .beta.-adrenoceptor blockers in obese and normal volunteers. Br. J. Clin. Pharmacol. 43: 563-570.  Martin LE, Hopkins R, and Bland R (1976) Metabolism of labetalol by animals and man.  Br. J. Clin. Pharmacol. (Supp): 695-710",9205815;990152,PMC2042788,137856592;189650224,100.0,0,2 of 2 distinct cited papers matched in Paperclip.,https://paperclip.gxl.ai/citations/papers/137856592;https://paperclip.gxl.ai/citations/papers/189650224
696,Lacosamide,"Bioequivalence of Intravenous and Oral Formulations of the Antiepileptic Drug Lacosamide. Willi Cawello, Rainer Bonn, Hilmar Boekens. Pharmacology 2012;90:40-46 . ppb: < 15% as reported by PDR. http://www.pdr3d.com/detail.php?c=130625#section-14. Accessed December 30 2014.",22722651,,89298837,100.0,0,1 of 1 distinct cited papers matched in Paperclip. 1 non-paper source segment(s) excluded.,https://paperclip.gxl.ai/citations/papers/89298837
697,Ladirubicin," de Jonge, M. J. A.; Verweij, J.; van der Gaast, A.; Valota, O.; Mora, O.; Planting, A. S. Th.; Mantel, M. A.; Van Den Bosch, S.; Lechuga, M. J.; Fiorentini, F.; Hess, D; Sessa, C. Phase I and pharmacokinetic studies of PNU-159548, a novel alkycycline, administered intravenously to patients with advanced solid tumours. Eur. J. Cancer 2002, 38, 2407-2415.",12460785,,141277332,100.0,0,1 of 1 distinct cited papers matched in Paperclip.,https://paperclip.gxl.ai/citations/papers/141277332
698,Lamifiban,"Lave T, Saner A, Coassolo P, Brandt R, Schmitt-Hoffmann AH, and Chou RC (1996) Animal pharmacokinetics and interspecies scaling from animals to man of lamifiban, a new platelet aggergeation inhibitor.  J. Pharm. Pharmacol.  48: 573-577.",8832489,,96707843,100.0,0,1 of 1 distinct cited papers matched in Paperclip.,https://paperclip.gxl.ai/citations/papers/96707843
699,Lamivudine,"Yuen GJ, Morris DM, Mydlow PK, Haidar S, Hall ST, and Hussey EK (1995) Pharmacokinetics, absolute bioavailability, and absorption characteristics of lamivudine. J. Clin. Pharmacol. 35: 1174-1180.  Takubo T, Hirayama S, Moriya T, Minamide Y, Kato T, Nakamura R, and Kinami J (1997) Studies on the metabolic fate of lamivudine (II): tissue distribution, transfer into fetus and milk, plasma protein binding and distribution to erythrocytes of lamivudine in rats.  Yakubutsu Dotai 12: 92-101.",8750368,,82265747,50.0,0,"1 of 2 distinct cited papers matched in Paperclip. Unmatched citations: Studies on the metabolic fate of lamivudine (II): tissue distribution, transfer into fetus and milk, plasma protein binding and distribution to erythrocytes of lamivudine in rats.",https://paperclip.gxl.ai/citations/papers/82265747
700,Lanicemine,"Khanh H. Bui,  Diansong Zhou, Felix Agbo, and Jian Guo. Effect of Multiple Intravenous Doses of Lanicemine (AZD6765) on the Pharmacokinetics of Midazolam in Healthy Subjects. J. Clin. Pharmacol. 2015, 55(9) 1024–1030.",25880724,,66880043,100.0,0,1 of 1 distinct cited papers matched in Paperclip.,https://paperclip.gxl.ai/citations/papers/66880043
701,Laniquidar,"De Buck, Stefan S.; Sinha, Vikash K.; Fenu, Luca A.; Nijsen, Marjoleen J.; Mackie, Claire E.; Gilissen, Ron A. H. J. Prediction of human pharmacokinetics using physiologically based modeling: a retrospective analysis of 26 clinically tested drugs. Drug Metabolism and Disposition, 2007, 35(10), 1766-1780. ",17620347,,117134755,100.0,0,1 of 1 distinct cited papers matched in Paperclip.,https://paperclip.gxl.ai/citations/papers/117134755
702,Lanreotide,"Pharmacokinetic profile of the somatostatin analogue lanreotide in individuals with chronic hepatic insufficiency. Tomlinson B, Thomas NG, Lan IW, Barbanoj M, Antonijoan RM, Drazna E, Ramis J, Obach R, Peraire C. Clin. Pharmacokinet. 2006, 45, 1003-1011.",16984213,,122245920,100.0,0,1 of 1 distinct cited papers matched in Paperclip.,https://paperclip.gxl.ai/citations/papers/122245920
703,Lansoprazole,"Gerloff J, Mignot A, Barth H, and Heintze K (1996) Pharmacokinetics and absolute bioavailability of lansoprazole.  Eur. J. Clin. Pharmacol. 50: 293-297.  Freston JW, Pilmer BL, Chiu YL, Wang Q, Stolle JC, Griffin JS, and Lee CQ (2004) Evaluation of the pharmacokinetics and pharmacodynamics of intravenous lansoprazole.  Alimentary Pharmacol. Ther. 19: 1111-1122.  Karol MD, Machinist JM, and Cavanaugh JM (1995) Pharmacokinetics of lansoprazole in hemodialysis patients.  J. Clin. Pharmacol.  35: 815-820.",8803522;15142201;8522639,,143327772;135196057;81890777,100.0,0,3 of 3 distinct cited papers matched in Paperclip.,https://paperclip.gxl.ai/citations/papers/143327772;https://paperclip.gxl.ai/citations/papers/135196057;https://paperclip.gxl.ai/citations/papers/81890777
704,Laromustine,"A Phase I and Pharmacokinetic Study of VNP40101M, a Novel Sulfonylhydrazine Alkylating Agent, in Patients with Refractory LeukemiaFrancis Giles, Deborah Thomas,Guillermo Garcia-Manero, Stefan Faderl,Jorge Cortes, Srdan Verstovsek, Alessandra Ferrajoli,Sima Jeha,Miloslav Beran, Charles Koller, Michael Andreeff, Ann Cahill,Caroline Clairmont, Mario Sznol, and Hagop Kantarjian Cli. Cancer Res. 2004 Vol. 10, 2908–2917.",15131024,,129310953,100.0,0,1 of 1 distinct cited papers matched in Paperclip.,https://paperclip.gxl.ai/citations/papers/129310953
705,Laropiprant,"Christopher R. Gibson, Ping Lu, Cheri Maciolek, Christen Wudarski, Zoe
Barter, Karen Rowland-Yeo, Mark Stroh, Eseng Lai & Deborah A. Nicoll-
Griffith. Using human recombinant UDPglucuronosyltransferase isoforms and a relative activity factor approach to model total body clearance of laropiprant (MK-0524) in humans. Xenobiot., 2013, 43, 1027-1036.",23641955,,81075431,100.0,0,1 of 1 distinct cited papers matched in Paperclip.,https://paperclip.gxl.ai/citations/papers/81075431
706,Larotaxel,"Nobuyuki Yamamoto · Narikazu Boku ·Hironobu Minami. Phase I study of larotaxel administered as a 1-h intravenous infusion every 3 weeks to Japanese patients with advanced solid tumours. Cancer Chemother Pharmacol (2009) 65:129–136. RPR109881A has also been reported (dihydrate of larotaxel, CAS # 192573-38-9) by Sessa C, Cuvier C, Caldiera S, Bauer J, Van Den Bosch S, Monnerat C, Semiond D, Perard D, Lebecq A, Besenval M, and Marty M (2002) Phase I clinical and pharmacokinetic studies of the taxoid derivative RPR 109881A administered as a 1-hour or a 3-hour infusion in patients with advanced solid tumors.  Ann. Oncol. 13: 1140-1150. VDss 12 L/kg, clearance 14 mL/min/kg, MRT 14 h and t1/2 20 h. Larotaxel kept.",19437020;12176795,,107395512;157913134,100.0,0,2 of 2 distinct cited papers matched in Paperclip.,https://paperclip.gxl.ai/citations/papers/107395512;https://paperclip.gxl.ai/citations/papers/157913134
707,Latanoprost,"Pharmapendium. 1996-Jan-16  PDF(965k)
Clinical Pharmacology and Biopharmaceutics Review 020597",,,,,,No identifiable paper citations; non-paper sources excluded.,
708,Lefamulin,"M. Zeitlinger, R. Schwameis, A. Burian, B. Burian, P. Matzneller, M. Muller, W. W. Wicha, D. B. Strickmann and W. Prince. Simultaneous assessment of the pharmacokinetics of a pleuromutilin, lefamulin, in plasma, soft tissues and pulmonary epithelial lining fluid. J Antimicrob Chemother 2016; 71: 1022–1026.",26747098,,61441853,100.0,0,1 of 1 distinct cited papers matched in Paperclip.,https://paperclip.gxl.ai/citations/papers/61441853
709,Lenapenem,"Mitsuyoshi Nakashlma, Toshihiko Uematsu, Kazuhiro Kosuge, Susumu Nakagawa, Shunsuke Hata and Minoni Sanada. Pharmacokinetics and safety of BO-2727, a new injectable 1-P-methyI carbapenem antibiotic, and its effect on the faecal microflora in healthy male volunteers. Journal of Antimicrobial Chemotherapy (1994) 33, 987-998.",8089072,,120389480,100.0,0,1 of 1 distinct cited papers matched in Paperclip.,https://paperclip.gxl.ai/citations/papers/120389480
710,Lesinurad,"http://irwdpi.com/zurampic/zurampic.pdf#page=1 Prescribing information. Accessed February 27, 2017.",,,,,,No identifiable paper citations; non-paper sources excluded.,
711,Letrozole,"Sioufi A, Gauducheau N, Pineau V, Marfil F, Jaouen A, Cardot JM, Godbillon J, Czendlik C, Howald H, Pfister C, and Vreeland F (1997) Absolute bioavailability of letrozole in healthy postmenopausal women.  Biopharm Drug Dispos. 18: 779-89.   Colussi DM, Parisot CY, and Lefevre GY (1998) Plasma protein binding of letrozole, a new nonsteroidal aromatase enzyme inhibitor.  J. Clin. Pharmacol. 38: 727",9429742;9725549,,127805322;82265840,100.0,0,2 of 2 distinct cited papers matched in Paperclip.,https://paperclip.gxl.ai/citations/papers/127805322;https://paperclip.gxl.ai/citations/papers/82265840
712,Leuprolide,"Sennello LT, Finley RA, Chu SY, Jagst C, Max D, Rollins DE, and Tolman KGJ (1986) Single-dose pharmacokinetics of leuprolide in humans following intravenous and subcutaneous administration.  J. Pharm. Sci. 75: 158-160.  Eligard Product Label",3083092,,122643002,100.0,0,1 of 1 distinct cited papers matched in Paperclip. 1 non-paper source segment(s) excluded.,https://paperclip.gxl.ai/citations/papers/122643002
713,Levetiracetam,"Steven Ramael, Agnès Daoust, Christian Otoul, Nathalie Toublanc, Mona Troenaru, Zhihong (Sarah) Lu, Armel Stockis. Levetiracetam Intravenous Infusion: A Randomized, Placebo-controlled Safety and Pharmacokinetic Study. Epilepsia, 2006, 47, 1128-1135. ppb: Stuart W. Paine, Karelle Menochet, Rebecca Denton, Dermot F. McGinnity, and Robert J. Riley. Prediction of Human Renal Clearance from Preclinical Species for a Diverse Set of Drugs That Exhibit Both Active Secretion and Net Reabsorption, Drug Metab. Disp. 2011, 39:1008–1013",16886975;21357702,,123369351;97172359,100.0,0,2 of 2 distinct cited papers matched in Paperclip.,https://paperclip.gxl.ai/citations/papers/123369351;https://paperclip.gxl.ai/citations/papers/97172359
714,Levobupivacaine,"Bardsley, Hazel; Gristwood, Robert; Baker, Helen; Watson, Norma; Nimmo, Walter. A comparison of the cardiovascular effects of levobupivacaine and rac-bupivacaine following intravenous administration to healthy volunteers Full Text British Journal of Clinical Pharmacology (1998), 46(3), 245-249. ppb: Bernadette Th. Veering, M.D., Ph.D., Anton G. L. Burm, M.Sc., Ph.D.,Hilde-Marieken Feyen, M.D.,Wim Olieman,
John H. M. Souverijn, M.Sc., Ph.D.,  Jack W. van Kleef, M.D., Ph.D. Pharmacokinetics of Bupivacaine during Postoperative Epidural Infusion Enantioselectivity and Role of Protein Binding. Anesth. 2002, 92, 1062-1069. Slightly time dependent during infusion and enantioselctive binding for (+) isomer but very similar. ",9764965;11981143,PMC1873676,141015862;137337800,100.0,0,2 of 2 distinct cited papers matched in Paperclip.,https://paperclip.gxl.ai/citations/papers/141015862;https://paperclip.gxl.ai/citations/papers/137337800
715,Levocabastine,"De Buck, Stefan S.; Sinha, Vikash K.; Fenu, Luca A.; Nijsen, Marjoleen J.; Mackie, Claire E.; Gilissen, Ron A. H. J. Prediction of human pharmacokinetics using physiologically based modeling: a retrospective analysis of 26 clinically tested drugs. Drug Metabolism and Disposition, 2007, 35(10), 1766-1780.  ",17620347,,117134755,100.0,0,1 of 1 distinct cited papers matched in Paperclip.,https://paperclip.gxl.ai/citations/papers/117134755
716,Levodopa,"Robertson DRC, Wood ND, Everest H, Monks K, Waller DG, Renwick AG, and George CF (1989) The effect of age on the pharmacokinetics of levodopa administered alone and in the presence of carbidopa.  Br. J. Clin. Pharmacol. 28: 61-69.  Rizzo V, Memmi M, Moratti R, Melzi d'Eril G, and Perucca E (1996) Concentrations of L-dopa in plasma and plasma ultrafiltrates.  J. Pharm. Biomed. Anal. 14: 1043-1046",2775615;8818013,PMC1379971,86713662;175334091,100.0,0,2 of 2 distinct cited papers matched in Paperclip.,https://paperclip.gxl.ai/citations/papers/86713662;https://paperclip.gxl.ai/citations/papers/175334091
717,Levofloxacin,"Furlanut M, Brollo L, Lugatti E, Di Qual E, Dolcet F, Talmassons G, and Pea F (2003) Pharmacokinetic aspects of levofloxacin 500mg once daily during sequential intravenous/oral therapy in patients with lower respiratory tract infections.  J. Antimic. Chemother. 51: 101-106.  Bergogne-Berezin E (2002) Clinical role of protein binding of quinolones. Clin. Pharmacokinet. 41: 741-750.",12493793;12162760,,141544550;127009366,100.0,0,2 of 2 distinct cited papers matched in Paperclip.,https://paperclip.gxl.ai/citations/papers/141544550;https://paperclip.gxl.ai/citations/papers/127009366
718,Levoleucovorin,"Eberhard Schleyer á Karl Lenhard Rudolph, Jan Braess á Michael Unterhalt á Gerhard Ehninger Wolfgang Hiddemann á Wolfgang Kern, Impact of the simultaneous administration of the (+)- and (-)-forms
of formyl-tetrahydrofolic acid on plasma and intracellular pharmacokinetics of (-)-tetrahydrofolic acid. Cancer Chemother Pharmacol (2000) 45: 165-171",10663632,,136561395,100.0,0,1 of 1 distinct cited papers matched in Paperclip.,https://paperclip.gxl.ai/citations/papers/136561395
719,Levomepromazine,"Bagli M, Hoflich G, Rao, ML, Langer M, Baumann P, Kolbinger M, Barlage U, Kasper S, and Moller HJ (1995) Bioequivalence and absolute bioavailability of oblong and coated levomepromazine tablets in CYP2D6 phenotyped subjects.  Int. J. Clin. Pharmacol. Ther. 33: 646-652.",8963481,,189319346,100.0,0,1 of 1 distinct cited papers matched in Paperclip.,https://paperclip.gxl.ai/citations/papers/189319346
720,Levonorgestrel,"Stead RJ, Grimmer SFM, Rogers SM, Back DJ, Orme MLE, Hodson ME, and Batten JC (1987) Pharmacokinetics of contraceptive steroids in patients with cystic fibrosis.  Thorax 42: 59-64.  Aviane Product Label.",3112991,PMC460604,109449236,100.0,0,1 of 1 distinct cited papers matched in Paperclip. 1 non-paper source segment(s) excluded.,https://paperclip.gxl.ai/citations/papers/109449236
721,Levoprotiline," Pharmacokinetics of the antidepressant levoprotiline after intravenous and peroral administration in healthy volunteers 
By Kaiser G; Ackermann R; Dieterle W; Reimann I W; Bieck P R 
From Biopharmaceutics & drug disposition (1992), 13(2), 83-93. Language: English, Database: MEDLINE 
",1550911,,123890337,100.0,0,1 of 1 distinct cited papers matched in Paperclip.,https://paperclip.gxl.ai/citations/papers/123890337
722,Levorphanol,PDR prescribing information. Accessed July 31 2014. http://www.pdr3d.com/detail.php?c=1589#section-3. ,,,,,,No identifiable paper citations; non-paper sources excluded.,
723,Levosimendan,"Sundberg S, Antila S, Scheinin H, Hayha M, Virtanen M, and Lehtonen L (1998) Integrated pharmacokinetics and pharmacodynamics of the novel calcium sensitizer levosimendan as assessed by systolic time intervals.  Int. J. Clin. Pharmacol. Ther. 36: 629-635.  Lilleberg J, Antila S, Karlsson M, Mieminen MS, and Pentkainen PJ (1994) Pharmacokinetics and pharmacodynamics of simendan, a novel calcium sensitizer, in healthy volunteers.  Clin. Pharmacol. Ther. 56: 554-563.  Wikberg T, Korkolainen T, and Karlsson M (1996) Enantiomeric bioanalysis of simendan and levosimendan by chiral high-performance liquid chromatigraphy.  Chirality 8: 511-517.",9876999;7955820;8970749,,189643787;100772784;143766535,100.0,0,3 of 3 distinct cited papers matched in Paperclip.,https://paperclip.gxl.ai/citations/papers/189643787;https://paperclip.gxl.ai/citations/papers/100772784;https://paperclip.gxl.ai/citations/papers/143766535
724,Libenzapril,"Gregory M. Kochak, PhD, R. Leslie Choi, PhD, Jacqueline K. deSilva, MD, and P. Reydel-Bax, BS. Pharmacodynamic Dependent Disposition of the Angiotensin Converting Enzyme Inhibitor, Libenzapril.J. ClIn Pharmacol 1990;30:138-143",2312764,,82265560,100.0,0,1 of 1 distinct cited papers matched in Paperclip.,https://paperclip.gxl.ai/citations/papers/82265560
725,Licarbazepine,"Pharmacokinetics of the Monohydroxy Derivative of Oxcarbazepine and Its Enantiomers after a Single Intravenous Dose Given as Racemate Compared with a Single Oral Dose of Oxcarbazepine. G. Flesch, C. Czendlik, D. Renard, and P. Lloyd. Drug Metab. Disp. 2011, 39:1103–1110.//ppb: Fortuna, Ana; Alves, Gilberto; Falcao, Amilcar; Soares-da-Silva, Patricio. Binding of licarbazepine enantiomers to mouse and human plasma proteins. Biopharm.  Drug Disp., 2010, 31, 362-366.",21389120;20578208,,97653123;101615000,100.0,0,2 of 2 distinct cited papers matched in Paperclip.,https://paperclip.gxl.ai/citations/papers/97653123;https://paperclip.gxl.ai/citations/papers/101615000
726,Lidocaine,"Bauer LA, Brown T, Gilbaldi M, Hudson L, Nelson S, Raisys V, and Shea JP (1982) Influence of long-term infusions on lidocaine kinetics.  Clin. Pharmacol. Ther. 31: 433-437.  Bennett PN, Aarons LJ, Bending MR, Steiner JA, and Rowland M (1982) Pharmacokinetics of lidocaine and its deethylated metabolite: dose and time dependecy studies in man.  J. Pharmacokinet. Biopharm. 10: 265-281.  Grossman SH, Davis D, Kitchell BB, Shand DG, and Routledge PA (1982) Diazepam and lidocaine plasma protein binding in renal disease.  Clin. Pharmacol. Ther. 31: 350-357.  Barry M, Keeling PW, Weir D, and Feely J (1990) Severity of cirrhosis and the relationship of alpha 1-acid glycoprotein concentration to plasma protein binding of lidocaine.  Clin. Pharmacol. Ther.  47: 366-370.",7060324;7175699;7037263;2311337,,100771525;131982365;100053069;100054525,100.0,0,4 of 4 distinct cited papers matched in Paperclip.,https://paperclip.gxl.ai/citations/papers/100771525;https://paperclip.gxl.ai/citations/papers/131982365;https://paperclip.gxl.ai/citations/papers/100053069;https://paperclip.gxl.ai/citations/papers/100054525
727,Linagliptin,"PDR. Accessed March 6 2013. http://www.pdr3d.com/detail.php?c=79838#section-13.  Linagliptin - FDA Approval Package
Clinical Pharmacology and Biopharmaceutics Review 201280/S-000 Part 03. Accessed through Pharmapendium.",,,,,,No identifiable paper citations; non-paper sources excluded.,
728,Lincomycin,Gwilt PR and Smith RB (1986) Protein binding and pharmacokinetics of lincomycin following intravenous administration of high doses.  J. Clin. Pharmacol.  26: 87-90.,3950061,,82255505,100.0,0,1 of 1 distinct cited papers matched in Paperclip.,https://paperclip.gxl.ai/citations/papers/82255505
729,Linezolid,"Stalker DJ, Jungbluth GL, Hopkins NK, and Batts DH (2003) Pharmacokinetics and tolerance of single- and multiple-dose oral and intravenous linezolid, an oxazolidinone antibiotic, in healthy volunteers.  J. Antimic. Chemother. 51: 1239-1246.  Zyvox Product Label.",12668582,,140011344,100.0,0,1 of 1 distinct cited papers matched in Paperclip. 1 non-paper source segment(s) excluded.,https://paperclip.gxl.ai/citations/papers/140011344
730,"Lipoic acid, R(+)-α","Hermann, R.; Niebch, G.; Borbe, H. O.; Fieger-Bueschges, H.; Ruus, P.; Nowak, H.; Riethmueller-Winzen, H.; Peukert, M.; Blume, H. Enantioselective pharmacokinetics and bioavailability of different racemic α-lipoic acid formulations in healthy volunteers. European Journal of Pharmaceutical Sciences (1996), 4(3), 167-174.",,,,0.0,0,0 of 1 distinct cited papers matched in Paperclip. Unmatched citations: Enantioselective pharmacokinetics and bioavailability of different racemic α-lipoic acid formulations in healthy volunteers.,
731,"Lipoic acid, S(-)-α","Hermann, R.; Niebch, G.; Borbe, H. O.; Fieger-Bueschges, H.; Ruus, P.; Nowak, H.; Riethmueller-Winzen, H.; Peukert, M.; Blume, H. Enantioselective pharmacokinetics and bioavailability of different racemic α-lipoic acid formulations in healthy volunteers. European Journal of Pharmaceutical Sciences (1996), 4(3), 167-174.",,,,0.0,0,0 of 1 distinct cited papers matched in Paperclip. Unmatched citations: Enantioselective pharmacokinetics and bioavailability of different racemic α-lipoic acid formulations in healthy volunteers.,
732,Liraglutide,"Liraglutide - FDA Approval Package
Pharmacology Review 022341/S-000 Part 01. Accessed through Pharmapendium.",,,,,,No identifiable paper citations; non-paper sources excluded.,
733,Lisdexamfetamine,"Jasisnki DR, Krishnan S. Human pharmacology of intravenous lisdexamfetamine dimesylate: abuse liability in adult stimulant abusers. Journal of Psychopharmacology, 2009,  23, 410–418",18635707,,111214848,100.0,0,1 of 1 distinct cited papers matched in Paperclip.,https://paperclip.gxl.ai/citations/papers/111214848
734,Lisinopril,"Beermann B, Till AE, Gomez HJ, Hichens M, Bolognese JA, and Junggren IL (1989) Pharmacokinetics of lisinopril (IV/PO) in healthy volunteers.  Biopharm. Drug Dispos. 10: 397-409.  Kirsten R, Nelson K, Kirsten D, and Heintz B (1988) Clinical  pharmacokinetics  of vasodilators. Part I.  Clin. Pharmacokinet. 34: 457-482. ",2547465,,122047066,50.0,0,1 of 2 distinct cited papers matched in Paperclip. Unmatched citations: Clinical pharmacokinetics of vasodilators.,https://paperclip.gxl.ai/citations/papers/122047066
735,Lisuride,"Krause W; Mager T; Kuhne G; Duka T; Voet B. The pharmacokinetics and pharmacodynamics of lisuride in healthy volunteers after intravenous, intramuscular, and subcutaneous injection. European journal of clinical pharmacology, 1991, 40, 399-403.",2050175,,134250392,100.0,0,1 of 1 distinct cited papers matched in Paperclip.,https://paperclip.gxl.ai/citations/papers/134250392
736,Lomefloxacin,"Determination of lomefloxacin in human plasma by HPLC and its pharmacokinetics of intravenous infusion  Liu, Xiaodong; Xie, Lin; Zhong, Bing; Xu, Bingchuan; Xu, Qun; Liu, Guoqing  Chin. Pharmacol. Bull. (1996), 12(1), 26-29",,,,0.0,0,"0 of 1 distinct cited papers matched in Paperclip. Unmatched citations: Determination of lomefloxacin in human plasma by HPLC and its pharmacokinetics of intravenous infusion Liu, Xiaodong; Xie, Lin; Zhong, Bing; Xu, Bingchuan; Xu, Qun; Liu, Guoqing Chin.",
737,Lomeguatrib,"Ranson, Malcolm; Middleton, Mark R.; Bridgewater, John; Lee, Siow Ming; Dawson, Martin; Jowle, Debra; Halbert, Gavin; Waller, Sue; McGrath, Helen; Gumbrell, Lindsey, R. Stanley McElhinney,Dorothy Donnelly, T. Brian H. McMurry, and Geoffrey P.Margison. Lomeguatrib, a Potent Inhibitor of O6-Alkylguanine-DNA-Alkyltransferase: phase I Safety, Pharmacodynamic, and Pharmacokinetic Trial and Evaluation in Combination with Temozolomide in Patients with Advanced Solid Tumors. Clin. Cancer Res. 2006, 12, 1577-1584.",16533784,,126688930,100.0,0,1 of 1 distinct cited papers matched in Paperclip.,https://paperclip.gxl.ai/citations/papers/126688930
738,Lomitapide,PDR prescribing information. Accessed July 31 2014 http://www.pdr3d.com/detail.php?c=115562#section-13//http://www.accessdata.fda.gov/drugsatfda_docs/nda/2012/203858Orig1s000ClinpharmR.pdf.,,,,,,No identifiable paper citations; non-paper sources excluded.,
739,Lorazepam,"Wermeling DPH, Miller JL, Archer SM, Manaligod JM, and Rudy AC (2001) Bioavailability and pharmacokinetics of lorazepam after intranasal, intravenous, and intramuscular administration. J. Clin. Pharmacol. 41: 1225-1231.  Desmond PV, Roberts RK, Wood AJJ, Dunn GD, Wilkinson, GR, Schenker S (1980) Effect of heparin administration on plasma binding of benzodiazepines.  Br. J. Clin. Pharmacol. 9: 171-175.  ",11697755;6101958,PMC1429863,138657507;86842567,100.0,0,2 of 2 distinct cited papers matched in Paperclip.,https://paperclip.gxl.ai/citations/papers/138657507;https://paperclip.gxl.ai/citations/papers/86842567
740,Lorcainide,"Klotz U, Mueller-Seydlitz P, and Heimburg P (1979) Disposition and antiarrythmic effect of lorcainide.  Int. J. Clin. Pharmacol. Biopharm. 17: 152-158.  Klotz U, Mueller-Seydlitz P, and Heimburg P (1978) Pharmacokinetics of lorcainide in man:  a new antiarrhythmic agent.  Clin. Pharmacokinet. 3: 407-418.",376458,,185497556,50.0,0,1 of 2 distinct cited papers matched in Paperclip. Unmatched citations: Pharmacokinetics of lorcainide in man: a new antiarrhythmic agent.,https://paperclip.gxl.ai/citations/papers/185497556
741,Lormetazepam,"Humpel M, Illi V, Milius W, Wendt H, and Kurowski M (1979) The pharmacokinetics and biotransformation of the new benzodiazepine lormetazepam in humans. Eur. J. Drug Metab. Pharmacokinet. 4: 237-243.",,,,0.0,0,0 of 1 distinct cited papers matched in Paperclip. Unmatched citations: The pharmacokinetics and biotransformation of the new benzodiazepine lormetazepam in humans.,
742,Losartan,"Lo MW, Goldberg MR, McCrea JB, Lu H, Furtek CI, and Bjornsson TD (1995) Pharmacokinetics of losartan, an angiotensin II receptor antagonist, and its active metabolite EXP3174 in humans. Clin. Pharmacol. Ther. 58: 641-649.  Kirsten R, Nelson K, Kirsten D, and Heintz B (1988) Clinical  pharmacokinetics  of vasodilators. Part I.  Clin. Pharmacokinet. 34: 457-482.  ",8529329,,131357742,50.0,0,1 of 2 distinct cited papers matched in Paperclip. Unmatched citations: Clinical pharmacokinetics of vasodilators.,https://paperclip.gxl.ai/citations/papers/131357742
743,Losmapimod," Safety, Tolerability, Pharmacokinetics, and Pharmacodynamics of Losmapimod following a Single Intravenous or Oral Dose in Healthy Volunteers. Barbour April M; Sarov-Blat Lea; Cai Gengqian; Fossler Michael J; Sprecher Dennis L; Graggaber Johann; McGeoch Adam T; Maison Jo; Cheriyan Joseph. Br. J. Clin. Pharmacol. 2013, 76, 99-106.",23215699,PMC3703232,84298036,100.0,0,1 of 1 distinct cited papers matched in Paperclip.,https://paperclip.gxl.ai/citations/papers/84298036
744,Lovastatin (acid),"Duggan DE, Chen IW, Bayne WF, Halpin RA, Duncan CA, Schwartz MS, Stubbs RJ, Vickers S (1989) The physiological disposition of lovastatin.  Drug Metab Dispos. 17: 166-173.",2565206,,184192559,100.0,0,1 of 1 distinct cited papers matched in Paperclip.,https://paperclip.gxl.ai/citations/papers/184192559
745,Loxiglumide,"Setnikar I, Chiste R, Makovec F, Rovati LC, and Warrington SJ (1988) Pharmacokinetics of loxiglumide after single intravenous or oral doses in man.  Arz. Forsch. 38: 716-720.",3415715,,185159072,100.0,0,1 of 1 distinct cited papers matched in Paperclip.,https://paperclip.gxl.ai/citations/papers/185159072
746,Lubeluzole,"Herron, Jerry; Lee, Peter; Pesco-Koplowitz, Luana; Gajjar, Diptee; Soo, Yuh Wen; Woestenborghs, Robert. Determination of the dose proportionality of single intravenous doses (5, 10, and 15 mg) of lubeluzole in healthy volunteers. Clin. Ther. 1998, 20(4), 682-690. Three-way cross-over study in 11,10 and 12 healthy subjects at 5, 10 and 15 mg dose respectively as 1-hr inf. Male and female subjects, 70 kg reported average weight. Weight-averaged VDss 220 L; 3.1 L/kg, Cl= 1.8 mL/min/kg; MRT = 28.7 h; t1/2 = 23.5h//Van de Velde, V.; Crabbe, R.; Van Peer, A.; Woestenborghs, R.; Van Osselaer, N.; Hantson, L.; Heykants, J. Pharmacokinetics of lubeluzole (Prosynap) after single intravenous doses in healthy subjects. Int. J. Clin. Pharmacol. Ther. 1998, 36, 490-493. N=8, total of 31 administrations across 6 doses 2.5 to 25 mg, each separated by 13 days. 30' inf. 79 kg average weight. Weight averaged data: VDss= 2.15 L/kg, Cl= 1.54 mL/min/kg; MRT = 23.3 h; t1/2 = 19.8h. fu from De Buck, Stefan S.; Sinha, Vikash K.; Fenu, Luca A.; Nijsen, Marjoleen J.; Mackie, Claire E.; Gilissen, Ron A. H. J. Prediction of human pharmacokinetics using physiologically based modeling: a retrospective analysis of 26 clinically tested drugs. Drug Metabolism and Disposition, 2007, 35(10), 1766-1780.  ",9737828;9760010;17620347,,1372356;189602468;117134755,100.0,0,3 of 3 distinct cited papers matched in Paperclip.,https://paperclip.gxl.ai/citations/papers/1372356;https://paperclip.gxl.ai/citations/papers/189602468;https://paperclip.gxl.ai/citations/papers/117134755
747,Lurbinectedin,"Luis Paz-Ares,  Martin Forster,  Valentina Boni, Sergio Szyldergemajn, Jesús Corral, Samantha Turnbull,  Antonio Cubillo,  Carlos Fernandez Teruel, Iker López Calderero, Mariano Siguero, Patrick Bohan, Emiliano Calvo. Phase I clinical and pharmacokinetic study of PM01183 (a tetrahydroisoquinoline, Lurbinectedin) in combination with gemcitabine in patients with advanced solid tumors. Invest New Drugs 2017, 35, 198–206.",27873130,,54035480,100.0,0,1 of 1 distinct cited papers matched in Paperclip.,https://paperclip.gxl.ai/citations/papers/54035480
748,Lurtotecan,"CJH Gerrits, GJ Creemers, JHM Schellens, P Wissel, AS Th Planting, R Kunka, K Selinger,
M de Boer-Dennert, Y Marijnen, M Harteveld, J Verweij. Phase I and pharmacological study of the new topoisomerase I inhibitor G1147211, using a daily x 5 intravenous administration. British Journal of Cancer (1996) 73, 744-750.",8611374,PMC2074382,PMC2074382,100.0,100,1 of 1 distinct cited papers matched in Paperclip.,https://paperclip.gxl.ai/citations/papers/PMC2074382
749,LY2090314,"Pharmacokinetics, metabolism, and excretion of the GSK-3 inhibitor LY2090314 in rats, dogs, and humans: A case study in rapid clearance by extensive metabolism with low circulating metabolite exposures. Maciej J. Zamek-Gliszczynski, Trent L. Abraham, Jeffrey J. Alberts, Palaniappan Kulanthaivel, Kimberley A. Jackson, Kay H. Chow, Denis J. McCann, Haitao Hu, Shelby Anderson, Nathan A. Furr, Robert J. Barbuch, and Kenneth C. Cassidy. Drug Metabolism & Disposition (2013), 41(4), 714-726",,,,0.0,0,"0 of 1 distinct cited papers matched in Paperclip. Unmatched citations: Pharmacokinetics, metabolism, and excretion of the GSK-3 inhibitor LY2090314 in rats, dogs, and humans: A case study in rapid clearance by extensive metabolism with low circulating metabolite exposures.",
750,LY2140023,"WILLIAM F. ANNES, AMANDA LONG, JENNIFER W. WITCHER, MOSUN A. AYAN-OSHODI, MARY PAT KNADLER, WEI ZHANG, MALCOLM. MITCHELL, KAREN CORNELISSEN, STEPHEN D. HALL.(2015) Relative Contributions of Presystemic and Systemic Peptidases to Oral Exposure of a Novel Metabotropic Glutamate 2/3 Receptor Agonist (LY404039) After Oral Administration of Prodrug Pomaglumetad Methionil (LY2140023).  J. Pharm. Sci. 104:207–214.",25382826,,69977849,100.0,0,1 of 1 distinct cited papers matched in Paperclip.,https://paperclip.gxl.ai/citations/papers/69977849
751,LY404039,"WILLIAM F. ANNES, AMANDA LONG, JENNIFER W. WITCHER, MOSUN A. AYAN-OSHODI, MARY PAT KNADLER, WEI ZHANG, MALCOLM. MITCHELL, KAREN CORNELISSEN, STEPHEN D. HALL. (2015) Relative Contributions of Presystemic and Systemic Peptidases to Oral Exposure of a Novel Metabotropic Glutamate 2/3 Receptor Agonist (LY404039) After Oral Administration of Prodrug Pomaglumetad Methionil (LY2140023). J. Pharm. Sci. 104:207–214.",25382826,,69977849,100.0,0,1 of 1 distinct cited papers matched in Paperclip.,https://paperclip.gxl.ai/citations/papers/69977849
752,Mannitol,"EMA assessment report of Mannitol (EMEA/H/C/001252):
study DPM-PK-101",,,,,,No identifiable paper citations; non-paper sources excluded.,
753,Maprotiline,"Maguire KP, Norman TR, Burrows GD, and Scoggins BA (1980) An evaluation of maprotiline intravenous kinetics and comparison of two oral doses.  Eur. J. Clin. Pharmacol.18: 249-254.  Lynn K, Braithwaite R, Dawling S, and Rosser R (1981) Comparison of the serum protein binding of maprotiline and phenytoin in uraemic patients on haemodialysis.  Eur. J. Clin. Pharmacol. 19: 73-77.",7439244;7461027,,133402271;134026343,100.0,0,2 of 2 distinct cited papers matched in Paperclip.,https://paperclip.gxl.ai/citations/papers/133402271;https://paperclip.gxl.ai/citations/papers/134026343
754,Maraviroc,"Abel S. et al. (2008) Assessment of the absorption, metabolism and absolute bioavailability of maraviroc in healthy males subjects. Br. J. Clin. Pharmacol. 65:Suppl.1 60-67//ppb from Walker et al. DMD 2005, 33, 587-595",18333867;15650075,PMC2311408,113761079;133003796,100.0,0,2 of 2 distinct cited papers matched in Paperclip.,https://paperclip.gxl.ai/citations/papers/113761079;https://paperclip.gxl.ai/citations/papers/133003796
755,Maxipost,"Zhang D, Krishna R, Wang L, Zeng J, Mitroka J, Dai R, Narasimhan N, Reeves RA, Srinivas NR, and Klunk LJ (2005) Metabolism, pharmacokinetics, and protein covalent binding of radiolabeled maxipost (BMS-204352) in humans.  Drug Metab. Dispos. 33: 83-93.  Krishna R, Yao M, Kaczor D, Vachharajani N, and Srinivas NR. (2001) In vitro protein binding studies with BMS-204352: lack of protein binding displacement interaction in human serum.  Biopharm. Drug Dispos. 22: 41-44.",15502007;11745906,,133729917;143476740,100.0,0,2 of 2 distinct cited papers matched in Paperclip.,https://paperclip.gxl.ai/citations/papers/133729917;https://paperclip.gxl.ai/citations/papers/143476740
756,Mazapertine,"DDe Buck, Stefan S.; Sinha, Vikash K.; Fenu, Luca A.; Nijsen, Marjoleen J.; Mackie, Claire E.; Gilissen, Ron A. H. J. Prediction of human pharmacokinetics using physiologically based modeling: a retrospective analysis of 26 clinically tested drugs. Drug Metabolism and Disposition, 2007, 35(10), 1766-1780.  ",17620347,,117134755,100.0,0,1 of 1 distinct cited papers matched in Paperclip.,https://paperclip.gxl.ai/citations/papers/117134755
757,MDAM,"Mary Johansen, Thomas Zukowski, Paulo M. Hoff, Robert A. Newman, Dan Ni, Toni Hutto James Abbruzzeese, Elmer Berghorn Frederick Hausheer, Timothy Madden. Final results of a phase I and pharmacokinetic study of γ-methylene-10-deazaaminopterin (MDAM) administered intravenously daily for five consecutive days in patients with solid tumors. Cancer Chemother Pharmacol (2004) 53: 370–376",15060739,,136390882,100.0,0,1 of 1 distinct cited papers matched in Paperclip.,https://paperclip.gxl.ai/citations/papers/136390882
758,ME-344,"Jennifer R. Diamond, Barbara Goff, Martin D. Forster, Johanna C. Bendell,  Carolyn D. Britten, Michael S. Gordon,  Hani Gabra,  David M. Waterhouse,  Mark Poole, D. Ross Camidge,  Erika Hamilton,  Kathleen M. Moore.  Phase Ib study of the mitochondrial inhibitor ME-344 plus topotecan in patients with previously treated, locally advanced or metastatic small cell lung, ovarian and cervical cancers. Invest. New Drugs. DOI: 10.1007/s10637-017-0444-1.",28283779,PMC7466821,51100280,100.0,0,1 of 1 distinct cited papers matched in Paperclip.,https://paperclip.gxl.ai/citations/papers/51100280
759,Mebendazole,"Dawson M, Braithwaite PA, Roberts MS, Watson TR (1985) The pharmacokinetics and bioavailability of a tracer dose of [3H]-mebendazole in man.  Br. J. Clin. Pharmacol. 19: 79-86.",3978023,PMC1463793,88342875,100.0,0,1 of 1 distinct cited papers matched in Paperclip.,https://paperclip.gxl.ai/citations/papers/88342875
760,Medifoxamine,"S. SALEH, A. JOHNSTON and P. TURNER. Absolute bioavailability and pharmacokinetics of medifoxamine in healthy humans. Br. J. Clin. Pharmacol. (1990), 30, 621-624",2291875,PMC1368255,86462632,100.0,0,1 of 1 distinct cited papers matched in Paperclip.,https://paperclip.gxl.ai/citations/papers/86462632
761,Medroxalol,"Haegele KD, Jaillion P, Cheymol G, Alken RG, Schechter PJ, and Koch-Weser J (1983) Kinetics of medroxalol, a beta and alpha-adrenoceptor antagonist.  Clin. Pharmacol. Ther.34: 785-791.  Keeley FJ, Weiner DL, and Okerholm RA (1983) Bioavailability of medroxalol in man.  Biopharm. Drug Dispos.  4: 305-309.",6641094;6661511,,100771627;122046729,100.0,0,2 of 2 distinct cited papers matched in Paperclip.,https://paperclip.gxl.ai/citations/papers/100771627;https://paperclip.gxl.ai/citations/papers/122046729
762,Melagatran,"Eriksson UG, Bredberg U, Hoffmann KJ, Thuresson A, Gabrielsson M, Ericsson H, Ahnoff M, Gislen K, Fager G, and Gustafsson D (2003) Absorption, distribution, metabolism, and excretion of ximelagatran, an oral direct thrombin inhibitor, in rats, dogs, and humans.  Drug Metab. Dispos. 31: 294-305.",12584156,,140494426,100.0,0,1 of 1 distinct cited papers matched in Paperclip.,https://paperclip.gxl.ai/citations/papers/140494426
763,Melatonin,"Rob L. DeMuro, Anne N. Nafziger, David E. Blask, Anne M. Menhinick and Joseph S. Bertino, Jr.  The Absolute Bioavailability of Oral Melatonin. J Clin Pharmacol 2000;40:781-784.//ppb:Cardinali DP, Lynch HJ, Wurtman RJ. Binding of melatonin to human and rat plasma proteins. Endocrinol. 1972, 91, 1213-1218.",10883420,,138657449,50.0,0,1 of 2 distinct cited papers matched in Paperclip. Unmatched citations: Binding of melatonin to human and rat plasma proteins.,https://paperclip.gxl.ai/citations/papers/138657449
764,Meloxicam,"Narjes H, Turck D, Busch U, Heinzel G, and Nehmiz G (1996) Pharmacokinetics and tolerability of meloxicam after i.m. administration.  Br. J. Clin. Pharmacol. 41: 135-139.  Busch U, Heinzel G, and Narjes H (1995) The effect of cholestyramine on the pharmaciokinetics of meloxicam, a new non-steroidal anti-inflammatory drug (NSAID), in man.  Eur. J. Clin. Pharmacol. 48: 269-272.   Turck D, Busch U, Heinzel G, and Narjes H (1997) Clinical pharmacokinetics of meloxicam.  Arz. Forsch. 47: 253-258. Schmid J, Busch U, Heinzel G, Bozler G, Kaschke S, and Kummer M (1995) Meloxicam. Pharmacokinetics and metabolic pattern after intravenous infusion and oral administration to healthy subjects. Drug Metab. Dispos. 23: 1206-1213.  Tuerck D, Schwarz A, Hoeffler D, Narjes HH, Nehmiz G, and Heinzel G (1996) Pharmacokinetics of meloxicam in patients with end-stage renal failure on hemodialysis. A comparison with healthy volunteers.  Eur. J. Clin. Pharmacol.  51: 309-313.",8838440;7589053;9010704,,110334265;134155709;143347709,60.0,0,3 of 5 distinct cited papers matched in Paperclip. Unmatched citations: Clinical pharmacokinetics of meloxicam | Pharmacokinetics and metabolic pattern after intravenous infusion and oral administration to healthy subjects.,https://paperclip.gxl.ai/citations/papers/110334265;https://paperclip.gxl.ai/citations/papers/134155709;https://paperclip.gxl.ai/citations/papers/143347709
765,Melperone,"Borgstrom L, Larsson H, and Molander L (1982) Pharmacokinetics of parenteral and oral melperone in man.  Eur. J. Clin. Pharmacol.  23: 173-176.",7140807,,133531159,100.0,0,1 of 1 distinct cited papers matched in Paperclip.,https://paperclip.gxl.ai/citations/papers/133531159
766,Melphalan,"Woodhouse KW, Hamilton P, Lennard A, and Rawlins MD (1983) The pharmacokinetics of melphalan in patients with multiple myeloma: an intravenous/oral study using a conventional dosing regimen.  Eur. J. Clin. Pharmacol. 24: 283-285.  Hersh MR, Ludden TM, Kuhn JG, and Knight WA (1983) Pharmacokinetics of high dose melphalan.  Invest. New Drugs. 1: 331-334.  Gera S, Musch E, Osterheld HKO, and Loos U (1989) Relevance of the hydrolysis and protein binding of melphalan to the treatment of multiple myeloma.  Canc. Chemother. Pharmacol. 23: 76-80.  Grieg NH, Sweeney DJ, and Rapoport SI (1987) Melphalan concentration dependent protein binding in healthy humans and rats.  Eur. J. Clin. Pharmacol. 32: 179-185.",6840181;6678879;2910515,,133864352;134295668;134476062,75.0,0,3 of 4 distinct cited papers matched in Paperclip. Unmatched citations: Melphalan concentration dependent protein binding in healthy humans and rats.,https://paperclip.gxl.ai/citations/papers/133864352;https://paperclip.gxl.ai/citations/papers/134295668;https://paperclip.gxl.ai/citations/papers/134476062
767,MEN-10755 ,"Bos AME, deVries EGE, Dombernovsky P, Aamdal S, Uges DRA, Schrijvers D, Wanders J, Roelvink MWJ, Hanauske AR, Bortini S, Capriati A, Crea AEG, and Vermorken JB (2001) Pharmacokinetics of MEN-10755, a novel anthracycline disaccharide analogue, in two phase 1 studies in adults with advanced solid tumors.  Canc. Chemother. Pharmacol. 48: 361-369.",11761453,,143754375,100.0,0,1 of 1 distinct cited papers matched in Paperclip.,https://paperclip.gxl.ai/citations/papers/143754375
768,Menogaril,"Merrill J. Egorin, David A. Van Echo, Margaret Y. Whitacre, Alan Forrest, Lawrence M. Sigman, Kathrin L. Engisch, and Joseph Aisner (1986). Human Pharmacokinetics, Excretion, and Metabolism of the Anthracycline Antibiotic Menogaril (7-OMEN, NSC 269148) and Their Correlation with Clinical Toxicities. CANCER RESEARCH 46, 1513-1520",2935249,,184632610,100.0,0,1 of 1 distinct cited papers matched in Paperclip.,https://paperclip.gxl.ai/citations/papers/184632610
769,Meperidine,"Chan K, Tse J, Jennings F, and Orme ML (1987) Pharmacokinetics of low-dose intravenous pethidine in patients with renal dysfunction.  J. Clin. Pharmacol. 27: 516-22.  Verbeek RK, Cardinal JA, and Wallace SM (1984) Effect of age and sex on the plasma binding of acidic and basic drugs.  Eur. J. Clin. Pharmacol. 27: 91-97.",3655004;6489431,,84130219;188159534,100.0,0,2 of 2 distinct cited papers matched in Paperclip.,https://paperclip.gxl.ai/citations/papers/84130219;https://paperclip.gxl.ai/citations/papers/188159534
770,Mepindolol,"Gugler, R.; Kreis, L.; Dengler, H. J.. Pharmacokinetics of a new b-adrenoceptor blocking agent, LF 17-895, in man Arzneimittel-Forschung (1975), 25(7), 1067-72.",241357,,183975380,100.0,0,1 of 1 distinct cited papers matched in Paperclip.,https://paperclip.gxl.ai/citations/papers/183975380
771,Mepivacaine,"Burm AGL, Cohen IMC, van Kleef JW, Vletter AA, Olieman W, and Groen K (1997) Pharmacokinetics of the enantiomers of mepivacaine after intravenous administration of the racemate in volunteers.  Anesth. Analg. 84: 85-89.  Allgayer H, Zahringer J, Bach P, and Bircher J (1984) Lack of effect of haemodialysis on mebendazole kinetics: studies in a patient with echinococcosis and renal failure.  Eur. J. Clin. Pharmacol. 27: 243-245.",8989005;6499904,,135063142;133156171,100.0,0,2 of 2 distinct cited papers matched in Paperclip.,https://paperclip.gxl.ai/citations/papers/135063142;https://paperclip.gxl.ai/citations/papers/133156171
772,Meprobamate,"Held H and Oldershausen HF (1969) Zur pharmakokinetik von meprobamat bei chronischen hepatopathien und arzneimittelsucht. Klin. Wschr. 47: 78-80.  Douglas JF, Bradshaw WH, Ludwig BJ, and Powers D (1964) Interaction of plasma protein with related 1,3-propanediol dicarbamates.  Biochem. Pharmacol. 13: 537-539.",,,,0.0,0,"0 of 2 distinct cited papers matched in Paperclip. Unmatched citations: Held H and Oldershausen HF . Zur pharmakokinetik von meprobamat bei chronischen hepatopathien und arzneimittelsucht. Klin. Wschr. 47: 78-80 | Interaction of plasma protein with related 1,3-propanediol dicarbamates.",
773,Meptazinol,"Norbury HM, Franklin RA, and Graham DF (1983) Pharmacokinetics of the new analgesic, meptazinol, after oral and intravenous administration to volunteers.  Eur. J. Clin. Pharmacol. 25: 77-80.  Gepts E, Sonck WA, Camu F, and Vercruysse A (1987) Pharmacokinetics of intravenously administered meptazinol during general anesthesia in man.  Eur. J. Anaesth. 4: 35-43.  Franklin RA (1988) The clinical pharmacokinetics and metabolism of the analgesic meptazinol.  Xenobiotica 18: 105-112.",6617729;3582376;3354226,,133891491;185302004;106614755,100.0,0,3 of 3 distinct cited papers matched in Paperclip.,https://paperclip.gxl.ai/citations/papers/133891491;https://paperclip.gxl.ai/citations/papers/185302004;https://paperclip.gxl.ai/citations/papers/106614755
774,"Mercaptopurine, 6-","Coffey JJ, White CA, Lesk AB, Rogers WI, and Seppick AA (1972) Effect of allopurinol on the pharmacokinetics of 6-mercaptopurine (NSC 755) in cancer patients.  Cancer Res. 32: 1283-1289.  Esposito M, Rosso R, and Santi L (1974)  Plasma protein binding of antineoplastic drugs in rats and humans.    IRCS Library Compendium  2: 1180.",,,,0.0,0,0 of 2 distinct cited papers matched in Paperclip. Unmatched citations: Effect of allopurinol on the pharmacokinetics of 6-mercaptopurine (NSC 755) in cancer patients | Plasma protein binding of antineoplastic drugs in rats and humans.,
775,Meropenem,"Burman LA, Nilsson-Ehle I, Hutchinson M, Haworth SJ, and Norrby SR (1991) Pharmacokinetics of meropenem and its metabolite ICI 213,689 in healthy subjects with known renal metabolism of imipenem.  J. Antimic. Chemother. 27: 219-224.  Leroy A, Fillastre JP, Etienne I, Borsa-Lebas F, and Humbert G (1992) Pharmacokinetics of meropenem in subjects with renal insufficiency.  Eur. J. Clin. Pharmacol. 42: 535-538.  Leroy A, Fillastre JP, Borsa-Lebas F, Etienne I, and Humbert G (1992) Pharmacokinetics of meropenem (ICI 194660) and its metabolite (ICI 213689) in healthy subjects and in patients with renal impairment.  Antimic. Agents Chemother. 36: 2794-2798.  Sumita Y, Nouda H, Tada E, Kohzuki T, Kato M, Okuda T, and Fukasawa M (1992) Pharmacokinetics of meropenem, a new carbapenem antibiotic, parenterally administrated to laboratory animals.  Chemotherapy 40(Suppl. 1): 123-131.",2055812;1607000;1482147,PMC245547,120586637;133740430;87005114,75.0,0,"3 of 4 distinct cited papers matched in Paperclip. Unmatched citations: Pharmacokinetics of meropenem, a new carbapenem antibiotic, parenterally administrated to laboratory animals.",https://paperclip.gxl.ai/citations/papers/120586637;https://paperclip.gxl.ai/citations/papers/133740430;https://paperclip.gxl.ai/citations/papers/87005114
776,Mesna,"C. A. JAMES, T. G. K. MANT and  H. J. ROGERS. Pharmacokinetics of intravenous and oral sodium 2-mercaptoethane sulphonate (mesna) in normal subjects  Br. J. clin. Pharmac. (1987), 23, 561-568",3109461,PMC1386192,88343042,100.0,0,1 of 1 distinct cited papers matched in Paperclip.,https://paperclip.gxl.ai/citations/papers/88343042
777,Metadoxine,"LU Yuan，KANG Zisheng，LIU Yan，LI Tianyun and XIAO Yonghong. Pharmacokinetics of metadoxine for inj ection after repeated doses
in healthy volunteers. Chin. Med. J. 2007, 120, 166-168.",,,,0.0,0,0 of 1 distinct cited papers matched in Paperclip. Unmatched citations: Pharmacokinetics of metadoxine for inj ection after repeated doses in healthy volunteers.,
778,Metaproterenol,"Dengler HJ, Hengstmann JH. Metabolism and pharmacokinetics of orciprenaline in various animal species and man. Arch. Int. Pharmacodyn. 1976, 223, 71-87.//ppb: Heckner, R.M. Systematic study of protein binding of biologically active substances. Pharmather. 1979, 2, 177-186.",999404,,189664485,50.0,0,1 of 2 distinct cited papers matched in Paperclip. Unmatched citations: Systematic study of protein binding of biologically active substances.,https://paperclip.gxl.ai/citations/papers/189664485
779,Metazosin,"Lapka R. et al. (1989) Interspecies pharmacokinetics scaling of metazosin, a novel alpha-adrenergic antagonist. Biopharm. Drug Disp. ,10, 581-589.",2575403,,122640149,100.0,0,1 of 1 distinct cited papers matched in Paperclip.,https://paperclip.gxl.ai/citations/papers/122640149
780,Metergoline,"Martini, A.; Moro, E.; Marrari, P.; Pacciarini, M. A.; Sega, R.; Dell'osso, L.; Bertelli, A., Jr.; Tamassia, V. Pharmacokinetics and bioavailability of metergoline in healthy volunteers after single i.v. and oral administration.  International Journal of Clinical Pharmacology Research (1983), 3(1), 27-34.",6679505,,188282928,100.0,0,1 of 1 distinct cited papers matched in Paperclip.,https://paperclip.gxl.ai/citations/papers/188282928
781,Metformin,"Pentikainen PJ, Neuvonen PJ, and Penttila A (1979) Pharmacokinetics of metformin after intravenous and oral administration to man.  Eur. J. Clin. Pharmacol. 16: 195-202.",499320,,133277074,100.0,0,1 of 1 distinct cited papers matched in Paperclip.,https://paperclip.gxl.ai/citations/papers/133277074
782,Methadone,"Nilsson MI, Gronbladh L, Widerlov E, and Anggard E (1983) Pharmacokinetics of methadone in methadone maintenance treatment: characterization of therapeutic failures.  Eur. J. Clin. Pharmacol. 25: 497-501.  Kristensen K, Blemmer T, Angelo HR, Christrup LL, Drenck NE, Rasmussen SN, and Sjoegren P (1996) Stereoselective pharmacokinetics of methadone in chronic pain patients.  Ther. Drug Monit. 18: 221-227.  Berkowitz BA (1976) The relationship of pharmacokinetics to pharmacological activity: morphine, methadone and naloxone.  Clin. Pharmacokinet. 1: 219-230. ",6653644;8738759;13957,,134032506;139799791;114616735,100.0,0,3 of 3 distinct cited papers matched in Paperclip.,https://paperclip.gxl.ai/citations/papers/134032506;https://paperclip.gxl.ai/citations/papers/139799791;https://paperclip.gxl.ai/citations/papers/114616735
783,Methamphetamine,"Harris DS, Boxenbaum H, Everhart ET, Sequeira G, Mendelson JE, and Jones RT (2003) The bioavailability of intranasal and smoked methamphetamine.  Clin. Pharmacol. Ther. 74: 475-486.  Cook CE, Jeffcoat AR, Hill JM, Pugh DE,  Patetta PK, Sadler BM, White WR, and Perez-Reyes M (1993) Pharmacokinetics of methamphetamine self-administered to human subjects by smoking S-(+)-methamphetamine hydrochloride.  Drug Metab. Dispos. 21: 717-723.  Mendelson J, Jones RT, Upton R, and Jacob P (1995) Methamphetamine and ethanol interactions in humans.  Clin. Pharmacol. Ther. 57: 559-568.  De la Torre R, Farre M, Navarro M, Pacifici R, Zuccaro P, and Pichini S (2004) Clinical pharmacokinetics of amfetamine and related substances: monitoring in conventional and non-conventional matrices.  Clin. Pharmacokinet. 43: 157-185.",14586388;8104133;14871155,,137394717;188988233;126873898,75.0,0,"3 of 4 distinct cited papers matched in Paperclip. Unmatched citations: Mendelson J, Jones RT, Upton R, and Jacob P . Methamphetamine and ethanol interactions in humans. Clin. Pharmacol. Ther. 57: 559-568.",https://paperclip.gxl.ai/citations/papers/137394717;https://paperclip.gxl.ai/citations/papers/188988233;https://paperclip.gxl.ai/citations/papers/126873898
784,Methicillin,"Yaffe SJ, Gerbacht LM, Mosovich LL, Mattar ME, Danish M, and Jusko WJ (1977) Pharmacokinetics of methicillin in patients with cystic fibrosis.  J. Infect. Dis. 135: 828-831.  Dittert LW, Griffen WO, LaPiana JC, Shainfeld FJ, and Doluisio JT (1969) Pharmacokinetic interpretation of penicillin levels in serum and urine after intravenous administration.  Antimic. Agents Chemother. 9, 42-48.  Bergan T (1984) Pharmacokinetics of beta-lactam antibiotics.  Scand. J. Infect. Dis. 42(Suppl): 83-98.  Baur G, Kurz H, Trunk H (1977) Alteration of  protein binding during storage of human plasma preparations.  Anaesthesist 26: 148-150.",404369;857693,,97642288;189182634,50.0,0,2 of 4 distinct cited papers matched in Paperclip. Unmatched citations: Pharmacokinetic interpretation of penicillin levels in serum and urine after intravenous administration | Pharmacokinetics of beta-lactam antibiotics.,https://paperclip.gxl.ai/citations/papers/97642288;https://paperclip.gxl.ai/citations/papers/189182634
785,Methimazole,Hengstmann JH and Hohn H (1985) Pharmacokinetics of methimazole in humans.  Klin. Wochenschr. 63: 1212-1217.,3841378,,130818436,100.0,0,1 of 1 distinct cited papers matched in Paperclip.,https://paperclip.gxl.ai/citations/papers/130818436
786,Methohexital,"Breimer DD (1976) Pharmacokinetics of methohexitone following intravenous infusion in humans.  Br. J. Anaesth. 48: 643-649.  Brand L, Mark LC, Snell MM, Vrindten P, and Dayton PG (1963) Physiologic disposition of methohexital in man.  Anesthesiol. 24: 331-335.",797396,,121976269,50.0,0,1 of 2 distinct cited papers matched in Paperclip. Unmatched citations: Physiologic disposition of methohexital in man.,https://paperclip.gxl.ai/citations/papers/121976269
787,Methotrexate,"Bore P, Bruno R, Lena N, Favre R, and Cano JP (1987) Methotrexate and 7-hydroxymethotrexate pharmacokinetics following intravenous bolus administration and high-dose infusion of methotrexate.  Eur. J. Canc. Clin. Oncol. 23: 1385-1390.  Herman RA, Veng-Pedersen P, Hoffman J, Koehnke R, and Furst DE (1989) Pharmacokinetics of low-dose methotrexate in rheumatoid arthritis patients.  J. Pharm. Sci. 78: 165-171.  Esposito M, Rosso R, and Santi L (1974) Plasma protein binding of antineoplastic drugs in rats and humans.  IRCS Library Compendium 2: 1180.",3500051,,135161943,33.33,0,1 of 3 distinct cited papers matched in Paperclip. Unmatched citations: Pharmacokinetics of low-dose methotrexate in rheumatoid arthritis patients | Plasma protein binding of antineoplastic drugs in rats and humans.,https://paperclip.gxl.ai/citations/papers/135161943
788,"Methoxypsoralen,8-","Billard, Valerie; Gambus, Pedrol L.; Barr, Juliana; Minto, Charles F.; Corash, Laurence; Tessman, John W.; Stickney, Janice L.; Shafer, Steven L. The pharmacokinetics of 8-methoxypsoralen following i.v. administration in humans Br. J. Clin. Pharmacol. 1995, 40, 347-360.",,,,0.0,0,0 of 1 distinct cited papers matched in Paperclip. Unmatched citations: The pharmacokinetics of 8-methoxypsoralen following i.v.,
789,Methyldopa,"Skerjanec A, Campbell NRC, Robertson S, and Tam YK (1995) Pharmacokinetics and presystemic gut metabolism of methyldopa in healthy human subjects.  J. Clin. Pharmacol. 35: 275-280.  Stenbaek O, Myhre E, Rugstag HE, Arnold E, and Hansen T (1977) Pharmacokinetics of methyldopa in healthy man.  Eur. J. Clin. Pharmacol. 12: 117-123.  Myhre E, Rugstad HE, and Hansen T (1982) Clinical pharmacokinetics of methyldopa.  Clin. Pharmacokinet. 7: 221-233.",7608316,,81890758,33.33,0,1 of 3 distinct cited papers matched in Paperclip. Unmatched citations: Pharmacokinetics of methyldopa in healthy man | Clinical pharmacokinetics of methyldopa.,https://paperclip.gxl.ai/citations/papers/81890758
790,Methylergometrine,"A.N.J.A. de Groot, T.B. Vree, Y.A. Hekster, M. van den Biggelaar-Martea, P.W.I. van Dongen,  I. van Roosmalen. Variation in Bioavailability of
Oral Methylergometrine in Healthy Male Volunteers. Drug Invest., 1994, 8, 345-351.",,,,0.0,0,0 of 1 distinct cited papers matched in Paperclip. Unmatched citations: Variation in Bioavailability of Oral Methylergometrine in Healthy Male Volunteers.,
791,Methylnaltrexone,"Yuan CS, Doshan H, Charney MR, O'Connor M, Karrison T, Maleckar SA, Israel RJ, and Moss J (2005) Tolerability, gut effects, and pharmacokinetics of methylnaltrexone following repeated intravenous administration in humans.  J. Clin. Pharmacol.  45: 538-546. ppb: Reported by PDR as The fraction of methylnaltrexone bromide bound to human plasma proteins is 11.0% to 15.3%, as determined by equilibrium dialysis. Aceessed December 2014. http://www.pdr3d.com/detail.php?c=7437#section-13",15831777,,130329182,100.0,0,1 of 1 distinct cited papers matched in Paperclip. 1 non-paper source segment(s) excluded.,https://paperclip.gxl.ai/citations/papers/130329182
792,"Methylnortestosterone, 7α-, 19-","Kumar N, Suvisaari J, Tsong YY, Aguillaume C, Bardin CW, Lahteenmaki P, and Sundaram K (1997) Pharmacokinetics of 7a-methyl-19-nortestosterone in men and cynomolgus monkeys.  J. Androl. 18: 352-358.",9283946,,189435394,100.0,0,1 of 1 distinct cited papers matched in Paperclip.,https://paperclip.gxl.ai/citations/papers/189435394
793,Methylphenidate,"Srinivas NR, Hubbard JW, Korchinski ED, and Midha KK (1993) Enantioselective pharmacokinetics of dl-threo-methylphenidate in humans.  Pharm. Res. 10: 14-21.  De la Torre R, Farre M, Navarro M, Pacifici R, Zuccaro P, and Pichini S (2004) Clinical pharmacokinetics of amfetamine and related substances: monitoring in conventional and non-conventional matrices.  Clin. Pharmacokinet. 43: 157-185.",8430051;14871155,,140281862;126873898,100.0,0,2 of 2 distinct cited papers matched in Paperclip.,https://paperclip.gxl.ai/citations/papers/140281862;https://paperclip.gxl.ai/citations/papers/126873898
794,Methylprednisolone,"Booker BM, Magee MH, Blum RA, Lates CD, and Jusko WJ (2002)  Pharmacokinetic and pharmacodynamic interactions between diltiazem and methylprednisolone in healthy volunteers.  Clin. Pharmacol. Ther. 72: 370-382.",12386639,,141739140,100.0,0,1 of 1 distinct cited papers matched in Paperclip.,https://paperclip.gxl.ai/citations/papers/141739140
795,"Methylthiomethylpaclitaxel, 7-","Sun W, Stevenson JP, Gallagher ML, Vaughn D, Hahn SM, Haller DG, Cohen M, Kopit J, Gallant G, and O'Dwyer PJ (2003) Phase I and pharmacokinetic trial of the novel taxane BMS-184476 administered as a 1-hour intravenous infusion in combination with cisplatin every 21 days.  Clin. Canc. Res. 9: 5221-5227.",14614002,,181920398,100.0,0,1 of 1 distinct cited papers matched in Paperclip.,https://paperclip.gxl.ai/citations/papers/181920398
796,Metoclopramide,"Magueur E, Hagege H, Attali P, Singlas E, Etienne JP, and Taburet AM (1991) Pharmacokinetics of metoclopramide in patients with liver cirrhosis.  Br. J. Clin. Pharmacol. 31: 185-187.  Webb D, Buss DC, Fifield R, Bateman DN, and Routledge PA  The plasma protein binding of metoclopramide in health and renal disease. Br. J. Clin. Pharmacol. 21: 334-336.",2049236,PMC1368389,86462671,100.0,0,1 of 1 distinct cited papers matched in Paperclip.,https://paperclip.gxl.ai/citations/papers/86462671
797,Metocurine,"Brotherton WP and Matteo RS (1981) Pharmacokinetics and pharmacodynamics of metocurine in humans with and without renal failure.  Anesthesiology 55: 273-276.  Avram MJ, Shanks CA, Henthorn TK, Ronai AK, Kinzer J, and Wilkinson CJ (1987) Metocurine kinetics in patients undergoing operations requiring cardiopulmonary bypass.  Clin. Pharmacl. Ther. 42: 576-581.",7023284;3315392,,122224271;100772082,100.0,0,2 of 2 distinct cited papers matched in Paperclip.,https://paperclip.gxl.ai/citations/papers/122224271;https://paperclip.gxl.ai/citations/papers/100772082
798,Metolazone,"Tilstone WJ, Dargie H, Dargie EN, Morgan HC, and Kennedy AC (1974) Pharmacokinetics of metolazone in normal subjects and in patients with cardiac or renal failure.  Clin. Pharmacol. Ther. 16: 322-329.",4853601,,63455256,100.0,0,1 of 1 distinct cited papers matched in Paperclip.,https://paperclip.gxl.ai/citations/papers/63455256
799,Metopimazine,"GAILLOT J , LE ROUX Y, COURNOT A. , DUCHIER J. , FRYDMAN A. PHARMACOKINETICS OF HETOPIMAZINE AFTER SINGLE AND REPEATED ORAL
ADMINISTRATION IN YOUNG HEALTHY SUBJECTS.",,,,0.0,0,0 of 1 distinct cited papers matched in Paperclip. Unmatched citations: PHARMACOKINETICS OF HETOPIMAZINE AFTER SINGLE AND REPEATED ORAL ADMINISTRATION IN YOUNG HEALTHY SUBJECTS.,
800,Metoprolol,"Jordo L, Attman PO, Aurell M, Johansson L, Johnsson G, and Regardh CG (1980) Pharmacokinetic and pharmacodynamic properties of metoprolol in patients with impaired renal function.  Clin. Pharmacokinet. 5: 169-180.  Schaaf LJ, Campbell SC, Mayersohn MB, Vagedes T, and Perrier DG (1987) Influence of smoking and gender on the disposition kinetics of metoprolol.  Eur. J. Clin. Pharmacol. 33: 355-361.  Richard J, Cardot JM, and Godbillon J (1994) Inter-and intra-subject variability of metoprolol kinetics after intravenous administration.  Eur. J. Drug metab. Pharmacokinet. 19: 157-162.  Johnsson G and Regardh CG (1976) Clinical pharmacokinetics of beta-adrenoreceptor blocking drugs.  Clin. Pharmacokinet. 1: 233-263.",6102500;3443140;8001596;13958,,109924205;133625023;101525033;109924198,100.0,0,4 of 4 distinct cited papers matched in Paperclip.,https://paperclip.gxl.ai/citations/papers/109924205;https://paperclip.gxl.ai/citations/papers/133625023;https://paperclip.gxl.ai/citations/papers/101525033;https://paperclip.gxl.ai/citations/papers/109924198
801,Metrizoate,"Back SE, Krutzen E, and Nilsson-Ehle P (1988) Contrast media as markers for glomerular filtration: a pharmacokinetic comparison of four agents.  Scand. J. Clin. Lab Invest.  48: 247-253.",3375780,,104089223,100.0,0,1 of 1 distinct cited papers matched in Paperclip.,https://paperclip.gxl.ai/citations/papers/104089223
802,Metronidazole,"Sanvordekar DR, Chien YW, Lin TK, Lambert HJ (1975) Binding of metronidaole and its derivatives to plasma proteins: an assessment of drug binding phenomenon.  J. Pharm Sci. 64: 1797-1803.   Bergan T and Thorsteinsson SB (1986) Pharmacokinetics of metronidazole and its metabolites in reduced renal function.  Chemotherapy 32: 305-318.",1195110;3731917,,122411198;105289510,100.0,0,2 of 2 distinct cited papers matched in Paperclip.,https://paperclip.gxl.ai/citations/papers/122411198;https://paperclip.gxl.ai/citations/papers/105289510
803,Mexiletine,"Pentikainen PJ, Hietakorpi S, Halinen MO, and Lampinen LM (1986) Cirrhosis of the liver markedly impairs the elimination of mexiletine.  Eur. J. Clin. Pharmacol. 30: 83-88.  McErlane KM, Igwemezie L., Kerr CR (1987) Stereoselective serum protein binding of mexiletine enantiomers in man.  Res. Comm. Chem. Path. Pharmacol. 56: 141-144.",3709636;3589151,,133864519;185312662,100.0,0,2 of 2 distinct cited papers matched in Paperclip.,https://paperclip.gxl.ai/citations/papers/133864519;https://paperclip.gxl.ai/citations/papers/185312662
804,Mezlocillin,"Modr Z, Dvoracek K, Janku I, and Krebs V (1982) Beitrag zur pharmakokinetik und dosierung von mezlocillin bei intravenoser infusion. Infection 10(Supp 3): s190-s195.   Bergan T (1984) Pharmacokinetics of beta-lactam antibiotics.  Scand. J. Infect. Dis. 42(Suppl): 83-98.",6218111,,130678227,50.0,0,1 of 2 distinct cited papers matched in Paperclip. Unmatched citations: Pharmacokinetics of beta-lactam antibiotics.,https://paperclip.gxl.ai/citations/papers/130678227
805,Mianserin," Shami, Munzir; Elliott, Henry L.; Kelman, Andrew W.; Whiting, Brian  The pharmacokinetics of mianserin. British Journal of Clinical Pharmacology (1983), 15(Suppl. 2), 313-22. ppb: Kristensen C B; Gram L F; Kragh-Sorensen P Mianserin protein binding in serum and plasma from healthy subjects and patients with depression and rheumatoid arthritis Psychopharmacology (1985), 87(2), 204-2066.",3931147,,133435707,50.0,0,"1 of 2 distinct cited papers matched in Paperclip. Unmatched citations: Shami, Munzir; Elliott, Henry L.; Kelman, Andrew W.; Whiting, Brian The pharmacokinetics of mianserin.",https://paperclip.gxl.ai/citations/papers/133435707
806,Mibefradil,"Welker HA (1998) Single- and multiple-dse mibefradil pharmacokinetics in normal and hypertensive subjects.  J. Pharm. Pharmacol. 50: 983-987.  Welker HA, Wiltshire H, and Bullingham R (1998) Clinical pharmacokinetics of mibefradil. Clin. Pharmacokinet. 35: 405-423.",9811158;9884814,,96707998;127009283,100.0,0,2 of 2 distinct cited papers matched in Paperclip.,https://paperclip.gxl.ai/citations/papers/96707998;https://paperclip.gxl.ai/citations/papers/127009283
807,Mibenratide,"Ivo P. Nnane, Alexei H. Plotnikov, Gary Peters, Maureen Johnson, Clare Kojak, Apinya Vutikullird, Jay Ariyawansa, Ronald De Vries, Brian E. Davies. Pharmacokinetics and Safety of Single Intravenous Doses of JNJ-54452840, an Anti-b1-Adrenergic Receptor Antibody Cyclopeptide, in Healthy Male Japanese and Caucasian Participants. Clin Pharmacokinet. 2016, 55, 225–236. ",26242382,,64779821,100.0,0,1 of 1 distinct cited papers matched in Paperclip.,https://paperclip.gxl.ai/citations/papers/64779821
808,Micafungin,"Hebert MF, Blough DK, Townsend RW, Allison M, Buell D, Keirns J, and Bekersky I (2005) Concomitant tacrolimus and micafungin pharmacokinetics in healthy volunteers.  J. Clin. Pharmacol. 45: 1018-1024.  Hebert MF, Smith HE, Marbury TC, Swan SK, Smith WB, Townsend RW, Buell D, Keirns J, and Bekersky I (2005) Pharmacokinetics of micafungin in healthy volunteers, volunteers with moderate liver disease, and volunteers with renal dysfunction. J. Clin. Pharmacol.  45: 1145-1152.",16100295;16172179,,128224873;128827150,100.0,0,2 of 2 distinct cited papers matched in Paperclip.,https://paperclip.gxl.ai/citations/papers/128224873;https://paperclip.gxl.ai/citations/papers/128827150
809,Miconazole,"P. J. Lewi , J. Boelaert, R. Daneels, R. De Meyere, H. Van Landuyt, J. J. P. Heykants. Pharmacokinetic profile of intravenous miconazole in man. Comparison of Normal Subjects and Patients with Renal Insufficiency. Eur. J. Clin. Pharmacol. 1976, 10, 49-54.//ppb: Stevens DA, Levine HB, Deresinski SC: Miconazole in coccidioidomycosis II. Therapeutic and pharmacologic studies in man. Am J Med 1976, 60, 191-202.",766623,,135269567,50.0,0,1 of 2 distinct cited papers matched in Paperclip. Unmatched citations: Pharmacokinetic profile of intravenous miconazole in man.,https://paperclip.gxl.ai/citations/papers/135269567
810,Micronomicin,"KEIZO MATSUMOTO, HARUMI SHISHIDO and ATSUSHI TAKAHASHI. PHARMACOKINETIC AND CLINICAL EVALUATIONS OF
MICRONOMICIN BY INTRAVENOUS DRIP INFUSION. 1985, 38, 135-143.",4046177,,185719557,100.0,0,1 of 1 distinct cited papers matched in Paperclip.,https://paperclip.gxl.ai/citations/papers/185719557
811,Midazolam,"Heizmann P, Eckert M, and Ziegler WH (1983) Pharmacokinetics and bioavailability of midazolam in man.  Br. J. Clin. Pharmacol. 16: 43s-49s.  Pentikainen PJ, Valisalmi L, Himberg JJ, and Crevoisier C (1989) Pharmacokinetics of midazolam following intravenous and oral administration in patients with chronic liver disease and in healthy subjects.  J. Clin. Pharmacol. 29: 272-277.  ",6138080;2723115,PMC1428091,86059527;82084111,100.0,0,2 of 2 distinct cited papers matched in Paperclip.,https://paperclip.gxl.ai/citations/papers/86059527;https://paperclip.gxl.ai/citations/papers/82084111
812,Midodrine,"PP. Midodrine Hydrochloride - FDA Approval Package
Clinical Pharmacology and Biopharmaceutics Review 019815",,,,,,No identifiable paper citations; non-paper sources excluded.,
813,Mifamurtide,"Karthik Venkatakrishnan,William G. Kramer, Timothy W. Synold, Daniel B. Goodman ,Evin Sides III, Cristina Oliva. A pharmacokinetic, pharmacodynamic,
and electrocardiographic study of liposomal mifamurtide
(L-MTP-PE) in healthy adult volunteers.  J Clin Pharmacol (2012) 68:1347–1355.",22460239,,88875541,100.0,0,1 of 1 distinct cited papers matched in Paperclip.,https://paperclip.gxl.ai/citations/papers/88875541
814,Mifepristone,Mifepristone - http://www.accessdata.fda.gov/drugsatfda_docs/nda/2000/20687_Mifepristone_clinphrmr_P2.pdf. Ppb from label in FDA package. Accessed September 22 2015.,,,,,,No identifiable paper citations; non-paper sources excluded.,
815,Miglitol,"Ahr AH, Boberg M, Brendel E, Krouse HP, and Steinke W (1997) Pharmacokinetics of miglitol.  Absorption, distribution, metabolism, and excretion following administration to rats, dogs, and man.  Arz. Forsch. 47: 734-745.",9239452,,189418569,100.0,0,1 of 1 distinct cited papers matched in Paperclip.,https://paperclip.gxl.ai/citations/papers/189418569
816,Mildronate,"Ye Penga,, Jing Yangb, ZhiRui Wang, Jingwen Wang, Yu Liub, Zhuojing Luoa, AiDong Wen. Determination of mildronate by LC–MS/MS and its application to a pharmacokinetic study in healthy Chinese volunteers. Journal of Chromatography B, 878 (2010) 551–556",20116348,,105876101,100.0,0,1 of 1 distinct cited papers matched in Paperclip.,https://paperclip.gxl.ai/citations/papers/105876101
817,Milnacipran,"Pharmacokinetics of milnacipran in liver impairment C. Puozzo, H. ALBIN, G. VINCON, D. DEPREZ, I.M. RAYMOND, M. AMOURETII. European Journal of Drug Metabolism and Pharmacokinetics 1998, Volume 23, 273-279.  Puozzo C.; Rostin, N. Montastruc JL, Hoin G. Absolute bioavailability study of midalcipran (F2207) in volunteers.Proc. - Eur. Congr. Biopharm. Pharmacokinet., 3rd, Aiache JM, Hirtz J. Clermont-Ferrand, 1987, 59-63. ppb: PDR. Accessed December 28 2014. http://www.pdr3d.com/detail.php?c=82396#section-14. ADMINISTERED AS HYDROCHLORIDE RACEMATE.",9725493,,101971374,50.0,0,1 of 2 distinct cited papers matched in Paperclip. 1 non-paper source segment(s) excluded. Unmatched citations: Absolute bioavailability study of midalcipran (F2207) in volunteers.Proc.,https://paperclip.gxl.ai/citations/papers/101971374
818,Milrinone,"Stroshane RM, Koss RF, Biddlecome CE, Luczkowec C, and Edelson J (1984) Oral and intravenous pharmacokinetics of milrinone in human volunteers.  J. Pharm. Sci. 73: 1438-1441.  Woolfrey SG, Hegbrant J, Thysell H, Fox PA, Lendrem DW, Lockwood GF, Lasher K, Rogers J, and Greenslade D (1995) Dose regimen adjustment for milrinone in congestive heart failure patients with moderate and severe renal failure.  J. Pharm. Pharmacol. 47: 651-655.",6502494;8583366,,123892070;98457735,100.0,0,2 of 2 distinct cited papers matched in Paperclip.,https://paperclip.gxl.ai/citations/papers/123892070;https://paperclip.gxl.ai/citations/papers/98457735
819,Minocycline,"Simon VC, Malerczyk V, Preuss I, Schmidt K, and Grahman H (1976) In vitro aktivitat und pharmakokinetik von minocyclin.  Arz. Forsch. 26: 556-560. ppb: Hashimoto, T. FUNDAMENTAL STUDIES ON PHARMACOKINETICS OF ANTIBIOTICS. PART 1. BINDING OF ANTIBIOTICS TO PLASMA PROTEINS. Chemotherapy (Tokyo). 1973, 21, 38-44",,,,0.0,0,"0 of 2 distinct cited papers matched in Paperclip. Unmatched citations: Simon VC, Malerczyk V, Preuss I, Schmidt K, and Grahman H . In vitro aktivitat und pharmakokinetik von minocyclin. Arz. Forsch. 26: 556-560 | BINDING OF ANTIBIOTICS TO PLASMA PROTEINS.",
820,Minoxidil,Minoxidil - FDA Approval Package Administrative documents 019501 Part 01. Accessed through Pharmapendium.//ppb: https://www.accessdata.fda.gov/drugsatfda_docs/label/2015/018154s026lbl.pdf. Accessed July 10 2017.,,,,,,No identifiable paper citations; non-paper sources excluded.,
821,Mipomersen,"Rosie Z. Yu, Tae-Won Kim, An Hong, Tanya A. Watanabe, Hans J. Gaus, and Richard S. Geary. Cross-Species Pharmacokinetic Comparison from Mouse to Man of a Second-Generation Antisense Oligonucleotide, ISIS 301012, Targeting Human Apolipoprotein B-100. Drug Metab. Disp. 2007, 35:460–468.",17172312,,120749746,100.0,0,1 of 1 distinct cited papers matched in Paperclip.,https://paperclip.gxl.ai/citations/papers/120749746
822,Mirabegron,"Mirabegron, prescribing information. PDR. Accessed July 31 2014. http://www.pdr3d.com/detail.php?c=91002#section-12",,,,,,No identifiable paper citations; non-paper sources excluded.,
823,Mirtazapine,"Voortman G and Paanakker JE (1995) Bioavailability of mirtazepine from Remeron tablets after single and multiple oral dosing.  Human Psychopharmacol. 10: s83-s96.  ppb: Timmer CJ, Sitsen JM, and Delbressine LP (2000) Clinical pharmacokinetics of mirtazapine.  Clin. Pharmacokinet. 38: 461-74.",10885584,,128259280,50.0,0,1 of 2 distinct cited papers matched in Paperclip. Unmatched citations: Bioavailability of mirtazepine from Remeron tablets after single and multiple oral dosing.,https://paperclip.gxl.ai/citations/papers/128259280
824,Mitonafide,"Pharmacokinetics characterization of mitonafide in man. Brode E, Poveda Velasco A, Díaz-Rubio E, Rosell Costa R, Benavides Fissure A. Meth. Find. Exp. Clin. Pharmacol. 1992, 14(2), 131-140",1598025,,182370506,100.0,0,1 of 1 distinct cited papers matched in Paperclip.,https://paperclip.gxl.ai/citations/papers/182370506
825,Mitoxantrone,"Canal P, Attal M, Chatelut E, Guichard S, Huguet F, Muller C, Schlaifer D, Laurent G, Houin G, and Bugat R (1993) Plasma and cellular pharmacokinetics of mitoxantrone in high dose chemotherapeutic regimen for refractory lymphomas.  Canc. Res. 53: 4850-4854.  Scott LJ and Figgitt DP (2004) Mitoxantrone: a review of its use in multiple sclerosis.  CNS Drugs 18: 379-396.",8402672,,189115058,50.0,0,1 of 2 distinct cited papers matched in Paperclip. Unmatched citations: Mitoxantrone: a review of its use in multiple sclerosis.,https://paperclip.gxl.ai/citations/papers/189115058
826,Mivacurium (cis/cis),"Head-Rapson AG, Devlin JC, Parker CJ, Hunter JM (1994) Pharmacokinetics of the three isomers of mivacurium and pharmacodynamics of the chiral mixture in hepatic cirrhosis. Br J Anaesth.  73: 613-618.  Roy JJ and Varin F (2004) Physicochemical properties of neuromuscular blocking agents and their impact on the pharmacokinetic-pharmacodynamic relationship.  Br. J. Anaesth. 93: 241-248.",7826789;15169739,,120861639;134373082,100.0,0,2 of 2 distinct cited papers matched in Paperclip.,https://paperclip.gxl.ai/citations/papers/120861639;https://paperclip.gxl.ai/citations/papers/134373082
827,Mizolastine,"Florence Mesnil, Catherine Dubruc, France Mentre, Sylvie Huet, Alain Mallet, and Jean-Paul Thenot. Pharmacokinetic Analysis of Mizolastine in Healthy Young Volunteers After Single Oral and Intravenous Doses: Noncompartmental Approach and Compartmental Modeling  J. Pharmacokin. and Biopharm. Vol. 25. No. 2, 1997, 125-147.",9408856,,137824588,100.0,0,1 of 1 distinct cited papers matched in Paperclip.,https://paperclip.gxl.ai/citations/papers/137824588
828,Moclobemide,"Schoerlin MP, Mayersohn M, Korn A, and Eggers H (1987) Disposition kinetics of moclobemide, a monoamine oxidase-A enzyme inhibitor: single and multiple dosing in normal subjects.  Clin. Pharmacl. Ther. 42: 395-404.  Raaflaub J, Haefelfinger P, and Trautman KH (1984) Single-dose pharmacokinetics of the MAO-inhibitor moclobemide in man.  Arz. Forsch. 34: 80-82.  Schoerlin MP, Mayersohn M, Hoevels B, Eggers H, Dellenbach M, and Pfefen JP (1991) Cimetidine alters the disposition kinetics of the monoamine oxidase-A inhibitor moclobemide.  Clin. Pharmacol. Ther. 49: 32-38.  Schoerlin MP, Horber FF, Frey FJ, and Mayersohn M (1990) Disposition kinetics of moclobemide, a new MAO-A inhibitor, in subjects with impaired renal function.  J. Clin. Pharmacol. 30: 272-284.  Schoerlin MP and Guentert TW (1989) Pharmacokinetics and metabolism of reversible MAO-A inhibitors in the human.  Psychiatrische Praxis  16(Suppl 1): 11-17.",3665338;6538424;1988238;2312783;2685852,,100054011;188190083;100054689;82765578;184363286,100.0,0,5 of 5 distinct cited papers matched in Paperclip.,https://paperclip.gxl.ai/citations/papers/100054011;https://paperclip.gxl.ai/citations/papers/188190083;https://paperclip.gxl.ai/citations/papers/100054689;https://paperclip.gxl.ai/citations/papers/82765578;https://paperclip.gxl.ai/citations/papers/184363286
829,Moexipril ,Moexipril Hydrochloride - FDA Approval Package Clinical Pharmacology and Biopharmaceutics Review 020312 Part 01. Package accessed through Pharmapendium. March 7 2013.//ppb: https://www.accessdata.fda.gov/drugsatfda_docs/nda/pre96/20-312_Moexipril_Univasc.pdf. Accessed June 27 2017.,,,,,,No identifiable paper citations; non-paper sources excluded.,
830,Molsidomine,"J. Ostrowski, and K. Resag, Pharmacokinetics of molsidomine in humans. American Heart Journal.1985, 109, 641-643",3838399,,135615931,100.0,0,1 of 1 distinct cited papers matched in Paperclip.,https://paperclip.gxl.ai/citations/papers/135615931
831,Mometasone Furoate,Mometasone Furoate - FDA Approval PackageClinical Pharmacology and Biopharmaceutics Review 021067/S-000. Accessed through Pharmapendium on March7 2013. VDss reported on label in the same package.,,,,,,No identifiable paper citations; non-paper sources excluded.,
832,Montelukast,"Zhao JJ, Rogers JD, Holland SD, Larson P, Amin RD, Haesen R, Freeman A, Seiberling M, Merz M, and Cheng H (1997) Pharmacokinetics and bioavailability of montelukast sodium (MK-0476) in healthy young and elderly volunteers.  Biopharm. Drug Dispos. 18: 769-777.  Cheng H, Leff JA, Amin R, Gertz BJ, De Smet M, Noonan N, Rogers JD, Malbecq W, Meisner D, and Somers G (1996) Pharmacokinetics, bioavailability, and safety of montelukast sodium (MK-0476) in healthy males and females.  Pharm. Res. 13: 445-448.",9429741;8692739,,143460584;141241829,100.0,0,2 of 2 distinct cited papers matched in Paperclip.,https://paperclip.gxl.ai/citations/papers/143460584;https://paperclip.gxl.ai/citations/papers/141241829
833,Morinidazole,"Gao, Ruina; Li, Liang; Xie, Cen; Diao, Xingxing; Zhong, Dafang; Chen, Xiaoyan. Metabolism and pharmacokinetics of morinidazole in humans: identification of diastereoisomeric morpholine N+-​glucuronides catalyzed by UDP glucuronosyltransferase 1A9. Drug Metabolism & Disposition (2012), 40(3), 556-567:",22184458,,90238461,100.0,0,1 of 1 distinct cited papers matched in Paperclip.,https://paperclip.gxl.ai/citations/papers/90238461
834,Morphine,"Owen JA, Sitar DS, Berger L, Briwnell L, Duke PC, and Mitenko PA (1983) Age related morphine kinetics.  Clin. Pharmacil. Ther. 34: 364-368.  Berkowitz BA (1976) The relationship of pharmacokinetics to pharmacological activity: morphine, methadone and naloxone.  Clin. Pharmacokinet. 1: 219-230.  Lotsch J, Weiss M, Kobal G, and Geisslinger G (1998) Pharmacokinetics of morphine-6-glucuronide and its formation from morphine after intravenous administration.  Clin. Pharmacol. Ther. 63: 629-639.  Aitkenhead AR, Vater M, Achola K, Cooper MS, and Smith G (1984) Pharmacokinetics of single-dse I.V. morphine in normal volunteers and patients with end-stage renal disease.  Br. J. Anaesth. 56: 813-819.",6883911;13957;9663177,,100771595;114616735;131974767,75.0,0,3 of 4 distinct cited papers matched in Paperclip. Unmatched citations: Pharmacokinetics of single-dse I.V.,https://paperclip.gxl.ai/citations/papers/100771595;https://paperclip.gxl.ai/citations/papers/114616735;https://paperclip.gxl.ai/citations/papers/131974767
835,Morphine-6-Glucuronide,"Lotsch J, Weiss M, Kobal G, and Geisslinger G (1998) Pharmacokinetics of morphine-6-glucuronide and its formation from morphine after intravenous administration.  Clin. Pharmacol. Ther. 63: 629-639.//ppb: Mashayekhi, S. O.; Ghandforoush-Sattari, M.; Buss, D. C.; Routledge, P. A.; Hain, R. D. W. Impact of anti-​cancer drugs and other determinants on serum protein binding of morphine 6-​glucuronide. Daru, Journal of Faculty of Pharmacy, Tehran University of Medical Sciences, 2010, 18, 107-113.",9663177;22615603,PMC3304375,131974767;PMC3304375,100.0,50,2 of 2 distinct cited papers matched in Paperclip.,https://paperclip.gxl.ai/citations/papers/131974767;https://paperclip.gxl.ai/citations/papers/PMC3304375
836,Moxalactam,"Wise R, Baker S, and Livingston R (1980) Comparison of cefotaxime and moxalactam pharmacokinetics and tissue levels.  Antimic. Agents Chemother. 18: 369-371.  Standiford HC, Drusano GL, Bustamante CI, Rivera G, Forrest A, Tatem B, Leslie J, and Moody M (1986) Imipenem coadministered with cilastatin compared with moxalactam:  integration of serum pharmacokinetics and microbiologic activity following single-dose administration to normal volunteers.  Antimic. Agents Chemother. 29: 412-417.",6252833;3459390,PMC284007;PMC180405,86916467;87171809,100.0,0,2 of 2 distinct cited papers matched in Paperclip.,https://paperclip.gxl.ai/citations/papers/86916467;https://paperclip.gxl.ai/citations/papers/87171809
837,Moxifloxacin,Avelox IV Product Label. PDR accessed July 31 2014. http://www.pdr3d.com/detail.php?c=49480#section-15,,,,,,No identifiable paper citations; non-paper sources excluded.,
838,Moxonidine,"Theodor R, Weimann HJ, Weber W, and Michaelis K (1991) Absolute bioavailability of moxonidine.  Eur. J. Drug Met. and Pharmacokin. 16: 153-159.  Schaefer HG, Toublanc N, and Weimann HJ (1998) The pharmacokinetics of moxonidine.  Rev. Contemp. Pharmacother.  9: 481-490.",1936074,,100831447,50.0,0,1 of 2 distinct cited papers matched in Paperclip. Unmatched citations: The pharmacokinetics of moxonidine.,https://paperclip.gxl.ai/citations/papers/100831447
839,Mycophenolic acid,"Mycophenolic Acid - FDA Approval Package Pharmacology and Biopharmaceutics Review 050791/S-000. ppb: Christopher J. Kochansky, Daniel R. McMasters,Ping Lu, Kenneth A. Koeplinger,Haley H. Kerr, Magang Shou,and Kenneth R. Korzekwa Impact of pH on Plasma Protein Binding in Equilibrium Dialysis. Mol. Pharm. 2008, 5, 438-448. Vaue at 10% CO2 (pH 7.4).",18345638,,113366828,100.0,0,1 of 1 distinct cited papers matched in Paperclip. 1 non-paper source segment(s) excluded.,https://paperclip.gxl.ai/citations/papers/113366828
840,Nadolol,"Morrison RA, Singhvi SM, Creasey WA, and Willard DA (1988) Dose proportionality of nadolol pharmacokinetics after intravenous administration to healthy subjects.  Eur. J. Clin. Pharmacol. 33: 625-628.  Patel L, Johnston A, and Turner P (1984) Nadolol binding to human serum proteins.  J. Pharm. Pharmacol. 36: 414-415.",3366166;6146679,,133780546;96832494,100.0,0,2 of 2 distinct cited papers matched in Paperclip.,https://paperclip.gxl.ai/citations/papers/133780546;https://paperclip.gxl.ai/citations/papers/96832494
841,Nafamostat,"Cao, Yan-guang; Zhang, Ming; Yu, Dan; Shao, Jing-ping; Chen, Yuan-cheng; Liu, Xiao-quan. A method for quantifying the unstable and highly polar drug nafamostat mesilate in human plasma with optimized solid-phase extraction and ESI-MS detection: more accurate evaluation for pharmacokinetic study. Anal. Bioanal Chem. 2008, 391, 1063-1071",18392693,,112861007,100.0,0,1 of 1 distinct cited papers matched in Paperclip.,https://paperclip.gxl.ai/citations/papers/112861007
842,Nafarelin,"Chaplin  ML (1992). Bioavailability of nafarelin in healthy volunteers. Am J Obstet Gynecol, 166, 762-765. ppb: Reported as 78-84% bound (81% taken as median) by  Chan R L; Chaplin M D . Plasma binding of LHRH and nafarelin acetate, a highly potent LHRH agonist. Biochemical and biophysical research communications (1985), 127(2), 673-9. ",1531580;3156598,,81025484;127387286,100.0,0,2 of 2 distinct cited papers matched in Paperclip.,https://paperclip.gxl.ai/citations/papers/81025484;https://paperclip.gxl.ai/citations/papers/127387286
843,Nafcillin,"Waller ES, Sharanevych MA, and Yakatan GJ (1982) The effect of probenecid on nafcillin disposition.  J. Clin. Pharmacol.  22: 482-489.  Bergan T (1984) Pharmacokinetics of beta-lactam antibiotics.  Scand. J. Infect. Dis. 42(Suppl): 83-98.",7174857,,82084014,50.0,0,1 of 2 distinct cited papers matched in Paperclip. Unmatched citations: Pharmacokinetics of beta-lactam antibiotics.,https://paperclip.gxl.ai/citations/papers/82084014
844,Naftopidil,"M.J.G. Farthing, E.M. Alstead, S.M.L. Abrams, G. Haug, A. Johnston, R. Hermann, G. Niebch, P. Ruus, K.H. Moltz and P. Turner. Pharmacokinetics of naftopidil, a novel anti-hypertensive drug, in patients with hepatic dysfunction. Postgrad Med J (I 994) 70, 363 366.  ppb: Tadakiyo SUZUKI. Hiroto MIYANAGA. Fumio SAKAMOTO Jun-ichi KATAYAMA, Yasuhisa AUACHI. Drug lnteraction in Human Plasma Protein Blnding of Naftopidil (KT-611). Iyakuhin Kenkyu 1999 30(9):435",8016009,PMC2397621,109738461,50.0,0,1 of 2 distinct cited papers matched in Paperclip. Unmatched citations: Drug lnteraction in Human Plasma Protein Blnding of Naftopidil (KT-611).,https://paperclip.gxl.ai/citations/papers/109738461
845,Nalbuphine,"Aitkenhead AR, Lin ES, and Achola KJ (1988) The pharmacokinetics of oral and intravenous nalbuphine in healthy volunteers.  Br. J. Clin. Pharmacol. 25: 264-268.   Jaillion P, Gardin ME, Lecocq B, Richard MO, Meignan S, Blondel Y, Grippat JC, Bergnieres J, and Vergnoux O (1989) Pharmacokinetics of nalbuphine in infants, young healthy volunteers, and elderly patients.  Clin. Pharmacol. Ther. 46: 226-233",3358889;2758732,PMC1386483,86718151;100772263,100.0,0,2 of 2 distinct cited papers matched in Paperclip.,https://paperclip.gxl.ai/citations/papers/86718151;https://paperclip.gxl.ai/citations/papers/100772263
846,Nalmefene,"Frye RF, Matzke GR, Jallad NS, Wilhelm JA, Bikhazi GB (1996) The effect of age on the pharmacokinetics of the opioid antagonist nalmefene.  Br. J. Clin. Pharmacol. 42: 301-306.  Dixon R, Ghowes J, Gentile J, Hsu HB, Hsaio J, Garg D, Weidler D, Meyer M, and Tuttle R (1986) Nalmefene: inravenous safety and kinetics of a new opioid antagonist.  Clin. Pharmacol. Ther. 39: 49-53.  Frye RF, Matzke GR, Schade R, Dixon R, and Rabinovitz M (1997) Effects of liver disease on the disposition of the opioid antagonist nalmefene.  Clin. Pharmacol. Ther. 61: 15-23.  Matzke GR, Frye RF, Alexander ACM, Reynolds R, Dixon R, Johnston J, and Rault RM (1996) The effect of renal insufficiency and hemodialysis on the pharmacokinetics of nalmefene.  J. Clin. Pharmacol. 36: 144-151. ",8877019;3943269;9024170;8852390,PMC2042672,137512390;100772017;131360151;84140653,100.0,0,4 of 4 distinct cited papers matched in Paperclip.,https://paperclip.gxl.ai/citations/papers/137512390;https://paperclip.gxl.ai/citations/papers/100772017;https://paperclip.gxl.ai/citations/papers/131360151;https://paperclip.gxl.ai/citations/papers/84140653
847,Naloxone,"Ngai SH, Berkowitz BA, Yang JC, Hempstead J, and Spector S (1976) Pharmacokinetics of naloxone in rats and man: basis for its potency and short duration of action.  Anesthesiology 44: 398-401.  Asali LA and Brown KF (1984) Naloxone protein binding in adult and fetal plasma. Eur. J. Clin. Pharmacol. 27: 459-463.",1267205;6519154,,122413000;133781982,100.0,0,2 of 2 distinct cited papers matched in Paperclip.,https://paperclip.gxl.ai/citations/papers/122413000;https://paperclip.gxl.ai/citations/papers/133781982
848,Naltrexone,"Wall ME, Brine DR, and Perez-Reyes M (1981) Metabolism and disposition of naltrexone in man after oral and intravenous administration.  Drug Metab. Dispos.  9: 369-375.  Ludden TM, Malspeis L, Baggot JD, Sokoloski TD, Frank SG, and Reuning RH (1976) Tritiated naltrexone binding in plasma from several species and tissue distribution in mice.  J. Pharm. Sci. 65: 712-716",6114837;819644,,187975979;122656404,100.0,0,2 of 2 distinct cited papers matched in Paperclip.,https://paperclip.gxl.ai/citations/papers/187975979;https://paperclip.gxl.ai/citations/papers/122656404
849,Naphtidrofuryl oxalate,"RYUICHIRO NISHIGAKI, KOSHIRO UMEMURA, KIYOSHI OKUI, TOSHIHIRO HAYASHI, TERUO YAMAMOTO, and YUJI SAKURAI. The Pharmacokinetical Analysis of the Fate of Naphtidrofuryl Oxalate (LS121) in Human Subjects. I. Single Intravenous Infusion and Multiple Intravenous Infusion. YAKUGAKU ZASSHI, 106(10)906-915(1986).//ppb: David R Goldsmith, Keri Wellington. Naphtidofuryl. Drugs and Aging, 2005, 22, 967-977.",,,,0.0,0,"0 of 2 distinct cited papers matched in Paperclip. Unmatched citations: Single Intravenous Infusion and Multiple Intravenous Infusion | David R Goldsmith, Keri Wellington. Naphtidofuryl. Drugs and Aging,.",
850,Naproxen,"M.V. Calvo, J.V. Lanao, A. Dominguez-Gil. Bioavailability of rectally administered naproxen. In. J. Pharm. 1987, 38, 117-122.//ppb: R. A. UPTON, R. L. WILLIAMS, J. KELLY  R. M. JONES Naproxen pharmacokinetics in the elderly. Br. J. Clin. Pharmacol. 1984, 18, 207-217.",6487459,PMC1463512,86059655,50.0,0,1 of 2 distinct cited papers matched in Paperclip. Unmatched citations: Bioavailability of rectally administered naproxen.,https://paperclip.gxl.ai/citations/papers/86059655
851,Napsagatran,"Hauptmann J. (2002) Pharmacokinetics of an emerging new class of anticoagulant/antithrombotic drugs A review of small-molecule thrombin inhibitors.  Eur J Clin Pharmacol  57: 751-758. ppb:Marilyn E. Morrisa,, Xinning Yanga, Yash A. Gandhia, Suraj G. Bhansalia, and Lisa J. Benincosa. Interspecies scaling: prediction of human biliary clearance and comparison with QSPKR. BIOPHARMACEUTICS & DRUG DISPOSITION Biopharm. Drug Dispos. 2012, 33: 1–14.",11868795;22170504,,140725177;91020031,100.0,0,2 of 2 distinct cited papers matched in Paperclip.,https://paperclip.gxl.ai/citations/papers/140725177;https://paperclip.gxl.ai/citations/papers/91020031
852,Naratriptan,Amerge Product Label. PDR accessed July 31 2014. http://www.pdr3d.com/detail.php?c=113877#section-12,,,,,,No identifiable paper citations; non-paper sources excluded.,
853,Nateglinide,"Weaver ML, Orwig BA, Rodriguez LC, Graham ED, Chin JA, Shapiro MJ, Mcleod JF, and Mangold JB (2001) Pharmacokinetics and metabolism of nateglinide in humans.  Drug Metab. Dispos. 29: 415-421.  Choudhury S, Hirschberg Y, Filipek R, Lasseter K, and McLeod JF (2000) Single-dose pharmacokinetics of nateglinide in subjects with hepatic cirrhosis.  J. Clin. Pharmacol. 40: 634-640.",11259325;10868314,,180171846;180052476,100.0,0,2 of 2 distinct cited papers matched in Paperclip.,https://paperclip.gxl.ai/citations/papers/180171846;https://paperclip.gxl.ai/citations/papers/180052476
854,NBI-1,"Ajay Madan, Zhihong O’Brien, Jianyun Wen, Chris O’Brien, Robert H. Farber, Graham Beaton, Paul Crowe, Berend Oosterhuis, R. Colin Garner, Graham Lappin,  Haig P. Bozigian.  A pharmacokinetic evaluation of five H1 antagonists after an oral and intravenous microdose to human subjects. Br J Clin Pharmacol 2009, 67, 288–298",19523012,PMC2675039,108268077,100.0,0,1 of 1 distinct cited papers matched in Paperclip.,https://paperclip.gxl.ai/citations/papers/108268077
855,NBI-2,"Ajay Madan, Zhihong O’Brien, Jianyun Wen, Chris O’Brien, Robert H. Farber, Graham Beaton, Paul Crowe, Berend Oosterhuis, R. Colin Garner, Graham Lappin,  Haig P. Bozigian.  A pharmacokinetic evaluation of five H1 antagonists after an oral and intravenous microdose to human subjects. Br J Clin Pharmacol 2009, 67, 288–298",19523012,PMC2675039,108268077,100.0,0,1 of 1 distinct cited papers matched in Paperclip.,https://paperclip.gxl.ai/citations/papers/108268077
856,NBI-3,"Ajay Madan, Zhihong O’Brien, Jianyun Wen, Chris O’Brien, Robert H. Farber, Graham Beaton, Paul Crowe, Berend Oosterhuis, R. Colin Garner, Graham Lappin,  Haig P. Bozigian.  A pharmacokinetic evaluation of five H1 antagonists after an oral and intravenous microdose to human subjects. Br J Clin Pharmacol 2009, 67, 288–298",19523012,PMC2675039,108268077,100.0,0,1 of 1 distinct cited papers matched in Paperclip.,https://paperclip.gxl.ai/citations/papers/108268077
857,NBI-4,"Ajay Madan, Zhihong O’Brien, Jianyun Wen, Chris O’Brien, Robert H. Farber, Graham Beaton, Paul Crowe, Berend Oosterhuis, R. Colin Garner, Graham Lappin,  Haig P. Bozigian.  A pharmacokinetic evaluation of five H1 antagonists after an oral and intravenous microdose to human subjects. Br J Clin Pharmacol 2009, 67, 288–298",19523012,PMC2675039,108268077,100.0,0,1 of 1 distinct cited papers matched in Paperclip.,https://paperclip.gxl.ai/citations/papers/108268077
858,Nebivolol,"Cheymol G, Poirier JM, Carrupt PA, Testa B, Weissenburger J, Levron JC, and Snoeck E (1997) Pharmacokinetics of .beta.-adrenoceptor blockers in obese and normal volunteers. Br. J. Clin. Pharmacol. 43: 563-570. ppb: The PDR states: The in vitro human plasma protein binding of nebivolol is approximately 98%, mostly to albumin, and is independent of nebivolol concentrations. Accessed January 7 2015. http://www.pdr3d.com/detail.php?c=53808#section-12",9205815,PMC2042788,137856592,100.0,0,1 of 1 distinct cited papers matched in Paperclip. 1 non-paper source segment(s) excluded.,https://paperclip.gxl.ai/citations/papers/137856592
859,Nedaplatin,"Niioka T,  Uno T,  Yasui-Furukori N,  Takahata T, Shimizu M, Sugawara K, Tateishi T. Pharmacokinetics of low-dose nedaplatin and validation of AUC prediction in patients with non-small-cell lung carcinoma. Cancer Chemother Pharmacol (2007)  ppb: Yasutsuna Sasaki,  Tomohide Tamura, Kenji Eguchi  Tetsu Shinkai, Yasuhiro Fujiwara, Masaaki Fukuda, Yuichiro Ohe, Masami Bungo, Naoya Horichi, Shigeki Niimi, Koichi Minato , Kazuhiko Nakagawa and Nagahiro Saijo. Pharmacokinetics of (glycolato-0,0')-diammine platinum(II),a new platinum derivative, in comparison with cisplatin and carboplatin. Cancer Chemother Pharmacol (1989)23:243-246.",16912889;2647312,,123123772;133660133,100.0,0,2 of 2 distinct cited papers matched in Paperclip.,https://paperclip.gxl.ai/citations/papers/123123772;https://paperclip.gxl.ai/citations/papers/133660133
860,Nedocromil,"M. G. NEALE, K. BROWN, R. A. FOULDS, S. LAL1, D. A. MORRIS & D. THOMAS. The pharmacokinetics of nedocromil sodium, a new drug for the treatment of reversible obstructive airways disease, in human volunteers and patients with reversible obstructive airways disease. Br. J. Clin. Pharmacol.  (1987), 24, 493-501//ppb: https://www.accessdata.fda.gov/drugsatfda_docs/nda/97/020750ap_Tilade_clinphrmr.pdf. Accessed June 15 2017.",2825746,PMC1386312,86718137,100.0,0,1 of 1 distinct cited papers matched in Paperclip. 1 non-paper source segment(s) excluded.,https://paperclip.gxl.ai/citations/papers/86718137
861,Nefazodone,"Barbhaiya RH, Dandekar KA, and Greene DS (1996) Pharmacokinetics, absolute bioavailability, and disposition of [14C]nefazodone in humans.  Drug Metab. Dispos. 24:  91-5.  PPB data from http://www.drugs.com/ppa/nefazodone_hydrochloride.html",8825195,,189275047,100.0,0,1 of 1 distinct cited papers matched in Paperclip. 1 non-paper source segment(s) excluded.,https://paperclip.gxl.ai/citations/papers/189275047
862,Nefopam,"Chawla J, Le Guern ME, Alquier C, Kalhorn TF, and Levy RH (2005)  Effect of route of administration on the pharmacokinetic behavior of enantiomers of nefopam and desmethylnefopam.  Ther. Drug Monit. 25: 203-210.  ",12657915,,139174848,100.0,0,"1 of 1 distinct cited papers matched in Paperclip. Bibliographic match checked against title, author and pagination at https://pubmed.ncbi.nlm.nih.gov/12657915/.",https://paperclip.gxl.ai/citations/papers/139174848
863,Nelarabine,PDR Arranon Product Label. Accessed July 31 2014. http://www.pdr3d.com/detail.php?c=103264#section-13,,,,,,No identifiable paper citations; non-paper sources excluded.,
864,Nemonoxacin,"Cao Guo-Ying; Zhang Jing; Zhang Ying-Yuan; Guo Bei-Ning; Yu Ji-Cheng; Wu Xiao-Jie; Chen Yuan-Cheng; Shi Yao-Guo; Wu Ju-Fang . Safety, Tolerability, and Pharmacokinetics of Intravenous Nemonoxacin in Healthy Chinese Volunteers. Antimicrobial agents and chemotherapy. 2014 ; 58, 6116-6121; . ppb: Luke Lin, Li-Wen Chang, Cheng-Yuan Tsai, Ching-Hung Hsu, David T. Chung, William S. Aronstein, Funmi Ajayi, Barbara Kuzmak, and Robert A. LyonDose Escalation Study of the Safety, Tolerability, and Pharmacokinetics of Nemonoxacin (TG-873870), aNovel Potent Broad-Spectrum Nonfluorinated Quinolone, in Healthy Volunteers. ANTIMICROBIAL AGENTS AND CHEMOTHERAPY,  2010, 54, 405–410",25092690;19884368,PMC4187916;PMC2798534,72256641;105984018,100.0,0,2 of 2 distinct cited papers matched in Paperclip.,https://paperclip.gxl.ai/citations/papers/72256641;https://paperclip.gxl.ai/citations/papers/105984018
865,Nemorubicin,"M Bakker, JP Droz, AR Hanauske, J Verweij, AT van Oosterom, HJM Groen, MA Pacciarini, L Domenigoni, F van Weissenbruch, E Pianezzola, EGE de Vries. Broad phase 11 and pharmacokinetic study of methoxy-morpholino doxorubicin (FCE 23762-MMRDX) in non-small-cell lung cancer, renal cancer and other solid tumour patients. British Journal of Cancer 1998 77, 139-146.",9459159,PMC2151269,PMC2151269,100.0,100,1 of 1 distinct cited papers matched in Paperclip.,https://paperclip.gxl.ai/citations/papers/PMC2151269
866,Neostigmine,"Morris RB, Cronnelly R, Miller RD, Stanski DR, and Fahey MR (1981) Pharmacokinetics of edrophonium and neostigmine when antagonizing d-tubocurarine neuromuscular blockade in man.  Anesthesiol. 54: 399-402.",7224209,,122224232,100.0,0,1 of 1 distinct cited papers matched in Paperclip.,https://paperclip.gxl.ai/citations/papers/122224232
867,Nesiritide,PDRprescribing information. Accessed July 31 2014. http://www.pdr3d.com/detail.php?c=114674#section-12,,,,,,No identifiable paper citations; non-paper sources excluded.,
868,Netilmicin,"Welling PG, Baumueller A, Lau CC, and Madsen PO  (1977) Netilmicin Pharmacokinetics After Single Intravenous Doses to Elderly Male Patients.  Antimic. Agents Chemother. 12: 328-334.  Contrepois A, Brion N, Garaud JJ, Faurisson F, Delatour F, Levy JC, Deybach JC, and Carbon C (1985) Renal disposition of gentamicin, dibekacin, tobramycin, netilmicin, and amikacin in humans.  Antimic. Agents Chemother. 27: 520-524.",907325;4004192,PMC429913;PMC180088,87557011;86916822,100.0,0,2 of 2 distinct cited papers matched in Paperclip.,https://paperclip.gxl.ai/citations/papers/87557011;https://paperclip.gxl.ai/citations/papers/86916822
869,Netupitant,FDA Clinical Pharmacology and Biopharmaceutics review: accessed March 8 2017.http://www.accessdata.fda.gov/drugsatfda_docs/nda/2014/205718Orig1s000ClinPharmR.pdf,,,,,,No identifiable paper citations; non-paper sources excluded.,
870,Nevirapine,"Lamson MJ, Sabo JP, MacGregor TR, Pav JW, Rowland L, Hawi A, Cappola M, and  Robinson P (1999) Single dose pharmacokinetics and bioavailability of nevirapine in healthy volunteers.  Biopharm. Drug Dispos. 20: 285-291.  Almond LM, Boffito M, Hoggard PG, Bonora S, Raiteri R,  Reynolds HE, Garazzino S, Sinicco A,  Khoo SH, Back DJ, and Di Perri G (2004) The Relationship between Nevirapine Plasma Concentrations and Abnormal Liver Function Tests.  AIDS Res. Human Retroviruses  20: 716-722.",10701699;15307917,,143970521;135066627,100.0,0,2 of 2 distinct cited papers matched in Paperclip.,https://paperclip.gxl.ai/citations/papers/143970521;https://paperclip.gxl.ai/citations/papers/135066627
871,Nicainoprol,"Takashi Ishizaki, Yukio Horai, Kiyoshi Kubota, Akemi Minegishi., Hirotoshi Echizen, and Kan Chiba, Ph.D.Disposition kinetics and dynamics of nicainoprol, a new antiarrhythmic agent, in humans. Clin. Pharmacol. Ther. 1987, 42, 525-534",3677541,,100054028,100.0,0,1 of 1 distinct cited papers matched in Paperclip.,https://paperclip.gxl.ai/citations/papers/100054028
872,Nicardipine,"Guerret M, Cheymol G, Hubert M, Julien-Larose C, and Lavene D (1989) Simultaneous study of the pharmacokinetics of intravenous and oral nicardipine using a stable isotope.  Eur. J.Clin. Pharmacol. 37: 381-385.  Kirsten R, Nelson K, Kirsten D, and Heintz B (1998) Clinical  pharmacokinetics  of vasodilators. Part I.  Clin. Pharmacokinet. 34: 457-482.  ",2598970,,133896451,50.0,0,1 of 2 distinct cited papers matched in Paperclip. Unmatched citations: Clinical pharmacokinetics of vasodilators.,https://paperclip.gxl.ai/citations/papers/133896451
873,Nicorandil,"Frydman AM, Chapelle P, Diekmann H, Bruno R, Thebault JJ, Bouthier J, Caplain H, Ungethuem W, Gaillard C, Le Liboux A, Renard A, Gaillot J. Pharmacokinetics of Nicorandil. Am. J. Cardiol. 1989, 63, 25J-33J",2525322,,135272884,100.0,0,1 of 1 distinct cited papers matched in Paperclip.,https://paperclip.gxl.ai/citations/papers/135272884
874,Nicotine,"Benowitz NL, Jacob P, Jones RT, and Rosenberg J (1982) Interindividual variability in the metabolism and cardiovascular effects of nicotine in man.  J. Pharmacol. Exp. Ther. 221: 368-372. ",,,,0.0,0,0 of 1 distinct cited papers matched in Paperclip. Unmatched citations: Interindividual variability in the metabolism and cardiovascular effects of nicotine in man.,
875,Nifedipine,"Rashid TJ, Martin U, Clarke H, Waller DG, Renwick AG, and George CF (1995) Factors affecting the absolute bioavailability of nifedipine.  Br. J. Clin. Pharmacol. 40: 51-58.  Robertson DRC, Waller DG, Renwick AG, and George CF (1988) Age-related changes in the pharmacokinetics and pharmacodynamics of nifedipine.  Br. J. Clin. Pharmacol. 25: 297-305.  Kleinbloesem CH, van Harten J, Wilson JPH, Danhof M, van Brummelen P, and Breimer DD (1986) Nifedipine: kinetics and hemodynamic effects in patients with liver cirrhosis after intravenous and oral administration. Clin. Pharmacol. Ther. 40: 21-28.  Kleinbloesem CH, van Brummelen P, van de Linde JA, Voogd PJ, and Breimer DD (1984) Nifedipine: kinetics and dynamics in healthy subjects.  Clin. Pharmacol. Ther. 35: 742-749.    Ramsch KD, Graefe KH, Scherline D, Sommer J, and Ziegler R (1986) Pharmacokinetics and metabolism of calcium-blocking agents nifedipine, nitrendipine, and nimodipine.  Am. J. Nephrol. 6(Suppl 1): 73-80.  ",8527268;3358895;3720176;6734025,PMC1365027;PMC1386353,87657883;86843065;100053799;100771672,80.0,0,"4 of 5 distinct cited papers matched in Paperclip. Unmatched citations: Pharmacokinetics and metabolism of calcium-blocking agents nifedipine, nitrendipine, and nimodipine.",https://paperclip.gxl.ai/citations/papers/87657883;https://paperclip.gxl.ai/citations/papers/86843065;https://paperclip.gxl.ai/citations/papers/100053799;https://paperclip.gxl.ai/citations/papers/100771672
876,Nifekalant,"ZHANG Heng, WANG Ben-jie, GUO Rui-chen. Pharmacokinetics of Nifekalant Hydrochloride in Chinese Healthy Volunteers. Chin Pharm J，2009, 44, 136-140.//ppb: Haruaki Nakaya and Hiroko Uemura, Electropharmacology of Nifekalant, a New Class III Antiarrhythmic Drug. Cardiovascular Drug Reviews, 1998, 16, 133-144.",,,,0.0,0,"0 of 2 distinct cited papers matched in Paperclip. Unmatched citations: Pharmacokinetics of Nifekalant Hydrochloride in Chinese Healthy Volunteers | Cardiovascular Drug Reviews,.",
877,Nimodipine,"Muck W, Breuel HP, and Kuhlmann J (1996) The influence of age on the pharmacokinetics of nimodipine.  Int. J. Clin. Pharmacol. Ther. 34: 293-298.  Ramsch KD, Graefe KH, Scherline D, Sommer J, and Ziegler R (1986) Pharmacokinetics and metabolism of calcium-blocking agents nifedipine, nitrendipine, and nimodipine.  Am. J. Nephrol. 6(Suppl 1): 73-80.    Hynymen M, Siltanen T, Sahlman A, Pohjasvaara T, Muck W, and Kaste M (1995) Continuous infusion of nimodipine during coronary artery surgery: hemodynamics and pharmacokinetic study.  Br. J. Anaesth.  74: 526-533.",8832305;7772426,,189277565;120057446,66.67,0,"2 of 3 distinct cited papers matched in Paperclip. Unmatched citations: Pharmacokinetics and metabolism of calcium-blocking agents nifedipine, nitrendipine, and nimodipine.",https://paperclip.gxl.ai/citations/papers/189277565;https://paperclip.gxl.ai/citations/papers/120057446
878,Nintedanib,"OFEV. PDR. Accessed January 20 2015. http://www.pdr3d.com/detail.php?c=135426. Same clearance, MRT and VDss, t1/2 data also reported in: Claudia Dallinger, Dirk Trommeshauser,  Kristell Marzin  Andre Liesener, Rolf Kaiser, and Peter Stopfer. Pharmacokinetic properties of nintedanib in healthy volunteers and patients with advanced cancer. Published ahead of print, April 20 2016. J. Clin. Pharmacol. 2016. DOI: 10.1002/jcph.752",27093880,,59400888,100.0,0,1 of 1 distinct cited papers matched in Paperclip. 1 non-paper source segment(s) excluded.,https://paperclip.gxl.ai/citations/papers/59400888
879,Nisoldipine,"van Harten J, van Brummelen P, Lodewijks MTM, Danhof M, Breimer DD (1988) Pharmacokinetics and hemodynamic effects of nisoldipine and its interaction with cimetidine.  Clin. Pharmacol. Ther. 43: 332-341.  van Harten J, van Brummelen P, Wilson JHP, Lodewijks MTM, and Breimer DD (1988) Nisoldipine: kinetics and effects on blood pressure and heart rate in patients with liver cirrhosis after intravenous and oral administration.  Eur. J. Clin. Pharmacol. 34: 387-394.  ",3345623;3402524,,100772213;133155950,100.0,0,2 of 2 distinct cited papers matched in Paperclip.,https://paperclip.gxl.ai/citations/papers/100772213;https://paperclip.gxl.ai/citations/papers/133155950
880,Nitrazepam,"Jochemsen R, VanBeusekom BR, Spoelstra P, Janssens AR, and Breimer DD (1983) Effect of age and liver cirrhosis on the pharmacokinetics of nitrazepam.  Br. J. Clin. Pharmacol. 15: 295-302.  Jochemsen R, Hogendoorn JJH, Dingemanse J, Hermans J, Boeijinga JK, and Breimer DD (1982) Pharmacokinetics and bioavailability of intravenous, oral, and rectal nitrazepam in humans.  J. Pharmacokinet. Biopharm. 10: 231-245.",,,,0.0,0,"0 of 2 distinct cited papers matched in Paperclip. Unmatched citations: Effect of age and liver cirrhosis on the pharmacokinetics of nitrazepam | Pharmacokinetics and bioavailability of intravenous, oral, and rectal nitrazepam in humans.",
881,Nitrendipine,"Mikus G, Fischer C, Heuer B, Langen C, and Eichelbaum M (1987) Application of stable isotope methodology to study the pharmacokinetics, bioavailability, and metabolism of nitrendipine after i.v. and p.o. administration.  Br. J. Clin. Pharmacol. 24: 561-569.  Soons PA, DeBoer AG, Van Brummelen P, and Breimer DD (1989) Oral absorption ptrofile of nitrendipine in healthy subjects: a kinetic and dynamic study.  Br. J. Clin. Pharmacol. 27: 179-189.  Ramsch KD, Graefe KH, Scherline D, Sommer J, and Ziegler R (1986) Pharmacokinetics and metabolism of calcium-blocking agents nifedipine, nitrendipine, and nimodipine.  Am. J. Nephrol. 6(Suppl 1): 73-80.  ",3435690;2713213,PMC1386327;PMC1379778,88343068;86718218,66.67,0,"2 of 3 distinct cited papers matched in Paperclip. Unmatched citations: Pharmacokinetics and metabolism of calcium-blocking agents nifedipine, nitrendipine, and nimodipine.",https://paperclip.gxl.ai/citations/papers/88343068;https://paperclip.gxl.ai/citations/papers/86718218
882,Nitrofurantoin,"Hoener BA and Patterson SE (1981) Nitrofurantoin disposition.  Clin. Pharmacol. Ther. 29: 808-816.  Kurz H, Mauser-Ganshorn A, and Stickel HH (1977) Differences in the binding of drugs to plasma proteins from newborn and adult man. I. Eur. J. Clin. Pharmacol. 11: 463-467.  Mannisto PT and Lamminsivu U (1982) Nitrofurantoin is highly bound to plasma protein. J. Antimic. Chemother. 9: 327-328.",7226713;891592,,100771328;133277262,66.67,0,2 of 3 distinct cited papers matched in Paperclip. Unmatched citations: Nitrofurantoin is highly bound to plasma protein.,https://paperclip.gxl.ai/citations/papers/100771328;https://paperclip.gxl.ai/citations/papers/133277262
883,Nitroglycerin,"Nitroglycerin - FDA Approval Package
Clinical Pharmacology and Biopharmaceutics Review 021359/S-000. Accessed through Pharmapendium.",,,,,,No identifiable paper citations; non-paper sources excluded.,
884,Nizatidine,"Aronoff GR, Bergstrom RF, Bopp RJ, Sloan RS, and Callaghan JT, (1988) Nizatidine disposition in subjects with normal and imparired renal function.  Clin. Pharmacol. Ther. 43: 688-695.  Knadler MP, Bergestrom RF, Callaghan JT, and Rubin A (1986) Nizatidine, an H2-blocker.  Its metabolism and disposition in man.  Drug Metab. Dispos. 14: 175-82",2897890,,100772248,50.0,0,1 of 2 distinct cited papers matched in Paperclip. Unmatched citations: Its metabolism and disposition in man.,https://paperclip.gxl.ai/citations/papers/100772248
885,NK 611,"Mross K, Huettmann A, Herbst K, Hanauske AR, Schilling T, Manegold C, Burk K, and Hossfeld DK (1996) Pharmacokinetics and pharmacodynamics of the new podophyllotoxin derivative NK 611: A study by the AIO groups PHASE-I and APOH. Cancer Chemother. Pharmacol. 38: 217-224. Rassmann I., Thodtmann R, Mross M, Huttmann A, Berdel WE, Manegold C, Fiebig HH, Kaeser-Frohlich A, Burk K, and Hanauske AR (1999) Phase I clinical and pharmacokinetic trial of the podophyllotoxin derivative NK611 administered as intravenous short infusion.  Invest. New Drugs 16: 319-324.",8646795;10426664,,143598009;141606875,100.0,0,"2 of 2 distinct cited papers matched in Paperclip. Bibliographic match checked against title, author and pagination at https://pubmed.ncbi.nlm.nih.gov/10426664/.",https://paperclip.gxl.ai/citations/papers/143598009;https://paperclip.gxl.ai/citations/papers/141606875
886,Nocloprost,"U. Tiiuber, M. Brudny-Kltippei , U. J akobs , C. Madetzki , and M. Mahler. Pharmacokinetics of nocloprost in human volunteers and its relation to dose. Eur J Clin Pharmacol (1993) 44:497-500",8359191,,134116441,100.0,0,1 of 1 distinct cited papers matched in Paperclip.,https://paperclip.gxl.ai/citations/papers/134116441
887,Nomifensine,"Lindberg RLP, Syvalahti EKG, and Pihlajamaki KK (1986) Disposition of nomifensine after acute and prolonged dosing.  Clin. Pharmacol. Ther. 39: 384-388.  Heptner W, Hornke I, Cavagna F, Fehlhaber HW, Rupp W, and Neubauer HP (1978) Metabolism of nomifensine in man and animal species.  Arz. Forsch. 28: 58-64",3956055,,100053931,50.0,0,1 of 2 distinct cited papers matched in Paperclip. Unmatched citations: Metabolism of nomifensine in man and animal species.,https://paperclip.gxl.ai/citations/papers/100053931
888,Norfloxacine,"Chen, Xijing; Liu, xiaoquan; Huang, Shengkai; Wang, Fengchen. Pharmacokinetics of norfloxacin by constant rate infusion. Zhongguo Linchuang Yaolixue Zazhi 1992, 8, 82-86//ppb: https://www.accessdata.fda.gov/drugsatfda_docs/label/2013/019384s066lbl.pdf. Accessed May 30 2017",,,,0.0,0,0 of 1 distinct cited papers matched in Paperclip. 1 non-paper source segment(s) excluded. Unmatched citations: Pharmacokinetics of norfloxacin by constant rate infusion.,
889,Nortilidine,"Hajda JP, Jahnchen E, Oie S, and Trenk D (2002) Sequential first-pass metabolism of nortilidine: the active metabolite of the synthetic opioid drug tilidine.  J. Clin. Pharmacol. 42: 1257-1261.",12412825,,138833348,100.0,0,1 of 1 distinct cited papers matched in Paperclip.,https://paperclip.gxl.ai/citations/papers/138833348
890,Nortriptyline,"Overo KF, Gram LF, and Hansen V (1977) Interaction of perphenazine with the kinetics of nortriptyline.  Acta Pharmacol. Toxicol. 40: 97-105.  Nyberg G and Maartensson E (1984) Determination of free fractions of tricyclic antidepressants.  Naunyn-Sch. Arch. Pharmacol. 327: 260-265.",576367;6493364,,100208981;133420482,100.0,0,2 of 2 distinct cited papers matched in Paperclip.,https://paperclip.gxl.ai/citations/papers/100208981;https://paperclip.gxl.ai/citations/papers/133420482
891,Noscapine,"B. Dahlström, T. Mellstrand , C.-G.  Löfdahl and M. Johansson. Pharmakokinetic Properties of Noscapine. Eur. J. Clin. Pharmacol. 1982, 22, 535-539.",7128665,,123207457,100.0,0,1 of 1 distinct cited papers matched in Paperclip.,https://paperclip.gxl.ai/citations/papers/123207457
892,Octreotide,"Octreotide Acetate - FDA Approval Package
Label 019667/S-061. Accessed through Pharmapendium.",,,,,,No identifiable paper citations; non-paper sources excluded.,
893,Odanacatib," Zajic, Stefan; Rossenu, Stefaan; Hreniuk, David; Kesisoglou, Filippos; McCrea, Jacqueline; Liu, Fang; Sun, Li; Witter, Rose; Gauthier, Don; Helmy, Roy; Joss, Darrick; Ni, Tong; Stoltz, Randall; Stone, Julie; Stoch, S. Aubrey. The absolute bioavailability and effect of food on the pharmacokinetics of odanacatib: a stable-​label i.v.​/oral study in healthy postmenopausal women. drug Metab. Disp. 2016, 44, 1450-1458.",27402726,,57262381,100.0,0,1 of 1 distinct cited papers matched in Paperclip.,https://paperclip.gxl.ai/citations/papers/57262381
894,Ofloxacin,"Gascon AR, Campo, E, Hernandez RM, Calvo B, Errasti J, and Pedraz JL (1998) Pharmacokinetics and tissue distribution of intravenous ofloxacin for antibiotic prophylaxis in biliary surgery.  Clin. Drug Invest. 15: 491-496.  Bergogne-Berezin E (2002) Clinical role of protein binding of quinolones.  Clin. Pharmacokinet. 41: 741-750.",18370506;12162760,,127759449;127009366,100.0,0,2 of 2 distinct cited papers matched in Paperclip.,https://paperclip.gxl.ai/citations/papers/127759449;https://paperclip.gxl.ai/citations/papers/127009366
895,OGT719,"Sharma, Ricky A.; Eatock, Martin M.; Twelves, Christopher J.; Brown, Gill; McLelland, Heather R.; Clayton, Kathryn T.; O'Byrne, Kenneth J.; Moyses, Chris; Carmichael, James; Steward, William P.  Bioavailability study of oral and intravenous OGT 719, a novel nucleoside analogue with preferential activity in the liver. Cancer Chemother. Pharmacol. 2001, 48, 197-201.",11592340,,140975297,100.0,0,1 of 1 distinct cited papers matched in Paperclip.,https://paperclip.gxl.ai/citations/papers/140975297
896,Olcegepant,"Iovino M, Feifel U, Yong CL, Wolters JM, and Wallenstein G (2004) Safety, tolerability and pharmacokinetics of BIBN 4096 BS, the first selective small molecule calcitonin gene-related peptide receptor antagonist, following single intravenous administration in healthy volunteers.    Cephalalgia 24: 645-56.",15265053,,134829008,100.0,0,1 of 1 distinct cited papers matched in Paperclip.,https://paperclip.gxl.ai/citations/papers/134829008
897,Oleandomycin,"Duthu G S. Interspecies correlation of the pharmacokinetics of erythromycin, oleandomycin, and tylosin. J Pharm Sci, 1985, 74(9), 943-946. ",4067847,,122517980,100.0,0,1 of 1 distinct cited papers matched in Paperclip.,https://paperclip.gxl.ai/citations/papers/122517980
898,Oliceridine,"David G. Soergel, Ruth Ann Subach,   Brian Sadler,  John Connell,  Alan S. Marion,  Conrad L. Cowan,  Jonathan D. Violin,  Michael W. Lark. First Clinical Experience With TRV130:
Pharmacokinetics and Pharmacodynamics in Healthy Volunteers.J. of Clin.Pharmacol. 2014, 54, 351-357.",24122908,,76995345,100.0,0,1 of 1 distinct cited papers matched in Paperclip.,https://paperclip.gxl.ai/citations/papers/76995345
899,Olmesartan,"Lee R. Schwocho and Harvey N. Masonson. Pharmacokinetics of CS-866, a New Angiotensin II Receptor Blocker, in Healthy Subjects. Journal of Clinical Pharmacology, 2001;41:515-527",11361048,,138832828,100.0,0,1 of 1 distinct cited papers matched in Paperclip.,https://paperclip.gxl.ai/citations/papers/138832828
900,Olodaterol,203108Orig1s000 CLINICAL PHARMACOLOGY AND BIOPHARMACEUTICS REVIEW(S) FDA report. Accessed March 5 2016. http://www.accessdata.fda.gov/drugsatfda_docs/nda/2014/203108Orig1s000ClinPharmR.pdf,,,,,,No identifiable paper citations; non-paper sources excluded.,
901,Olprinone,"QIN Yong-ping，MIAO Jia，MEI Ya-jun, WANG Ying，NAN Feng，ZHU Xiao-hong, XIANG Jin，SHU Shi-qing，YU Qin，LI Mei，LIANG Mao-zhi. Pharmacokinetic study of olprinone hydrochloride injection in healthy volunteers. Chinese Journal of New Drugs 2015, 24(12), 1397-1403. ",,,,0.0,0,0 of 1 distinct cited papers matched in Paperclip. Unmatched citations: Pharmacokinetic study of olprinone hydrochloride injection in healthy volunteers.,
902,Olsalazine,Ryde EM and Ahnfelt NO (1988) The pharmacokinetics of olsalazine sodium in healthy volunteers after a single i.v. dose and after oral doses with and without food.  Eur. J. Clin. Pharmacol. 34: 481-488. ppb: The PDR states:  Olsalazine-S is more than 99% bound to plasma proteins. Its long half-life is mainly due to slow dissociation from the protein binding site. Less than 1% of both olsalazine and olsalazine-S appears undissociated in plasma. Accessed January 6 2015. http://pdr3d.com/detail.php?c=10084#section-4,3203708,,131388846,100.0,0,1 of 1 distinct cited papers matched in Paperclip. 1 non-paper source segment(s) excluded.,https://paperclip.gxl.ai/citations/papers/131388846
903,Omadacycline,"Haiying Sun, Lillian Ting, Surendra Machineni, Jens Praestgaard, Andreas Kuemmell, Daniel S. Stein, Gangadhar Sunkara, Steven J. Kovacs, Stephen Villano, S. Ken Tanaka. Randomized, Open-Label Study of the Pharmacokinetics and Safety of Oral and Intravenous Administration of Omadacycline to Healthy Subjects. Antimicrob. Agents Chemother. 2016, 60, 7431-7435.",27736760,PMC5119026,PMC5119026,100.0,100,1 of 1 distinct cited papers matched in Paperclip.,https://paperclip.gxl.ai/citations/papers/PMC5119026
904,Ombitasvir,http://www.accessdata.fda.gov/drugsatfda_docs/nda/2015/207931Orig1s000ClinPharmR.pdf. Accessed December 19 2016,,,,,,No identifiable paper citations; non-paper sources excluded.,
905,Ombrabulin,"H. Murakami,T. Kurata, Y. Onozawa, J. Watanabe, A. Ono,T. Takahashi, N. Yamamoto, Y. Fujisaka, H. Kiyota, H. Hayashi,K. Tanaka, K. Nakagawa, S. Kuroda. An open‑label, dose‑escalation, safety, and pharmacokinetics
phase I study of ombrabulin, a vascular disrupting agent, administered as a 30‑min intravenous infusion every 3 weeks in Japanese patients with advanced solid tumors. Cancer Chemother Pharmacol (2014) 73:623–630",24477603,PMC3931931,PMC3931931,100.0,100,1 of 1 distinct cited papers matched in Paperclip.,https://paperclip.gxl.ai/citations/papers/PMC3931931
906,Omeprazole,"Regardh CG, Andersson T, Lagerstrom PO, Lundborg P, and Skanberg I (1990) The pharmacokinetics of omeprazole in humans-a study of single intravenous and oral doses.  Ther. Drug Monit. 12: 163-172.  Regardh CG, Gabrielsson M, Hoffman KJ, Lofberg I, and Skanberg I (1985) Pharmacokinetics and metabolism of omeprazole in animals and man--an overview.  Scand. J Gastroent.108(Suppl): 79-94.",2315973;3858978,,121854321;115128971,100.0,0,2 of 2 distinct cited papers matched in Paperclip.,https://paperclip.gxl.ai/citations/papers/121854321;https://paperclip.gxl.ai/citations/papers/115128971
907,Ondansetron,"Pritchard JF, Bryson JC, Kernodle AE, Benedetti TL, and Powell JR (1992) Age and gender effects on ondansetron pharmacokinetics:  evaluation of healthy aged volunteers.  Clin. Pharmacol. Ther. 51: 51-55..  Zofran Product Label.",1531044,,100772631,100.0,0,1 of 1 distinct cited papers matched in Paperclip. 1 non-paper source segment(s) excluded.,https://paperclip.gxl.ai/citations/papers/100772631
908,ONO-4232,"Caroline L.Ward; Virginia Jamieson; Toshiya Nabata; John Sharpe; Koji Dozono; Fumitaka Suto;  Hashimoto; Ihor Gussak. First Clinical Experience with ONO-4232: A Randomized, Double-Blind,Placebo-Controlled Healthy Volunteer Study of a Novel Lusitropic Agent for Acutely Decompensated Heart Failure. Clin. Ther. 2016, 38, 1109-1121.",27001444,,62253668,100.0,0,1 of 1 distinct cited papers matched in Paperclip.,https://paperclip.gxl.ai/citations/papers/62253668
909,OR-1896,"Puttonen, J. Eur. J. Pharm. Sci. 2007, 32, 271-277. 200 ug dose, HPLC analysis on OR-1896 after 14C OR-1896 dose. N=5, average weight 74 kg, VDss = 176 L, Cl reported as 2.0 L/h. ppb from Antila et al. Eur. J. Pharm. Sci. 2004, 23, 213-222.",17888637;15489122,,116051604;134403532,100.0,0,2 of 2 distinct cited papers matched in Paperclip.,https://paperclip.gxl.ai/citations/papers/116051604;https://paperclip.gxl.ai/citations/papers/134403532
910,Org 28611,"Zuurman, L.; Passier, P. C. C. M.; de Kam, M. L.; Kleijn, H. J.; Cohen, A. F.; van Gerven, J. M. A.  Pharmacodynamic and pharmacokinetic effects of the intravenously administered CB1 receptor agonist Org 28611 in healthy male volunteers  Journal of Psychopharmacology (London, United Kingdom) 2009, 23  (6)  633-644.",18635703,,111209866,100.0,0,1 of 1 distinct cited papers matched in Paperclip.,https://paperclip.gxl.ai/citations/papers/111209866
911,Oritavancin,"Gerald J. Fetterly, Christine M. Ong, Sujata M. Bhavnani,Jeffrey S. Loutit, Steven B. Porter, Lisa G. Morello, Paul G. Ambrose, and David P. Nicolau. Pharmacokinetics of Oritavancin in Plasma and Skin Blister Fluid following Administration of a 200-Milligram Dose for 3 Days or a Single 800-Milligram Dose. Antimicr. Agents Chemother. 2005, 49, 148-152.",15616289,PMC538852,132944910,100.0,0,1 of 1 distinct cited papers matched in Paperclip.,https://paperclip.gxl.ai/citations/papers/132944910
912,Ornidazole,"Tolerability,Safety and Pharmacokinetics of ( S) -Ornidazole in Ascending Dose Study in Healthy Chinese Volunteers. ZHAO Ya-nan，WU Pei，SUN Hua，YANG Jing-jing,GUO Yi-yun，LIU Xiao-quan. Chin. Pharm. J. 2011, 46, 454-457. ppb: Schwartz DE, Jeunet F. Comparative pharmacokinetic studies of ornidazole and metronidazole in man. Chemotherapy, 1979, 22, 19-29.",1253627,,106867851,50.0,0,"1 of 2 distinct cited papers matched in Paperclip. Unmatched citations: Tolerability,Safety and Pharmacokinetics of ( S) -Ornidazole in Ascending Dose Study in Healthy Chinese Volunteers. Bibliographic match checked against title, author and pagination at https://pubmed.ncbi.nlm.nih.gov/1253627/.",https://paperclip.gxl.ai/citations/papers/106867851
913,Ortataxel,"N. Ramnath, J. Hamm, G. Schwartz S. Holdenc,S.G. Eckhardt, M.R. Vredenburg,  R.J. Bernacki C. Lathiad, P. Kanter, P.J. CreavenA Phase I and Pharmacokinetic Study
of BAY59: A Novel Taxane. Oncology 2004;67:123–129",15539916,,133694890,100.0,0,1 of 1 distinct cited papers matched in Paperclip.,https://paperclip.gxl.ai/citations/papers/133694890
914,Oseltamivir acid,"He G, Massarella J, and Ward P (1999) Clinical pharmacokinetics of the progrug oseltamivir and its active metabolite Ro 64-0802. Clin. Pharmacokinet. 37: 471-484.",10628898,,128259271,100.0,0,1 of 1 distinct cited papers matched in Paperclip.,https://paperclip.gxl.ai/citations/papers/128259271
915,Otamixaban,"Anne Paccaly, PharmD, Annke Frick, PhD, Shashank Rohatagi, PhD, Jingli Liu, PhD, Umesh Shukla, PhD, Ronald Rosenburg, MD, Markus Hinder, MD, and Bradford K. Jensen, PhD. Pharmacokinetics of Otamixaban, a Direct Factor
Xa Inhibitor, in Healthy Male Subjects: Pharmacokinetic Model Development for Phase 2/3 Simulation of Exposure. J Clin Pharmacol 2006;46:37-44.",16397282,,127782478,100.0,0,1 of 1 distinct cited papers matched in Paperclip.,https://paperclip.gxl.ai/citations/papers/127782478
916,Oxacillin,"Dittert LW, Griffen WO, LaPiana JC, Shainfeld FJ, and Doluisio JT (1969) Pharmacokinetic interpretation of penicillin levels in serum and urine after intravenous administration.  Antimic. Agents Chemother. 42-48.  Bergan T (1984) Pharmacokinetics of beta-lactam antibiotics.  Scand. J. Infect. Dis. 42(Suppl): 83-98.",,,,0.0,0,0 of 2 distinct cited papers matched in Paperclip. Unmatched citations: Pharmacokinetic interpretation of penicillin levels in serum and urine after intravenous administration | Pharmacokinetics of beta-lactam antibiotics.,
917,Oxaliplatin,"Jing Liu, Eric Kraut, Jonathan Bender, Rebecca Brooks, Stanley Balcerzak, Michael Grever, Harriet Stanley, Steven D’Ambrosio Ruth Gibson-D’Ambrosio, Kenneth K. Chan. Pharmacokinetics of oxaliplatin (NSC 266046) alone and in combination with paclitaxel in cancer patients.//ppb: Pendyala, L.; Creaven, P. J. In vitro cytotoxicity, protein binding, red blood cell partitioning, and biotransformation of oxaliplatin. Cancer Research. 1993, 53, 5970-5976.",11976830;8261411,,140985333;189056716,100.0,0,2 of 2 distinct cited papers matched in Paperclip.,https://paperclip.gxl.ai/citations/papers/140985333;https://paperclip.gxl.ai/citations/papers/189056716
918,Oxazepam,"Sonne J, Loft S, Dossing M, Vollmer-Larsen A, Olesen KL, Victor M, Andreasen F, and Andreasen PB (1988) Bioavailability and pharmacokinetics of oxazepam.  Eur. J. Clin. Pharmacol. 35: 385-389.  Lucek RW and Coutinho CB (1976) The role of substituents in the hydrophobic binding of the 1,4-benzodiazepines by human plasma proteins.  Molec. Pharmacol. 12: 612-619.  Desmond PV, Roberts RK,, Wood AJJ, Dunn GD, Wilkinson GR, Schenker S (1980) Effect of heparin administration on plasma binding of benzodiazepines.  Br. J. Clin. Pharmacol. 9: 171-175.",3197746;6101958,PMC1429863,134026871;86842567,66.67,0,"2 of 3 distinct cited papers matched in Paperclip. Unmatched citations: The role of substituents in the hydrophobic binding of the 1,4-benzodiazepines by human plasma proteins.",https://paperclip.gxl.ai/citations/papers/134026871;https://paperclip.gxl.ai/citations/papers/86842567
919,Oxiracetam,"Perucca E, Albrici A, Gatti G, Spalluto R, Visconti M, and Crema A (1984) Pharmacokinetics of oxiracetam following intravenous and oral administration in healthy volunteers.  Eur. J. Drug Metab. Pharmacokinet.  3: 267-274.",6519128,,100170961,100.0,0,1 of 1 distinct cited papers matched in Paperclip.,https://paperclip.gxl.ai/citations/papers/100170961
920,Oxprenolol,"I. D. BRADBROOK, V. A. JOHN, P. J. MORRISON, H. J. ROGERS and R. G. SPECITOR. Pharmacokinetic investigation of the absorption of oxprenolol from Oros delivery systems in healthy volunteers: comparison of in vivo and in vitro drug release. Br. J. Clin. Pharmac. (1985), 19, 163S-169S.  ppb: J W Rigby  A K Scott G M Hawksworth  J C Petrie. A comparison of the pharmacokinetics of atenolol, metoprolol, oxprenolol and propranolol in elderly hypertensive and young healthy subjects. Br. J. Clin. Pharmacol. 1985, 20, 327-331. ppb: Also, fu of 15% reported by Henry JA, Mitchell, SN. Effect of pH on human plasma protein binding of a series of β-adrenoceptor antagonists. British Journal of Clinical Pharmacology  1981 11(1):119-120P",4005118;2866783,PMC1463774;PMC1400877,88342913;86842905,66.67,0,2 of 3 distinct cited papers matched in Paperclip. Unmatched citations: Effect of pH on human plasma protein binding of a series of β-adrenoceptor antagonists.,https://paperclip.gxl.ai/citations/papers/88342913;https://paperclip.gxl.ai/citations/papers/86842905
921,Oxybutynin,"Douchamps J, Derenne F, Stockis A, Gangji D, Juvent M, and Herchuelz A (1988) The pharmacokinetics of oxybutynin in man.  Eur. J. Clin. Pharmacol. 35: 515-520.  Mizushima H, Takanaka K, Abe K, Fukazawa I, and Ishizuka H (2007) Stereoselective pharmacokinetics of oxybutynin and N-desethyloxybutynin in vitro and in vivo. Xenobiotica 37: 59-73.",3234461;17178634,,133150787;121297828,100.0,0,2 of 2 distinct cited papers matched in Paperclip.,https://paperclip.gxl.ai/citations/papers/133150787;https://paperclip.gxl.ai/citations/papers/121297828
922,Oxycodone,"Leow KP, Smith MT, Watt JA, Williams BE, and Cramond T (1992) Comparative oxycodone pharmacokinetics in humans after intravenous, oral, and rectal administration.  Ther. Drug Monit. 14: 479-484.  Leow KP, Wright AWE, Cramond T, and Smith MT (1993) Determination of the serum protein binding of oxycodone and morphine using ultrafiltration.  Ther. Drug Monit. 15: 440-447. ",1485370;8249052,,121212481;121373924,100.0,0,2 of 2 distinct cited papers matched in Paperclip.,https://paperclip.gxl.ai/citations/papers/121212481;https://paperclip.gxl.ai/citations/papers/121373924
923,Oxymatrine,"Xiao-luan Wu, Tai-jun Hang, Jian-ping Shen, Yin-di Zhang. Determination and pharmacokinetic study of oxymatrine and its metabolite matrine in human plasma by liquid chromatography tandem mass spectrometry. Journal of Pharmaceutical and Biomedical Analysis 2006, 41, 918–924.",16500065,,126576723,100.0,0,1 of 1 distinct cited papers matched in Paperclip.,https://paperclip.gxl.ai/citations/papers/126576723
924,Oxytetracycline,"Kunin CM, Darnbush AC, and Finland M (1959) Distribution and excretion of four tetracycline analogs in normal young men.  J. Clin. Invest.  38  1950-1963.",,,,0.0,0,0 of 1 distinct cited papers matched in Paperclip. Unmatched citations: Distribution and excretion of four tetracycline analogs in normal young men.,
925,Paclitaxel,Sonnichsen DS and Relling MV (1994) Clinical pharmacokinetics of paclitaxel.  Clin. Pharmacokinet. 27: 256-269.,,,,0.0,0,0 of 1 distinct cited papers matched in Paperclip. Unmatched citations: Clinical pharmacokinetics of paclitaxel.,
926,Paeoniflorin,"Xiaobing Li  Fuguo Shi, Pan Gua, Lingye Liua, Hua Heb,, Li Dinga. A sensitive LC–MS/MS method for simultaneous determination of amygdalin and paeoniflorin in human plasma and its application.  Journal of Pharmaceutical and Biomedical Analysis 92 (2014) 160–164// ppb: Sun, Bing-ting; Dai, Guo-liang; Zang, Yu-xin; Zhao, Wen-zhu; He, Shu-fen; Zong, Yang; Ju, Wen-zheng; Tan, Heng-shan. Determination of human plasma protein binding rates of three main components in Baixiangdan capsules.Zhongguo Shiyan Fangjixue Zazhi 2016, 22, 68-72.",24525563,,75836928,50.0,0,1 of 2 distinct cited papers matched in Paperclip. Unmatched citations: Determination of human plasma protein binding rates of three main components in Baixiangdan capsules.Zhongguo Shiyan Fangjixue Zazhi.,https://paperclip.gxl.ai/citations/papers/75836928
927,Paliperidone,"Title of Study: Disposition of Paliperidone Enantiomers After Treatment With Different Formulations of the Racemate and the Separate Enantiomers and the Determination of the Absolute Bioavailability of IR and ER OROS Paliperidone.  
Available on ClinicalTrials.gov. http://filehosting.pharmacm.com/DownloadService.ashx?client=CTR_JNJ_6051&studyid=569&filename=CR004216_CSR.pdf. Accessed October 28 2016.",,,,,,No identifiable paper citations; non-paper sources excluded.,
928,Palonosetron,"Stoltz R, Cyong JC, Shah A, and Parisi S (2004) Pharmacokinetic and safety evaluation of palonosetron, a 5-hydroxytryptamine-3 receptor antagonist, in U.S. and Japanese healthy subjects.  J. Clin. Pharmacol. 44: 520-531.   Siddiqui M, Asif A, and Scott LJ.(2004) Palonosetron.    Drugs 64: 1125-1132.",15102873;15139789,,135256338;127742816,100.0,0,"2 of 2 distinct cited papers matched in Paperclip. Bibliographic match checked against title, author and pagination at https://pubmed.ncbi.nlm.nih.gov/15139789/.",https://paperclip.gxl.ai/citations/papers/135256338;https://paperclip.gxl.ai/citations/papers/127742816
929,Pamidronic acid (Pamidronate),"Berenson JR, Rosen L, Vescio R, Lau HS, Woo M, Sioufi A, Kowalski MO, Knight RD, and Seaman JJ (1997) Pharmacokinetics of pamidronate disodium in patients with cancer with normal or impaired renal function.  J. Clin. Pharmacol. 37: 285-290. ppb: P.T. DALEY-YATES, J.C. CAL, A. COCKSHOTT, M. PONGCHAIDECHA and K. GILCHRIST. PLASMA PROTEIN BINDING OF APD: ROLE OF CALCIUM AND TRANSFERRIN. Chem.-Biol. Interactions, 1992, 81, 79-89.",9115053;1730149,,82765874;142058640,100.0,0,2 of 2 distinct cited papers matched in Paperclip.,https://paperclip.gxl.ai/citations/papers/82765874;https://paperclip.gxl.ai/citations/papers/142058640
930,Pancopride,"P. Dewland, A. Perez Campos, and A. Martinez-Tobed, Single Dose Pharmacokinetics and Tolerance of Pancopride in Healthy Volunteers. Arzneim.-Forsch.lDrug Res.  (1995), 45 (I), 177-183.",7710444,,188825487,100.0,0,1 of 1 distinct cited papers matched in Paperclip.,https://paperclip.gxl.ai/citations/papers/188825487
931,Pancuronium,"Caldwell JE, Castagnoli KP, Canfell PC, Fahey MR, Lynam DP, Fisher DM, and Miller RD (1988) Pipecuronium and pancuronium: comparison of pharmacokinetics and duration of action.  Br. J. Anaesth. 61:  693-697.  Wood M, Stone WJ, and Wood AJJ (1983)  Plasma binding of pancuronium:  effects of age, sex, and disease.  Anesth. Analg.  62: 29-32",2849968;6849508,,120583139;188367065,100.0,0,2 of 2 distinct cited papers matched in Paperclip.,https://paperclip.gxl.ai/citations/papers/120583139;https://paperclip.gxl.ai/citations/papers/188367065
932,Panipenem,Saito A (1991) Pharmacokinetics of panipenem/betamipron.  Chemotherapy 39(Suppl. 3)4: 227-235.,,,,0.0,0,0 of 1 distinct cited papers matched in Paperclip. Unmatched citations: Pharmacokinetics of panipenem/betamipron.,
933,Panobinostat,"Sunil Sharma,Joachim Beck, Monica Mita,Sofia Paul, Margaret M. Woo, Margaret Squier, Brian Gadbaw, H. Miles Prince. A phase I dose-escalation study of intravenous panobinostat in patients with lymphoma and solid tumors.Invest New Drugs (2013) 31:974–985//ppb: https://www.accessdata.fda.gov/drugsatfda_docs/label/2015/205353s000lbl.pdf. Accessed June 12 2017.",23377661,,83260664,100.0,0,1 of 1 distinct cited papers matched in Paperclip. 1 non-paper source segment(s) excluded.,https://paperclip.gxl.ai/citations/papers/83260664
934,Pantoprazole,"Pue MA, Laroche J, Meineke I, and deMey C (1993) Pharmacokinetics of pantoprazole following single intravenous and oral administration to healthy male subjects.  Eur. J. Clin. Pharmacol. 44: 575-578.  Huber R; Hartmann M; Bliesath H; Luhmann R; Steinijans V W; Zech K  Pharmacokinetics of pantoprazole in man.    International journal of clinical pharmacology and therapeutics  (1996),  34(1 Suppl),  S7-16",8405016,,124925036,50.0,0,1 of 2 distinct cited papers matched in Paperclip. Unmatched citations: Huber R; Hartmann M; Bliesath H; Luhmann R; Steinijans V W; Zech K Pharmacokinetics of pantoprazole in man.,https://paperclip.gxl.ai/citations/papers/124925036
935,Papaverine,"Garrett ER, Roseboom H, Green JR, and Schuermann W (1978) Pharmacokinetics of papaverine hydrochloride and the biopharmaceutics of its oral dosage forms.  Int. J. Clin. Pharmacol. Biopharm.  16: 193-208.  Berg G, Jonsson KA, Hammar M, and Norlander B (1988) Variable bioavailability of papaverine.  Pharmacol. Toxicol. 62: 308-310.",649238;3413033,,188160903;107601500,100.0,0,2 of 2 distinct cited papers matched in Paperclip.,https://paperclip.gxl.ai/citations/papers/188160903;https://paperclip.gxl.ai/citations/papers/107601500
936,Paricalcitol,"Carr RA, Andre AK, Chen P, Grabowski BA, Chang MS, Locke CS, Williams LA, and Chojkier M (2006) The effect of hepatic insufficiency on the safety and pharmacokinetics of paricalcitol (ZemplarR).  Nephron  103: c100-c105.",16534233,,126089629,100.0,0,1 of 1 distinct cited papers matched in Paperclip.,https://paperclip.gxl.ai/citations/papers/126089629
937,Paritaprevir,http://www.accessdata.fda.gov/drugsatfda_docs/nda/2015/207931Orig1s000ClinPharmR.pdf. Accessed December 19 2016,,,,,,No identifiable paper citations; non-paper sources excluded.,
938,Paroxetine,"Lund J, Thayssen P, Mengel H, Pedersen OI, Kristensen CB, and Gram LF (1982) Paroxetine: pharmacokinetics and cardiovascular effects after oral and intravenous single doses in man.  Acta Pharmacol. Toxicol. 51: 351-357.  Paxil Product Label.",6217723,,100209163,100.0,0,1 of 1 distinct cited papers matched in Paperclip. 1 non-paper source segment(s) excluded.,https://paperclip.gxl.ai/citations/papers/100209163
939,Patupilone,"Forster M et al. A phase Ib and pharmacokinetic trial of Patupilone combined with Carboplatin in patients with advanced cancer. Clin. Cancer Res. 2007, 13(14) ,4178-4184. ppb: slight variation between 10 and 100 ng/mL in ED. From abstract in English. Tan, Qiong; Hong, Jin-chuan; Xu, Zhi-ru; Xiao, Feng; Zhao, Sha-sha; Qin, Yan. Determination of the plasma protein binding rate of epothilone b by lc-​ms. Shijie Linchuang Yaowu (2012), 33(10), 599-603.",17634546,,116714635,50.0,0,1 of 2 distinct cited papers matched in Paperclip. Unmatched citations: Determination of the plasma protein binding rate of epothilone b by lc-​ms.,https://paperclip.gxl.ai/citations/papers/116714635
940,Pazopanib,Pazopanib Hydrochloride - EMA Approval Package. Accessed through Pharmapendium.,,,,,,No identifiable paper citations; non-paper sources excluded.,
941,Pazufloxacin,"Pharmacokinetics of pazufloxacin single dose intravenous in healthy volunteers Qiao Hao-yi， Zhang Hui-lin， Cui Yi-ming，Sun Pei-hong,Zhao Xia, Zhou Yin，Liu Yu-wang and Zhao Dong-fan. Chin. J. Antibiot. 2006, 31, 220-223. Chinese journal zhong guo kang sheng su za zhi//ppb: S. Iwakura, H. Tanimura, K. Murakami. Basic study of regulating factors on the metabolism and biliary transfer of fluoroquinolones. Jap. J. Chemother. 1996, 44, 804-817.",,,,0.0,0,"0 of 2 distinct cited papers matched in Paperclip. Unmatched citations: Pharmacokinetics of pazufloxacin single dose intravenous in healthy volunteers Qiao Hao-yi， Zhang Hui-lin， Cui Yi-ming，Sun Pei-hong,Zhao Xia, Zhou Yin，Liu Yu-wang and Zhao Dong-fan | Basic study of regulating factors on the metabolism and biliary transfer of fluoroquinolones.",
942,Pefloxacin,"Frydman AM, Le Roux Y, Lefebvre MA, Djebbar F, Fourtillan JB, and Gaillot J (1986) Pharmacokinetics of pefloxacin after repeated intravenous and oral administration (400mg bid) in young healthy volunteers.  J. Antimic. Chemother.  17(Suppl B): 65-79.  Bergogne-Berezin E (2002) Clinical role of protein binding of quinolones.  Clin. Pharmacokinet.41: 741-750.",3458699;12162760,,84101413;127009366,100.0,0,2 of 2 distinct cited papers matched in Paperclip.,https://paperclip.gxl.ai/citations/papers/84101413;https://paperclip.gxl.ai/citations/papers/127009366
943,Peldesine,"Viegas TX, Omura GA, Stoltz RR, Kisicki J.Pharmacokinetics and pharmacodynamics of peldesine (BCX-34), a purine nucleoside phosphorylase inhibitor, following single and multiple oral doses in healthy volunteers. J Clin Pharmacol. 2000 Apr;40(4):410-20.",10761169,,138657432,100.0,0,1 of 1 distinct cited papers matched in Paperclip.,https://paperclip.gxl.ai/citations/papers/138657432
944,Pelrinone,"Scatina, J. A.; Hicks, D. R.; Kraml, M.; Cayen, M. N. Metabolic disposition and pharmacokinetics of pelrinone, a new cardiotonic drug, in laboratory animals and man Eur. J. Drug Metab. Pharmacokin. 1990, 15, 37-48.",2384116,,91475769,100.0,0,1 of 1 distinct cited papers matched in Paperclip.,https://paperclip.gxl.ai/citations/papers/91475769
945,Pemetrexed,"Initial Phase I Evaluation of the Novel Thymidylate Synthase Inhibitor, LY231514, Using the Modified Continual Reassessment Method for Dose Escalation D.A. Rinaldi, H.A. Burris, F.A. Dorr, J.R. Woodworth, J.G. Kuhn, J.R. Eckardt, G. Rodriguez, S.W. Corso, S.M. Fields, C. Langley, G. Clark, D. Faries, P. Lu, and D.D. Von . ppb: the PDR states: In vitro studies indicate that pemetrexed is approximately 81% bound to plasma proteins. Binding is not affected by degree of renal impairment. Accessed december 31 2014. http://www.pdr3d.com/detail.php?c=104982#section-13",7595747,,54271909,100.0,0,1 of 1 distinct cited papers matched in Paperclip. 1 non-paper source segment(s) excluded.,https://paperclip.gxl.ai/citations/papers/54271909
946,Penciclovir,"Fowles SF, Pierce DM, Prince WT, and Staniforth D (1992) The tolerance to and pharmacokinetics of penciclovir (BRL 39123A), a novel antiherpes agent, administered by intravenous infusion to healthy subjects.  Eur. J. Clin. Pharmacol. 43: 513-516.  Filer CW, Allen GD, Brown TA, Fowles SE, Hollis FJ, Mort EE, Prince WT, and Ramji JV (1994) Metabolic and pharmacokinetic studies following oral administration of 14C-famciclovir to healthy subjects.  Xenobiotica 24: 357-368.",1336464;8059539,,128250750;106614897,100.0,0,2 of 2 distinct cited papers matched in Paperclip.,https://paperclip.gxl.ai/citations/papers/128250750;https://paperclip.gxl.ai/citations/papers/106614897
947,Penclomedine,"Phase I and Pharmacologic Study of Penclomedine,
a Novel Alkylating Agent, in Patients With Solid Tumors Seamus O'Reilly, Louise B. Grochow, Ross C. Donehower, Tian-Ling Chen, Katherine Bowling, Neil R. Hartman,Robert F. Struck, and Eric K. Rowinsky. Journal of Clinical Oncology, 1997, Vol 15 1974-1984.",,,,0.0,0,"0 of 1 distinct cited papers matched in Paperclip. Unmatched citations: Journal of Clinical Oncology,.",
948,Penehyclidine,"Libo Zhao, Yannan Zang, Yuwen Sun, Zhongn Wei, Shan Jing, Qian Wang,Youzhong An, Yi Fang, Wanyu Feng. Development and validation of an improved HPLC-MS/MS method forcomparative pharmacokinetics of penehyclidine hydrochloridefollowing a single intravenous or intramuscular injection.  J. Chrom. B, 2015, 1004, 37–45.",26444334,,63310818,100.0,0,1 of 1 distinct cited papers matched in Paperclip.,https://paperclip.gxl.ai/citations/papers/63310818
949,"Penicillamine, D-","WALTER R. KUKOVETZ, ECKHARD BEUBLER, FRANZ KREUZIG, ALFRED J. MORITZ,GONTHER NIRNBERGER, and LISBETH WERNER-BREITENECKER. Bioavailability and Pharmacokinetics of D-Penicillamine. J. Rheum. 1983, 10, 90-94.//ppb: M. A. ABOUNASSIF and T. M. JEFFERIES. The determination of D-penicillamine and its disulphide in plasma by reversed-phase ion-pair high-performance liquid chromatography. J. Pharm. Biomed. Anal. 1983, 1, 65-72.",6842492;16867835,,188363590;1369957,100.0,0,2 of 2 distinct cited papers matched in Paperclip.,https://paperclip.gxl.ai/citations/papers/188363590;https://paperclip.gxl.ai/citations/papers/1369957
950,Penicillin G,"Dittert LW, Griffen WO, LaPiana JC, Shainfeld FJ, and Doluisio JT (1969) Pharmacokinetic interpretation of penicillin levels in serum and urine after intravenous administration.  Antimic. Agents Chemother. 9, 42-48.  Malerczyk VV, Ruegenberg W, Seiler KU, and Simon C (1979) Untersuchungen zur konkurrenz verscheidener antibiotika um ihre bindungsstellen an serumeiweissen. Arzneim. Forsch. 29: 169-171.",,,,0.0,0,0 of 2 distinct cited papers matched in Paperclip. Unmatched citations: Pharmacokinetic interpretation of penicillin levels in serum and urine after intravenous administration | Untersuchungen zur konkurrenz verscheidener antibiotika um ihre bindungsstellen an serumeiweissen.,
951,Pentamidine,"Conte JE, Duncan S, McKenna E, and Zurlinden E (1999) Effect of gender and race on the pharmacokinetics of pentamidine in HIV-infected patients.  Clin, Drug Invest. 17: 293-299.   fu from Lombardo et al J. Clin. Pharmacol. 2013, 53(2), 167-177 and 178-191. ppb: Sihyung Yang,Tanja Wenzler,Patrik N. Miller, Huali Wu,David W. Boykin, Reto Brun Michael Zhuo Wang Pharmacokinetic Comparison To Determine the Mechanisms Underlying the Differential Efficacies of Cationic Diamidines against First- and Second-Stage Human African Trypanosomiasis. Antimicrobial Agents and Chemotherapy 2014, 58, 4064-4074",23436262;23436263;24798280,PMC4068519,88092331;88468499;73743506,75.0,0,3 of 4 distinct cited papers matched in Paperclip. Unmatched citations: Effect of gender and race on the pharmacokinetics of pentamidine in HIV-infected patients.,https://paperclip.gxl.ai/citations/papers/88092331;https://paperclip.gxl.ai/citations/papers/88468499;https://paperclip.gxl.ai/citations/papers/73743506
952,Pentazocine,"Ritschel WA, Bykadi G, Hoffmann KA, Norman EJ, Lucker PJ, and Rindt W (1982) Disposition and clinical side effectsof pentazocine when administered day and night.  Arz. Forsch. 32: 64-68.  Ritschel WA, Hoffmann KA, Willig JL, Frederick KA, and Wetzelberger N (1986) The effect of age on the pharmacokinetics of pentazocine.  Meth. Find. Expt. Clin. Pharmacol. 8: 497-503.  Ehrnebo M, Agurell S, Boreus LO, Gordon E, and Lonroth U (1974) Pentazocine binding to blood cells and plasma proteins.  Clin. Pharmacol. Ther. 16: 424-429.",3747643;4415010,,185481657;61455396,66.67,0,2 of 3 distinct cited papers matched in Paperclip. Unmatched citations: Disposition and clinical side effectsof pentazocine when administered day and night.,https://paperclip.gxl.ai/citations/papers/185481657;https://paperclip.gxl.ai/citations/papers/61455396
953,Pentobarbital,"Ehrenbo M (1974) Pharmacokinetics and distribution properties of pentobarbital in humans following oral and intravenous administration.  J. Pharm. Sci. 63: 1114-1118.  Bayliff CD, Schwartz ML, and Hardy BG (1985) Pharmacokinetics of high-dose pentobarbital in severe head trauma.    Clin. Pharmacol. Ther. 38: 457-461.  Ehrnebo M and Odar-Cederlof I (1975) Binding of amobarbital, pentobarbital and diphenylhydantoin to blood cells and plasma proteins in healthy volunteers and uraemic patients.  Eur. J. Clin. Pharmacol. 8: 445-453.",4042529;1233247,,100771849;133277136,66.67,0,2 of 3 distinct cited papers matched in Paperclip. Unmatched citations: Pharmacokinetics and distribution properties of pentobarbital in humans following oral and intravenous administration.,https://paperclip.gxl.ai/citations/papers/100771849;https://paperclip.gxl.ai/citations/papers/133277136
954,Pentostatin,"Pentostatin pharmacokinetics and dosing recommendations in patients with mild renal impairment. Lathia, Chetan; Fleming, Gini F.; Meyer, Mark; Ratain, Mark J.; Whitfield, Lloyd.Cancer Chemother. Pharmacol. 2002,50 (2) 121-126. ppb: The PDR states: The plasma protein binding of pentostatin is low, approximately 4%. Accessed January 8 2015. http://www.pdr3d.com/detail.php?c=21514#section-4",12172976,,140855338,100.0,0,1 of 1 distinct cited papers matched in Paperclip. 1 non-paper source segment(s) excluded.,https://paperclip.gxl.ai/citations/papers/140855338
955,Pentoxifylline,"Beermann B, Ings R, Mansby J, Chamberlain J, and McDonald A (1985) Kinetics of intravenous and oral pentoxifylline in healthy subjects.  Clin. Pharmacol. Ther. 37: 25-28.  Rames A, Poirier JM, LeCoz F, Midavaine M, Lecocq B, Grange JD, Poupon R, Cheymol G, and Jaillon P (1990) Pharmacokinetics of intravenous and oral pentoxifylline in healthy volunteers and in cirrhotic patients.  Clin. Pharmacol. Ther. 47: 354-359.   fu from Lombardo et al J. Clin. Pharmacol. 2013, 53(2), 167-177 and 178-191",3965236;2178853;23436262;23436263,,100771890;100054523;88092331;88468499,100.0,0,4 of 4 distinct cited papers matched in Paperclip.,https://paperclip.gxl.ai/citations/papers/100771890;https://paperclip.gxl.ai/citations/papers/100054523;https://paperclip.gxl.ai/citations/papers/88092331;https://paperclip.gxl.ai/citations/papers/88468499
956,Perampanel,"https://www.accessdata.fda.gov/drugsatfda_docs/nda/2012/202834Orig1s000ClinPharmR.pdf. 
Accessed May 18 2017.",,,,,,No identifiable paper citations; non-paper sources excluded.,
957,Perflutren,"https://www.accessdata.fda.gov/drugsatfda_docs/nda/2001/21-064_Definity_biopharmr.pdf.
 Accessed May 18 2017.",,,,,,No identifiable paper citations; non-paper sources excluded.,
958,Perindoprilat,"Devissaguet JP, Ammoury N, Devissaguet M, and Perret L (1990) Pharmacokinetics of perindopril and its metabolites in healthy volunteers.  Fundam. Clin. Pharmacol. 4: 175-189.  Parker E, Aarons L, Rowland M, and Resplandy G (2005) The pharmacokinetics of perindoprilat in normal volunteers and patients: Influence of age and disease state.  Eur. J. Pharm. Sci. 26: 104-113.",2351367;15982858,,105608086;129803302,100.0,0,2 of 2 distinct cited papers matched in Paperclip.,https://paperclip.gxl.ai/citations/papers/105608086;https://paperclip.gxl.ai/citations/papers/129803302
959,Perphenazine,"Eggert Hansen C, Rosted CT, Elley J, Bolvig Hansen L, Kragh-Sorensen P, Larsen NE, Naestoft J, and Hvidberg  (1976) Clinical pharmacokinetics studies of perphenazine.  Br. J. Clin. Pharmacol. 3: 915-923.  Verbeek RK, Cardinal JA, Hill AG, and Midha KK (1983) Binding of phenothiazine neuroleptics to plasma proteins.  Biochem. Pharmacol. 32: 2565-2570.",6137223,,142055672,50.0,0,1 of 2 distinct cited papers matched in Paperclip. Unmatched citations: Clinical pharmacokinetics studies of perphenazine.,https://paperclip.gxl.ai/citations/papers/142055672
960,Pevonedistat,"John Sarantopoulos, Geoffrey I Shapiro, Roger B Cohen, Jeffrey W Clark, John S Kauh,
Glen J Weiss,  James M Cleary, Devalingam Mahalingam, Michael D Pickard, Helene
Faessel, Allison J Berger, Kristine Burke, George Mulligan, Bruce J Dezube, R Donald
Harvey. Phase I Study of the Investigational NEDD8-activating Enzyme Inhibitor
Pevonedistat (TAK-924/MLN4924) in Patients with Advanced Solid Tumors. Clin. Cancer Res. 2016, 22:847-857.",26423795,,62972136,100.0,0,1 of 1 distinct cited papers matched in Paperclip.,https://paperclip.gxl.ai/citations/papers/62972136
961,PF-05212384 ,"Geoffrey I. Shapiro, Katherine M. Bell-McGuinn, Julian R. Molina, Johanna Bendell, James Spicer, Eunice L. Kwak, Susan S. Pandya, Robert Millham, Gary Borzillo, Kristen J. Pierce, Lixin Han, Brett E. Houk, Jorge D. Gallo, Maria Alsina, Irene Braña, and Josep Tabernero. First-in-Human Study of PF-05212384 (PKI-587), a Small-Molecule, Intravenous, Dual Inhibitor of PI3K and mTOR in Patients with Advanced
Cancer. Clin Cancer Res. 2015, 21, 1888-1895. ",25652454,PMC4508327,70422313,100.0,0,1 of 1 distinct cited papers matched in Paperclip.,https://paperclip.gxl.ai/citations/papers/70422313
962,PF-4776548,"Anthony Harrison, Iain Gardner, Tanya Hay, Maurice Dickins, Kevin Beaumont, Alex Phipps, Lynn Purkins, Gill Allan, Rachelle Christian, Jonathan Duckworth, Ian Gurrell, Sarah Kempshall, Mark Savage, Mark Seymour, Marie Simpson, Louise Taylor, and Paul Turnpenny. Case studies addressing human pharmacokinetic uncertainty using a combination of pharmacokinetic simulation and alternative first in human paradigms. Xenobiotica, 2012; 42(1): 57–74.",21992032,,93629777,100.0,0,1 of 1 distinct cited papers matched in Paperclip.,https://paperclip.gxl.ai/citations/papers/93629777
963,Phenacetin,"Raaflaub J and Dubach UC (1975) On the pharmacokinetics of phenacetin in man.  Eur. J. Clin. Pharmacol.  8: 261-265.  Kurz H, Mauser-Ganshorn A, and Stickel HH (1977) Differences in the binding of drugs to plasma proteins from newborn and adult man. I. Eur. J. Clin. Pharmacol. 11: 463-467.",1233222;891592,,133278145;133277262,100.0,0,2 of 2 distinct cited papers matched in Paperclip.,https://paperclip.gxl.ai/citations/papers/133278145;https://paperclip.gxl.ai/citations/papers/133277262
964,Phenazepam,"Maksutova E L; Sariev A K; Zherdev V P; Voronina T A; Zheleznova E V. The pharmacokinetic characteristics of fenazepam in epileptics. Eksperimental'naia i klinicheskaia farmakologiia. 1994, 57, 16-18.",7911365,,188905383,100.0,0,1 of 1 distinct cited papers matched in Paperclip.,https://paperclip.gxl.ai/citations/papers/188905383
965,Phencyclidine,"Cook CE, Brine DR, Jeffcoat AR, Hill JM, Wall ME, Perez-Reyes M, and Di Guiseppi SR (1982) Phencyclidine disposition after intravenous and oral doses. Clin. Pharmacol. Ther. 31: 625-634.",7075111,,100053121,100.0,0,1 of 1 distinct cited papers matched in Paperclip.,https://paperclip.gxl.ai/citations/papers/100053121
966,Phenethicillin,"Overbosch D, Mattie H, and van Furth R (1985) Comparative pharmacodynamics and clinical pharmacokinetics of phenoxymethylpenicillin and pheneticillin.  Br. J. Clin. Pharmacol.  19: 657-668.  Bergan T (1984) Pharmacokinetics of beta-lactam antibiotics.  Scand. J. Infect. Dis. 42(Suppl): 83-98.",3924086,PMC1463849,86059859,50.0,0,1 of 2 distinct cited papers matched in Paperclip. Unmatched citations: Pharmacokinetics of beta-lactam antibiotics.,https://paperclip.gxl.ai/citations/papers/86059859
967,Phenobarbital,"Wilensky AJ, Friel PN, Levy RH, Confort CP, and Kaluzny SP (1982) Kinetics of phenobarbital in normal subjects an epileptic patients.  Eur. J. Clin. Pharmacol. 23: 87-92.  Kurz H, Mauser-Ganshorn A, and Stickel HH (1977) Differences in the binding of drugs to plasma proteins from newborn and adult man. I. Eur. J. Clin. Pharmacol. 11: 463-467.",7128675;891592,,131711077;133277262,100.0,0,2 of 2 distinct cited papers matched in Paperclip.,https://paperclip.gxl.ai/citations/papers/131711077;https://paperclip.gxl.ai/citations/papers/133277262
968,Phenoperidine,"M. FISCHLER, J. C. LEVRON, H. TRANG, J. F. VAXELAIRE, B. FLAISLER AND G. VOURC'H. PHARMACOKINETICS OF PHENOPERIDINE IN ANAESTHETIZED PATIENTS UNDERGOING GENERAL SURGERY. Br. J. Anaesth. (1985), 57, 872-876",4027103,,120574571,100.0,0,1 of 1 distinct cited papers matched in Paperclip.,https://paperclip.gxl.ai/citations/papers/120574571
969,Phenoxodiol,"Jan B Howes, Paul L de Souza, Leanne West, Li Jiu Huang, Laurence G Howes. Pharmacokinetics of phenoxodiol, a novel isoflavone, following intravenous administration to patients with advanced cancer. BMC Clinical Pharmacology 2011, 11:1-8; doi: 10.1186/1472-6904-11-1",21291562,PMC3045896,PMC3045896,100.0,100,1 of 1 distinct cited papers matched in Paperclip.,https://paperclip.gxl.ai/citations/papers/PMC3045896
970,Phenoxymethylpenicillin,"Overbosch D, Mattie H, and van Furth R (1985) Comparative pharmacodynamics and clinical pharmacokinetics of phenoxymethylpenicillin and pheneticillin.  Br. J. Clin. Pharmacol.  19: 657-668.  Bergan T (1984) Pharmacokinetics of beta-lactam antibiotics.  Scand. J. Infect. Dis. 42(Suppl): 83-98.",3924086,PMC1463849,86059859,50.0,0,1 of 2 distinct cited papers matched in Paperclip. Unmatched citations: Pharmacokinetics of beta-lactam antibiotics.,https://paperclip.gxl.ai/citations/papers/86059859
971,Phenprocoumon,"Haustein KO, Hüller G. Pharmacokinetics of phenprocoumon. International journal of clinical pharmacology and therapeutics, 1994, 32, 192-7",,,,0.0,0,"0 of 1 distinct cited papers matched in Paperclip. Unmatched citations: International journal of clinical pharmacology and therapeutics,.",
972,Phentolamine,"Phentolamine Mesylate - FDA Approval Package
Clinical Pharmacology and Biopharmaceutics Review. Accessed through Pharmapendium.",,,,,,No identifiable paper citations; non-paper sources excluded.,
973,Phenytoin,"Roland Gugler, Carl V. Manion, Daniel L. Azarnoff. Phenytoin: pharmacokinetics and bioavailability. Clin. Pharmacol. Ther. 1976, 19, 145-132//fu (concentration dependent, caverage 2.3 ug.mL). Ulf W Wiegand, Kenneth L. Hintze, John T. Slattery, Gerhard Levy. Protein binding of several drugs in serum and plasma of healthy subjects. Clin. Pharmacol. Ther. 1980, 27, 297-300.",1261151;7357788,,60955455;102767034,100.0,0,2 of 2 distinct cited papers matched in Paperclip.,https://paperclip.gxl.ai/citations/papers/60955455;https://paperclip.gxl.ai/citations/papers/102767034
974,Phylloquinone,"VKORC1-dependent pharmacokinetics of intravenous and oral phylloquinone (vitamin K1) mixed micelles formulation Marinova, Milka; Luetjohann, Dieter; Breuer, Olof; Koelsch, Heike; Westhofen, Philipp; Watzka, Matthias; Mengel, Martin; Stoffel-Wagner, Birgit; Hartmann, Gunther; Coch, Christoph; et al European Journal of Clinical Pharmacology (2013), 69(3), 467-475.",22864379,PMC3572390,PMC3572390,100.0,100,1 of 1 distinct cited papers matched in Paperclip.,https://paperclip.gxl.ai/citations/papers/PMC3572390
975,Physostigmine,"Walter, K.; Mueller, M.; Barkworth, M. F.; Nieciecki, A. V.; Stanislaus, F. Pharmacokinetics of physostigmine in man following a single application of a transdermal system. British Journal of Clinical Pharmacology (1995), 39(1), 59-63// ppb: Unni, Latha K.; Somani, Satu M. Binding of physostigmine to rat and human plasma and crystalline serum albumins.",7756100,PMC1364982,89283141,100.0,0,1 of 1 distinct cited papers matched in Paperclip.,https://paperclip.gxl.ai/citations/papers/89283141
976,Picumast,"Neugebauer G, Wittenbrink-Dix AM, Woelke-Seidl E, Kaufmann B, Ponton T, Dahmen W, Mosberg H, Nieder N, Besenfelder E. Pharmacokinetics of picumast dihydrochloride and its active metabolites M1 and M2 in humans. Arzneimittelforschung. 1989 Oct;39(10A):1336-9.",2576358,,184207347,100.0,0,1 of 1 distinct cited papers matched in Paperclip.,https://paperclip.gxl.ai/citations/papers/184207347
977,Pidotimod," Pharmacokinetics and oral bioavailability of pidotimod in humans 
By Mailland, F.; Coppi, G.; Silingardi, S. 
From Arzneimittel-Forschung (1994), 44(12a), 1465-1469.",7857343,,188883908,100.0,0,1 of 1 distinct cited papers matched in Paperclip.,https://paperclip.gxl.ai/citations/papers/188883908
978,Pimasertib,"Oliver von Richter, Giorgio Massimini, Holger Scheible, Istvan Udvarosand Andreas Johne. Pimasertib, a selective oral MEK1/2 inhibitor: absolute bioavailability, mass balance, elimination route, and metabolite profile in cancer patients. Br. J. Clin. Pharmacol. 2016, 82, 1498-1508.",27483391,PMC5099557,56578247,100.0,0,1 of 1 distinct cited papers matched in Paperclip.,https://paperclip.gxl.ai/citations/papers/56578247
979,Pimobendan,"Chu KM, Shieh SM, and Hu OYP (1995) Plasma and red blood cell pharmacokinetics of pimobendan enantiomers in healthy Chinese.  Eur. J. Clin. Pharmacol. 47: 537-542. ",7768258,,134544666,100.0,0,1 of 1 distinct cited papers matched in Paperclip.,https://paperclip.gxl.ai/citations/papers/134544666
980,Pinacidil,"A. McBURNEY, P. R. FARROW, S. AINSWORTH, J. W. WARD. Serum concentrations and urinary excretion of pinacidil and its major metabolite, pinacidil pyridine-N-oxide following i.v. and oral administration in healthy volunteers. Br. J. clin. Pharmac. (1985), 19, 91-94.//ppb: Ward, J. W.; McBurney, A.; Farrow, P. R.; Sharp, P. Pharmacokinetics and hypotensive effect in healthy volunteers of pinacidil, a new potent vasodilator. Eur. J. Clin. Pharmacol. 1984,  26, 603-608.",3978025;6468476,PMC1463795,88342876;133156074,100.0,0,2 of 2 distinct cited papers matched in Paperclip.,https://paperclip.gxl.ai/citations/papers/88342876;https://paperclip.gxl.ai/citations/papers/133156074
981,Pindolol,"Lavene D, Weiss YA, Safar ME, Loria Y, Agorus H, Georges D, and Milliez PL (1977) Pharmacokinetics and hepatic extraction ratio of pindolol in hypertensive patients with normal and impaired renal function.  J. Clin. Pharmacol. 17: 501-508.  Henry JA and Mitchell SN (1981) Effect of pH on human plasma protein binding of a series of .beta.-adrenoceptor antagonists. Br. J. Clin. pharmacol. 11: 119P-120P. ",893736,,81740080,50.0,0,1 of 2 distinct cited papers matched in Paperclip. Unmatched citations: Effect of pH on human plasma protein binding of a series of .beta.-adrenoceptor antagonists.,https://paperclip.gxl.ai/citations/papers/81740080
982,Pinocembrin,"Determination of pinocembrin in human plasma by solid-phase extraction and LC/MS/MS: application to pharmacokinetic studies Bei Yan, Guoying Cao, Taohua Sun, Xi Zhao, Xin Hu, Jiling Yan, Yueying Peng, Aixin Shi, Yang Li, Wei Xue, Min Lia, Kexin Li*and Yingfa Liu*. Biomedical Chromatography, April 2014. (wileyonlinelibrary.com) DOI 10.1002/bmc.3186.",24733513,,76405050,100.0,0,1 of 1 distinct cited papers matched in Paperclip.,https://paperclip.gxl.ai/citations/papers/76405050
983,Pipecuronium,"D'Honneur G, Khalil M, Dominique C, Haberer JP, Kleef UW, and Duvaldestin P (1993) Pharmacokinetics and pharmacodynamics of pipercuronium in patients with cirrhosis.  Anesth. Analg. 77: 1203-1206.  Szeleczky G, Ronai-Lukacs S, and Vereczkey L (1984) Protein-binding of pipecuronium bromide (Arduan) in human plasma.  Stud. Org. Chem.  18: 251-254.",8250313,,189051916,50.0,0,1 of 2 distinct cited papers matched in Paperclip. Unmatched citations: Protein-binding of pipecuronium bromide (Arduan) in human plasma.,https://paperclip.gxl.ai/citations/papers/189051916
984,Pipemidic acid,"R. CADORNIGA, S. NEGRO, I. MOLINA, J. A. GUTIERREZ. Estudio farmacocinetico del acido pipemidico trihidrato despues de su administracion en perfusion. An. Real Acad. Farm. 1987,53: 585-595//ppb: Shimizu M, Nakamura S, Takase Y, Kurobe N. Pipemidic acid: absorption, distribution, and excretion. Antimicrob Agents Chemother. 1975, 7,441-446.",1147580,PMC429159,89307144,50.0,0,"1 of 2 distinct cited papers matched in Paperclip. Unmatched citations: R. CADORNIGA, S. NEGRO, I. MOLINA, J. A. GUTIERREZ. Estudio farmacocinetico del acido pipemidico trihidrato despues de su administracion en perfusion. An. Real Acad. Farm..",https://paperclip.gxl.ai/citations/papers/89307144
985,Piperacillin,"De Schepper PJ, Tjandramaga TB, Mullie A, Verbesselt R, van Hecken A, Verberckmoes R, and Verbist L (1982) Comparative pharmacokinetics of piperacillin in normals and in patients with renal failure.  J. Antimic. Chemother. 9(Suppl B) 49-57. Tjandramaga TB, Mullie A, Verbesselt R, De Schepper PJ, and Verbist L (1978) Piperacillin: human pharmacokinetics after intravenous and intramuscular administration.  Antimic. Agents Chemother. 14: 829-837.   Bergan T (1984) Pharmacokinetics of beta-lactam antibiotics.  Scand. J. Infect. Dis. 42(Suppl): 83-98.",742871,PMC352565,87677347,33.33,0,1 of 3 distinct cited papers matched in Paperclip. Unmatched citations: Comparative pharmacokinetics of piperacillin in normals and in patients with renal failure | Pharmacokinetics of beta-lactam antibiotics.,https://paperclip.gxl.ai/citations/papers/87677347
986,Piperphentonamine," Determination of piperphentonamine and metabolites M1 and M6 in human plasma and urine by LC/MS/MS and its application in a pharmacokinetics study in Chinese healthy volunteersFull Text By Shi, Aixin; Hu, Xin; Li, Kexin; Li, Jian; Han, Liping; Wan, Huayin; Li, Rubing 
Journal of Chromatography, B: Analytical Technologies in the Biomedical and Life Sciences (2012), 908, 87-93",23122405,,85686080,100.0,0,1 of 1 distinct cited papers matched in Paperclip.,https://paperclip.gxl.ai/citations/papers/85686080
987,Pirarubicin,"Dominique Marchiset-Leca,  Francois-Ren, Leca Anne Galeani, Alex Noble, Jacques Catalin Pharmacokinetics and metabolism of pirarubicin in humans: correlation with pharmacodynamics Cancer Chemother Pharmacol (1995) 36:239 243, 1995",7781145,,133506646,100.0,0,1 of 1 distinct cited papers matched in Paperclip.,https://paperclip.gxl.ai/citations/papers/133506646
988,Pirenzepine,"Krakamp B, Tanswell P, Vogel H, Bosler G (1989). Steady-state intravenous pharmacokinetics of pirenzepine in patients with differing degrees of renal dysfunction. Eur. J. Clin. Pharmacol. 36, 75-78.",2917593,,133276801,100.0,0,1 of 1 distinct cited papers matched in Paperclip.,https://paperclip.gxl.ai/citations/papers/133276801
989,Piretanide,"Trenk D, Wagner F, Jaehnchen E, Spahn H, and Mutschler E (1987) Pharmacokinetics and bioavailability of piretanide in healthy volunteers following intramuscular administration. Arz.Forsch. 37: 1382-1385.  Elliott HL, Ansari AF, Campbell BC, and Lawrence JR (1982) Protein binding of piretanide in normal and uremic serum.  Eur. J. Clin. Pharmacol. 21: 311-313. ",3449067;7056276,,185187885;133137304,100.0,0,2 of 2 distinct cited papers matched in Paperclip.,https://paperclip.gxl.ai/citations/papers/185187885;https://paperclip.gxl.ai/citations/papers/133137304
990,Piritramide,"Keitzmann D, Briede I, Bouillon T, Gundert-Remy U, and Kettler D (1996) Pharmacokinetics of piritramide after and intravenous bolus in surgical patients.  Acta Anaesthesiol. Scand.  40: 898-903.",8908225,,110897823,100.0,0,1 of 1 distinct cited papers matched in Paperclip.,https://paperclip.gxl.ai/citations/papers/110897823
991,Pirmenol,"Hammill SC, Shand DG, Routledge PA. Hindman MC, Baker JT, and Pritchett ELC (1982) Pirmenol, a new antiarrhythmic agent:  initial study of efficacy, safety and pharmacokinetics.  Circulation 65: 369-375,  ",7053896,,97472187,100.0,0,1 of 1 distinct cited papers matched in Paperclip.,https://paperclip.gxl.ai/citations/papers/97472187
992,Piroximone,"J. P. FAUVEL, N. BERNARD, M. LAVILLE, N. POZET, J. SASSARD, P. Y. ZECH. Pharmacokinetics of piroximone after oral and intravenous administration to patients with renal insufficiency. Br J clin Pharmac 1995; 39: 187-189.",7742160,PMC1364959,87408107,100.0,0,1 of 1 distinct cited papers matched in Paperclip.,https://paperclip.gxl.ai/citations/papers/87408107
993,Pitavastatin,Pitavastatin Calcium - FDA Approval Package Clinical Pharmacology and Biopharmaceutics Review 022363/S-000 Part 01. Accessed via Pharmapendium.,,,,,,No identifiable paper citations; non-paper sources excluded.,
994,Pixantrone,"A Phase I and Pharmacokinetic Study of the Novel Aza-Anthracenedione Compound BBR 2778 in Patients with Advanced Solid Malignancies. Sandrine Faivre, Eric Raymond,1 Valerie Boige, Michel Gatineau, Xavier Buthaut, Olivier Rixe, Alberto Bernareggi, Gabriella Camboni, and Jean-Pierre Armand. Clin Cancer Res 2001;7:43-50",11205916,,180153934,100.0,0,1 of 1 distinct cited papers matched in Paperclip.,https://paperclip.gxl.ai/citations/papers/180153934
995,PK11195,"A. FERRY, P. JAILLON, B. LECOCQ, V. LECOCQ and C. JOZEFCZAK. PHARMACOKINETICS AND EFFECTS ON EXERCISE HEART RATE
OF PK 11195 (52028 RP), AN ANTAGONIST OF PERIPHERAL BENZODIAZEPINE RECEPTORS, IN HEALTHY VOLUNTEERS. Fundam. Clin. Pharmacol., 3 (1989) 383-392",2553568,,105318517,100.0,0,1 of 1 distinct cited papers matched in Paperclip.,https://paperclip.gxl.ai/citations/papers/105318517
996,Plazomicin,"Robert T. Cass, Carter D. Brooks,Nancy A. Havrilla, Kenneth J. Tack, Marie T. Borin, Don Young, and Jon B. Bruss. Pharmacokinetics and Safety of Single and Multiple Doses of ACHN-490 Injection Administered Intravenously in Healthy Subjects. Antimicr. Agents Chemother. 2011, 55, 5874-5880.",21911572,PMC3232771,94755693,100.0,0,1 of 1 distinct cited papers matched in Paperclip.,https://paperclip.gxl.ai/citations/papers/94755693
997,Plinabulin,"Phase 1 First-in-Human Trial of the Vascular Disrupting Agent Plinabulin (NPI-2358) in Patients with Solid Tumors or Lymphomas. Monica M. Mita, Matthew A. Spear, Lorrin K. Yee, Alain C. Mita, Elisabeth I. Heath,Kyriakos P. Papadopoulos, Kristine C. Federico, Steven D. Reich, Ofelia Romero,Lisa Malburg, MaryJo Pilat, G. Kenneth Lloyd, Saskia T.C. Neuteboom, Gillian Cropp,
Edward Ashton, and Patricia M. LoRusso. Clin Cancer Res 2010;16:5892-5899",21138873,,98685771,100.0,0,1 of 1 distinct cited papers matched in Paperclip.,https://paperclip.gxl.ai/citations/papers/98685771
998,Plitidepsin,"Izquierdo MA, Bowman A, García M, Jodrell D, Martinez M, Pardo B, Gómez J, López-Martin JA, Jimeno J, Germá JR, Smyth JF. Phase I clinical and pharmacokinetic study of plitidepsin as a 1-hour weekly intravenous infusion in patients with advanced solid tumors. Clin. Cancer Res. 2008, 14, 3105-12.",18483378,,112115989,100.0,0,1 of 1 distinct cited papers matched in Paperclip.,https://paperclip.gxl.ai/citations/papers/112115989
999,PNU-145156E,"Groen HJM, deVries EGE, Wynendaele W, van der Graaf WTA, Fokkema W, Lechuga MJ, Poggesi T, Dirix LY, and van Oosterom AT (2001) PNU-145156E, a novel angiogenesis inhibitor, in patients with solid tumors: a phase I and pharmacokinetic study.  Clin. Canc. Res.  7: 3928-3933.",11751484,,180343592,100.0,0,1 of 1 distinct cited papers matched in Paperclip.,https://paperclip.gxl.ai/citations/papers/180343592
1000,Ponesimod,"Margaux Boehler, Pierre-Eric Juif, Matthias Hoch, Jasper Dingemanse. Absolute Bioavailability of Ponesimod, a Selective S1P1 Receptor Modulator, in Healthy Male Subjects. Eur J Drug Metab Pharmacokinet. Published ahead of print. Online: February 16 2016. doi:10.1007/s13318-016-0325-6",26883438,,60095378,100.0,0,1 of 1 distinct cited papers matched in Paperclip.,https://paperclip.gxl.ai/citations/papers/60095378
1001,Posaconazole,"Johan Maertens, Oliver A. Cornely, Andrew J. Ullmann, Werner J. Heinz, Gopal Krishna, Hernando Patino, Maria Caceres, Nicholas Kartsonis, Hetty Waskin, Michael N. Robertson. Phase 1B Study of the Pharmacokinetics and Safety of Posaconazole Intravenous Solution in Patients at Risk for Invasive Fungal Disease. Antimicrobial Agents and Chemotherapy, 2014, 58, 3610-3617. ppb: Anders Lignell,Elisabeth Löwdin, Otto Cars, Erja Chryssanthou, and Jan Sjölin. Posaconazole in Human Serum: a Greater Pharmacodynamic Effect than Predicted by the Non-Protein-Bound Serum Concentration. ANTIMICROBIAL AGENTS AND CHEMOTHERAPY, 2011, 55, 3099–3104. ",24733463;21502622,PMC4068540;PMC3122448,74652533;98448216,100.0,0,2 of 2 distinct cited papers matched in Paperclip.,https://paperclip.gxl.ai/citations/papers/74652533;https://paperclip.gxl.ai/citations/papers/98448216
1002,PR-104,"A phase I trial of PR-104, a pre-prodrug of the bioreductive prodrug PR-104A, given weekly to solid tumour patients Mark J McKeage, Yongchuan Gu, William R Wilson, Andrew Hill, Karen Amies, Teresa J Melink and Michael B Jameson. BMC Cancer 2011, 11:432.",21982454,PMC3205073,PMC3205073,100.0,100,1 of 1 distinct cited papers matched in Paperclip.,https://paperclip.gxl.ai/citations/papers/PMC3205073
1003,Practolol,"Tjandramaga TB, Altered Pharmacokinetics of beta-Adrenoreceptor Blocking Drugs in Patients with Renal Insuffency. Archives Internationales de Pharmacodynamie et de Therapie 1980, Suppl., Pages 38-53. ppb: reported by Henry JA, Mitchell, SN. Effect of pH on human plasma protein binding of a series of β-adrenoceptor antagonists. British Journal of Clinical Pharmacology  1981 11(1):119-120P",6106457,,187971874,50.0,0,1 of 2 distinct cited papers matched in Paperclip. Unmatched citations: Effect of pH on human plasma protein binding of a series of β-adrenoceptor antagonists.,https://paperclip.gxl.ai/citations/papers/187971874
1004,Pralatrexate (R),"Shakun M. Malik, Ke Liu, Xu Qiang, Rajeshwari Sridhara, Shenghui Tang, W. David McGuinn, Jr.,S. Leigh Verbois, Anshu Marathe, Gene M. Williams, Julie Bullock, Christoffer Tornoe, Sue Ching Lin,Terrance Ocheltree, Milinda Vialpando, Alice Kacuba, Robert Justice, and Richard Pazdur.Folotyn (Pralatrexate Injection) for the Treatment of Patients with Relapsed or Refractory Peripheral T-Cell Lymphoma: U.S. Food and Drug Administration Drug Approval Summary Clin Cancer Res 2010, 16, 4921-4927",20739433,,99913463,100.0,0,1 of 1 distinct cited papers matched in Paperclip.,https://paperclip.gxl.ai/citations/papers/99913463
1005,Pralatrexate (S),"Shakun M. Malik, Ke Liu, Xu Qiang, Rajeshwari Sridhara, Shenghui Tang, W. David McGuinn, Jr.,S. Leigh Verbois, Anshu Marathe, Gene M. Williams, Julie Bullock, Christoffer Tornoe, Sue Ching Lin,Terrance Ocheltree, Milinda Vialpando, Alice Kacuba, Robert Justice, and Richard Pazdur.Folotyn (Pralatrexate Injection) for the Treatment of Patients with Relapsed or Refractory Peripheral T-Cell Lymphoma: U.S. Food and Drug Administration Drug Approval Summary Clin Cancer Res 2010, 16, 4921-4927",20739433,,99913463,100.0,0,1 of 1 distinct cited papers matched in Paperclip.,https://paperclip.gxl.ai/citations/papers/99913463
1006,Pralidoxime,"Toxogonin and Pralidoxime: Kinetic Comparison after Intravenous Administration to Man FREDERICK R. SIDELL’, WILLIAM A. GROFF, and ANDRIS KAMINSKIS. J. Pharm. Sci. 1972, 61, 1765-1769. ppb: The PDR states: Pralidoxime chloride is not bound to plasma protein. Accessed January 8 2015. http://www.pdr3d.com/detail.php?c=33217#section-3",,,,0.0,0,0 of 1 distinct cited papers matched in Paperclip. 1 non-paper source segment(s) excluded. Unmatched citations: Toxogonin and Pralidoxime: Kinetic Comparison after Intravenous Administration to Man FREDERICK R.,
1007,Pramipexole,Pramipexole Dihydrochloride - FDA Approval Package Pharmacology Review 020667/S-000 Part 07. Accessed through Pharmapendium. Ppb: The PDR states: It is about 15% bound to plasma proteins. Pramipexole distributes into red blood cells as indicated by an erythrocyte-to-plasma ratio of approximately 2. http://www.pdr3d.com/detail.php?c=123930#section-19. Accessed January 2 2015.,,,,,,No identifiable paper citations; non-paper sources excluded.,
1008,Pramlintide,"Pharmacokinetics and Pharmacodynamics of AC137 (25,28,29 Tripro-amylin, Human) after intravenous bolus and infusion doses in patients with insuline-dependent diabetes. W. A. Colburn, Gottlieb, AB, Koda J., Koltermann, OG. J. Clin. Pharmacol. 1996, 36, 13-24. ppb: The PDR states: SYMLIN does not extensively bind to red blood cells or albumin (approximately 40% of the drug is unbound in plasma). Accessed January 8 2015. http://www.pdr3d.com/detail.php?c=133005#section-14",8932539,,84140648,100.0,0,1 of 1 distinct cited papers matched in Paperclip. 1 non-paper source segment(s) excluded.,https://paperclip.gxl.ai/citations/papers/84140648
1009,Pravastatin ,"Singhvi SM, Pan HY, Morrison RA, and Willard DA (1990) Dispositon of pravastatin sodium, a tissue-selective HMG-CoA reductase inhibitor, in healthy subjects.  Br. J. Clin. Pharmacol. 29: 239-243.  Quion JA and Jones PH (1994) Clinical pharmacokinetics of pravastatin.  Clin. Pharmacokinet. 27: 94-103.",2106337,PMC1380090,86713710,50.0,0,1 of 2 distinct cited papers matched in Paperclip. Unmatched citations: Clinical pharmacokinetics of pravastatin.,https://paperclip.gxl.ai/citations/papers/86713710
1010,Prazosin,"Meredith PA, Elliott HL, Kelman AW, and Reid JL (1985) Application of pharmacokinetic-pharmacodynamic modelling for the comparison of quinazoline alpha-adrenoreceptor agonists in normotensive volunteers.  J. Cardiovasc. Pharmacol. 7: 532-537.  Vanholder R, Van Landschoot N, De Smet R, Schoots A, and Ringoir S (1988) Drug protein binding in chronic renal failure: evaluation of nine drugs.  Kidney Int. 33: 996-1004.",2410686;3392889,,109621835;118632730,100.0,0,2 of 2 distinct cited papers matched in Paperclip.,https://paperclip.gxl.ai/citations/papers/109621835;https://paperclip.gxl.ai/citations/papers/118632730
1011,Prednisolone,"Rose JQ, Yurchak AM, Meikle AW, and Jusko WJ (1981) Effect of smoking on prednisone, prednisolone, and dexamethasone pharmacokinetics.  J. Pharmacokinet. Biopharm. 9: 1-14.",7229914,,131710699,100.0,0,1 of 1 distinct cited papers matched in Paperclip.,https://paperclip.gxl.ai/citations/papers/131710699
1012,Prednisone,"Georgitis JW, Flesher KA, and Szefler SJ (1982) Bioavailability assessment of a liquid prednisone preparation.  J. Allerg. Clin. Immunol. 70: 243-247.  Ferry JJ and Wagner JG (1987) The nonlinear pharmacokinetics of prednisone and prednisolone. II. Plasma protein binding of prednisone and prednsolone in rabbit and human plasma.  Biopharm. Drug Dispos. 8: 261-272.",7119300;3593903,,128596721;122640116,100.0,0,2 of 2 distinct cited papers matched in Paperclip.,https://paperclip.gxl.ai/citations/papers/128596721;https://paperclip.gxl.ai/citations/papers/122640116
1013,Prenalterol,"Clarke, A. F.; Jack, D. B.; Kendall, M. J.; Smith, S. R.  The pharmacokinetics of oral and intravenous prenalterol in young, healthy volunteers.    Biopharmaceutics & Drug Disposition  (1986),  7(1),  47-52.  ",3955199,,123890279,100.0,0,1 of 1 distinct cited papers matched in Paperclip.,https://paperclip.gxl.ai/citations/papers/123890279
1014,Prexasertib,"David Hong, Jeffrey Infante, Filip Janku, Suzanne Jones, Ly M. Nguyen, Howard Burris, Aung Naing, Todd M. Bauer, Sarina Piha-Paul, Faye M. Johnson, Razelle Kurzrock, Lisa Golden, Scott Hynes, Ji Lin, Aimee Bence Lin, and Johanna Bendell. Phase I Study of LY2606368, a Checkpoint Kinase 1 Inhibitor, in Patients With Advanced Cancer. J Clin Oncol 2016, 34, 1764-1771.",27044938,PMC5321045,59452528,100.0,0,1 of 1 distinct cited papers matched in Paperclip.,https://paperclip.gxl.ai/citations/papers/59452528
1015,Prifinium bromide,"Noguchi, H.; Tokuma, Y.; Tamura, Y. Pharmacokinetics of prifinium bromide in healthy volunteers. International Journal of Clinical Pharmacology, Therapy and Toxicology (1983), 21(5), 213-217.",6134685,,187985197,100.0,0,1 of 1 distinct cited papers matched in Paperclip.,https://paperclip.gxl.ai/citations/papers/187985197
1016,Prilocaine,"van der Meer AD, Blum AGL, Stienstra R, van Kleef JW, Vletter AA, and Olieman W (1999) Pharmacokinetics of prilocaine after intravenous administration in volunteers: enantioselectivity.  Aneasthesiol. 90: 988-992.",10201668,,137485156,100.0,0,1 of 1 distinct cited papers matched in Paperclip.,https://paperclip.gxl.ai/citations/papers/137485156
1017,Primaquine,"Mihaly GW, Ward SA, Edwards G, Nicholl DD, Orme MLE, and Breckenrodge AM (1985) Pharmacokinetics of primaquine in man.  I.  Studies of the absolute bioavailability and effects of dose size.  Br. J. Clin. Pharmacol.  19: 745-750.",4027117,PMC1463857,88342898,100.0,0,1 of 1 distinct cited papers matched in Paperclip.,https://paperclip.gxl.ai/citations/papers/88342898
1018,Probenecid,"Kartzinel R, Ebert MH, and Chase TN (1976) Intravenous probenecid loading.  Effect on plasma and cerebrospinal fluid probenecid levels and on monoamine metabolites in cerebrospinal fluid.  Neurology 26: 992-996.  Emanuelsson BM, Beermann B, and Paalzow LK (1987) Non-linear elimination and protein binding of probenecid.  Eur. J. Clin. Pharmacol. 32: 395-401.",134293;3609117,,87912595;133156159,100.0,0,2 of 2 distinct cited papers matched in Paperclip.,https://paperclip.gxl.ai/citations/papers/87912595;https://paperclip.gxl.ai/citations/papers/133156159
1019,Procainamide,"Christoff PB, Conti DR, Naylor C, and Jusko WJ (1983) Procainamide disposition in obesity.  Drug Intell. Clin. Pharm. 17: 516-522.  Reidenberg MM, Drayer DE, Levy M, and Warner H (1975) Polymorphic acetylation of procainamide in man.  Clin. Pharmacol. Ther. 17: 722-730",6191939;237647,,58088135;60955430,100.0,0,2 of 2 distinct cited papers matched in Paperclip.,https://paperclip.gxl.ai/citations/papers/58088135;https://paperclip.gxl.ai/citations/papers/60955430
1020,Prochlorperazine,Taylor WB and Bateman DN (1987) Preliminary studies of the pharmacokinetics and pharmacodynamics of prochlorperazine in healthy volunteers.  Br. J. Clin. Pharmacol. 23: 137-142. ,3828192,PMC1386060,86060122,100.0,0,1 of 1 distinct cited papers matched in Paperclip.,https://paperclip.gxl.ai/citations/papers/86060122
1021,Procyclidine,"Whiteman PD, Fowle ASE, Hamilton MJ, Peck AW, Bye A, dean K, and Webster A (1985) Pharmacokinetics and pharmacodynamics of procyclidine in man.  Eur. J. Clin. Pharmacol. 28: 73-78.",3987788,,133855957,100.0,0,1 of 1 distinct cited papers matched in Paperclip.,https://paperclip.gxl.ai/citations/papers/133855957
1022,Promazine,"Koytchev R, Alken RG, Kirkov V, Neshev G, Vagaday M, and Kunter U (1994) Absolute bioverfugbarkeit von chlorpromazin, promazin, und promethazin.  Arz. Forsch. 44: 121-125.  Hu OYP and Curry SH (1989) Stability, human blood distribution and rat tissue localization of promazine and desmonomethylpromazine.  Biopharm. Drug Dispos. 10: 537-548.",2611355,,122047079,50.0,0,"1 of 2 distinct cited papers matched in Paperclip. Unmatched citations: Koytchev R, Alken RG, Kirkov V, Neshev G, Vagaday M, and Kunter U . Absolute bioverfugbarkeit von chlorpromazin, promazin, und promethazin. Arz. Forsch. 44: 121-125.",https://paperclip.gxl.ai/citations/papers/122047079
1023,Promethazine,"Koytchev R, Alken RG, Kirkov V, Neshev G, Vagaday M, and Kunter U (1994) Absolute bioverfugbarkeit von chlorpromazin, promazin, und promethazin.  Arz. Forsch. 44: 121-125.  Quinn J and Calvert R (1976) The disposition of promethazine in man.  J. Pharm. Pharmacol. 28(Suppl.)  59P.  Hu OYP and Curry SH (1989) Stability, human blood distribution and rat tissue localization of promazine and desmonomethylpromazine.  Biopharm. Drug Dispos. 10: 537-548.  Taylor G, Houston JB, Shaffer J, and Mawer G (1983) Pharmacokinetics of promethazine and its sulfoxide metabolite after intravenous and oral administration to man.  Br. J. Clin. Pharmacol. 15: 287-293.",2611355;6849764,PMC1427776,122047079;86061802,50.0,0,"2 of 4 distinct cited papers matched in Paperclip. Unmatched citations: Koytchev R, Alken RG, Kirkov V, Neshev G, Vagaday M, and Kunter U . Absolute bioverfugbarkeit von chlorpromazin, promazin, und promethazin. Arz. Forsch. 44: 121-125 | The disposition of promethazine in man.",https://paperclip.gxl.ai/citations/papers/122047079;https://paperclip.gxl.ai/citations/papers/86061802
1024,Propafenone,"Arboix M, Puigdemont A, Moya A, and Cinca J (1985) Pharmacokinetics of intravenous propafenone in patients with episodes of paroxysmal supraventricular tachycardia.  Meth. Find. Exptl. Clin. Pharmacol. 7: 436-438.  Hollmann M, Brode E, Hotz D, Kaumeier S, and Kerhahn OH (1983) Investigations on the pharmacokinetics of propafenone in man.  Arzn. Forsch. 33: 763-770.  Chan GLY, Axelson JE, Price JDE, McErlane KM, and Kerr CR (1989) In vitro protein binding of propafenone in normal and uremic human sera.  Eur. J. Clin. Pharmacol. 36: 495-499.  Tonn GR, Kerr CR, and Axelson JE (1992) In vitro protein binding of propafenone and 5-hydroxypropafenone in serum, in solutions of isolated serum proteins, and to red blood cells. J. Pharm. Sci. 81: 1098-1103.",4079594;6683556;2753068;1447713,,185743290;188285329;133896342;122643489,100.0,0,4 of 4 distinct cited papers matched in Paperclip.,https://paperclip.gxl.ai/citations/papers/185743290;https://paperclip.gxl.ai/citations/papers/188285329;https://paperclip.gxl.ai/citations/papers/133896342;https://paperclip.gxl.ai/citations/papers/122643489
1025,Propionyl-L-carnitine,"S. Pace, A. Longo,S. Toon, P. Rolan, A. M. Evans. Pharmacokinetics of propionyl-L-carnitine in humans: evidence for saturable tubular reabsorption. Br J Clin Pharmacol, 2000 50, 441-448.",11069438,PMC2014409,140509544,100.0,0,1 of 1 distinct cited papers matched in Paperclip.,https://paperclip.gxl.ai/citations/papers/140509544
1026,Propiverine,"May, Karen; Giessmann, Thomas; Wegner, Danilo; Oertel, Reinhard; Modess, Christiane; Oswald, Stefan; Braeter, Manfred; Siegmund, Werner (2008) Oral absorption of propiverine solution and of the immediate and extended release dosage forms: influence of regioselective intestinal elimination. European Journal of Clinical Pharmacology Volume 64 Issue 11 Pages 1085-1092.//ppb: Meisel, P.; Langner, Steffi; Siegmund W . In-​vitro binding of propiverine hydrochloride and some of its metabolites to serum albumin in man. J. Pharm. Pharmacol., 1997, 49, 270-272.",18626633;9231343,,111326223;96707877,100.0,0,2 of 2 distinct cited papers matched in Paperclip.,https://paperclip.gxl.ai/citations/papers/111326223;https://paperclip.gxl.ai/citations/papers/96707877
1027,Propofol,"Ibrahim A, Park S, Feldman J, Karim A, and Kharasch ED (2002) Effects of parecoxib, a parenteral COX-2-specific inhibitor, on the pharmacokinetics and pharmacodynamics of propofol.  Anesthesiology 96: 88-95.  Servin F, Desmonts JM, Haberer JP, Cockshott ID, Plummer GF, and Farinotti R (1988) Pharmacokinetics and protein binding of propofol in patients with cirrhosis. Anesthesiology 69: 887-891.  Shafer A, Doze VA, Shafer SL, and White PF (1988) Pharmacokinetics and pharmacodynamics of propofol infusions during general anesthesia.  Anesthesiology 69: 348-356.  Costela JL, Jimenez R, Calvo R, Suarez E, and Carlos R (1996) Serum protein binding of propofol in patients with renal failure or hepatic cirrhosis.  Acta Anaesth. Scand. 40: 741-745.",11753007;3264120;3261954;8836272,,137487785;122141487;122697222;109687222,100.0,0,4 of 4 distinct cited papers matched in Paperclip.,https://paperclip.gxl.ai/citations/papers/137487785;https://paperclip.gxl.ai/citations/papers/122141487;https://paperclip.gxl.ai/citations/papers/122697222;https://paperclip.gxl.ai/citations/papers/109687222
1028,Propoxyphene,"Gram LF, Schmidt K, Christensen FN, and Schou J (1984) D-Propoxyphene kinetics in man: significance of a deep third compartment.  Eur. J. Clin. Pharmacol. 26: 749-752.  Giacomini KM, Gibson TP, and Levy G (1978) Plasma protein binding of d-propoxyphene in normal subjects and anephric patients.  J. Clin. Pharmacol. 18: 106-109.",6489415;624774,,133162385;82255030,100.0,0,2 of 2 distinct cited papers matched in Paperclip.,https://paperclip.gxl.ai/citations/papers/133162385;https://paperclip.gxl.ai/citations/papers/82255030
1029,Propranolol,"Henry JA and Mitchell SN (1981) Effect of pH on human plasma protein binding of a series of .beta.-adrenoceptor antagonists.  Br. J. Clin. Pharmacol. 11: 119P-120P.  Cheymol G, Poirier JM, Carrupt PA, Testa B, Weissenburger J, Levron JC, and Snoeck E (1997) Pharmacokinetics of .beta.-adrenoceptor blockers in obese and normal volunteers.  Br. J. Clin. Pharmacol. 43: 563-570. ",9205815,PMC2042788,137856592,50.0,0,1 of 2 distinct cited papers matched in Paperclip. Unmatched citations: Effect of pH on human plasma protein binding of a series of .beta.-adrenoceptor antagonists.,https://paperclip.gxl.ai/citations/papers/137856592
1030,Propylthiouracil,"Kampmann J and Skovsted L (1974) Pharmacokinetics of propylthiouracil.  Acta Pharmacol. Toxicol. 35: 361-369.   Giles HG, Roberts EA, Orrego H, and Sellers EM (1981) Disposition of intravenous propylthiouracil. J. Clin. Pharmacol. 21: 466-471.",4479714;7334138,,100731769;81620094,100.0,0,2 of 2 distinct cited papers matched in Paperclip.,https://paperclip.gxl.ai/citations/papers/100731769;https://paperclip.gxl.ai/citations/papers/81620094
1031,Proquazone,"PETER H. HINDERLING and ANDRÉ ROOS. Pharmacokinetics of the Antirheumatic Proquazone in Healthy Humans. J. Pharm. Sci. 1984, 73, 332-340. //ppb:  Roos, Andre; Hinderling, Peter H. Protein binding and erythrocyte partitioning of the antirheumatic proquazone.  J. Pharm. Sci. 1981, 70, 252-257.",6716240;7264886,,122784181;123904209,100.0,0,2 of 2 distinct cited papers matched in Paperclip.,https://paperclip.gxl.ai/citations/papers/122784181;https://paperclip.gxl.ai/citations/papers/123904209
1032,Proxyphyllin,"M. Kalla, O. Richter, D. Reinhardt. Pharmacokinetics and pharmacodynamics of proxyphylline in asthmatic children. Monatsschrift Kinderheilkunde : Organ der Deutschen Gesellschaft fur Kinderheilkunde. 1985, 133, 520-526.",4047067,,185720392,100.0,0,1 of 1 distinct cited papers matched in Paperclip.,https://paperclip.gxl.ai/citations/papers/185720392
1033,Prucalopride,"Vera J. Van de Velde, Jannie Ausma, Lieve Vandeplassche. I.V. Kinetics and Absolute Oral Bioavailability of Prucalopride. Gastroenterol. 2010,  138, (5), Supplement 1, Page S-230. doi: http://dx.doi.org/10.1016/S0016-5085(10)61047-5",,,,0.0,0,0 of 1 distinct cited papers matched in Paperclip. Unmatched citations: Kinetics and Absolute Oral Bioavailability of Prucalopride.,
1034,Pseudohypericin,"Kerb R, Brockmuller J, Staffeldt B, Ploch M, and Roots I (1996) Single dose and steady-state pharmacokinetics of hypericin and pseudohypericin.  Antimic. Agents Chemother.  40: 2087-2093.",8878586,PMC163478,37036923,100.0,0,1 of 1 distinct cited papers matched in Paperclip.,https://paperclip.gxl.ai/citations/papers/37036923
1035,"Pyrazine, 2-diazohydroxide","Supko J, Balcerzak S P, Kraut E H. Phase I evaluation and pharmacokinetic study of pyrazine-2-diazohydroxide administered as a single bolus intravenous injection in patients with advanced solid tumors. Cancer Res. 1993, 53, 4843-4849.",8402671,,189115057,100.0,0,1 of 1 distinct cited papers matched in Paperclip.,https://paperclip.gxl.ai/citations/papers/189115057
1036,Pyridostigmine,"Aquilonius SM, Eckernaes SA, Hartvig P, Lindstroem B, and Osterman PO (1980) Pharmacokinetics and oral bioavailability of pyridostigmine in man. Eur. J. Clin. Pharmacol. 18: 423-428.  Kornfeld P, Samuels AJ, Wolf RL, and Osserman KE (1970) Metabolism of pyridostigmine-14C in myasthenia gravis.  Evidence for multiple metabolites.  Neurology 20: 634-641.",7439266,,133762202,50.0,0,1 of 2 distinct cited papers matched in Paperclip. Unmatched citations: Metabolism of pyridostigmine-14C in myasthenia gravis.,https://paperclip.gxl.ai/citations/papers/133762202
1037,Pyrimethamine,"Almond DS, Szwandt ISF, Edwards G, Lee MG, and Winstanley PA (2000) Disposition of intravenous pyrimethamine in healthy volunteers.  Antimic. Agents Chemother.  44: 1691-1693.  Cavallito JC, Nichol CA, Brenckman WD, Deangelis RL, Stickney DR, Simmons WS, and Sigel CW (1978) Lipid-soluble inhibitors of dihydrofolate reductase.  I.  Kinetics, tissue distribution, and extent of metabolism of pyrimethamine, metoprine, and etoprine in the rat, dog, and man.  Drug Metab. Dispos. 6: 329-337.  Rudy AC and Poynor WJ (1990) Binding of pyrimethamine to human plasma proteins and erythrocytes.  Pharm. Res. 7: 1055-1060.",10817730;26555;2281036,PMC89934,12028549;184322043;141534726,100.0,0,3 of 3 distinct cited papers matched in Paperclip.,https://paperclip.gxl.ai/citations/papers/12028549;https://paperclip.gxl.ai/citations/papers/184322043;https://paperclip.gxl.ai/citations/papers/141534726
1038,Quercetin,"Ferry DR, Smith A, Malkhandi J, Fyfe DW,DeTakats PG, Anderson D, Baker J, Kerr DJ (1996) Phase I clinical trial of the flavonoid quercetin: Pharmacokinetics and evidence for in vivo tyrosine kinase inhibition. Clin. Cancer Res. 2: 659-668.  Boulton DW, Walle UK, and Walle T (1998) Extensive binding of the bioflavonoid quercetin to human plasma proteins. J. Pharm. Pharmacol. 50: 243-249.  ",9816216;9530994,,189623026;96832994,100.0,0,2 of 2 distinct cited papers matched in Paperclip.,https://paperclip.gxl.ai/citations/papers/189623026;https://paperclip.gxl.ai/citations/papers/96832994
1039,Quinacrine,"Shannon JA, Earle DP, Brodie BB, Taggart JV, and Berliner RW (1944) The pharmacological basis for the rational use of atabrine in the treatment of malaria.  J. Pharmacol. Exp. Ther. 81: 307-330.",,,,0.0,0,0 of 1 distinct cited papers matched in Paperclip. Unmatched citations: The pharmacological basis for the rational use of atabrine in the treatment of malaria.,
1040,Quinaprilat,"Breslin E, Posvar E, Neub M, Trenk D, and Jahnchen E (1996) A pharmacodynamic and pharmacokinetic comparison of intravenous quinaprilat and oral quinapril.  J. Clin. Pharmacol. 36: 414-421.  Accuretic Product Label.",8739020,,82265792,100.0,0,1 of 1 distinct cited papers matched in Paperclip. 1 non-paper source segment(s) excluded.,https://paperclip.gxl.ai/citations/papers/82265792
1041,Quinidine,"Ueda CT, Williamson BJ, and Dzindzio BS (1976) Disposition kinetics of dihydroquinidine following quinidine administration.  Res. Comm. Chem. Path. Pharmacol. 14: 215-225.  Fremstad D, Nilson OG, Stirsein L, Amlie J, and Jacobson S (1979) Pharmacokinetics of quinidine related to protein binding in man.  Eur. J. Clin. Pharmacol. 15: 187-192.  Woo E and Greenblatt DJ (1979) Pharmacokinetic and clinical implications of quinidine protein binding.  J. Pharm. Sci. 68: 465-469.",940955,,189477102,33.33,0,1 of 3 distinct cited papers matched in Paperclip. Unmatched citations: Pharmacokinetics of quinidine related to protein binding in man | Pharmacokinetic and clinical implications of quinidine protein binding.,https://paperclip.gxl.ai/citations/papers/189477102
1042,Quinine,"White NJ, Clinical pharmacokinetics of antimaliria drugs.  Clin. Pharmacokinet.  10: 187-215.  White NJ, Chanthavanich P, Krishna S, Bunch C, and Silamut K (1983) Quinine disposition kinetics.  Br. J. Clin. Pharmacol.  16: 399-403.",6626434,PMC1428039,88342769,50.0,0,"1 of 2 distinct cited papers matched in Paperclip. Unmatched citations: White NJ, Clinical pharmacokinetics of antimaliria drugs.",https://paperclip.gxl.ai/citations/papers/88342769
1043,Quinupristin,"Chevalier P, Rey J, Pasquier O, Rouzier-Panis R, Harding N, and Montay G (2001) Multiple-dose pharmacokinetics and safety of two regimens of quinupristine/dalfopristin (Synercid) in healthy volunteers.  J. Clin. Pharmacol. 41: 404-414.  Bergeron M and Montay G (1997) The pharmacokinetics of quinupristin/dalfopristin in laboratory animals and in humans.  J. Antimic. Chemother. 39(Supp. A): 129-138.  Bearden DT (2004) Clinical pharmacokinetics of quinupristin/dalfopristin.  Clin. Pharmacokinet. 43: 239-252.",11304897;9511077;15005638,,138657482;160272849;126506064,100.0,0,3 of 3 distinct cited papers matched in Paperclip.,https://paperclip.gxl.ai/citations/papers/138657482;https://paperclip.gxl.ai/citations/papers/160272849;https://paperclip.gxl.ai/citations/papers/126506064
1044,R 82913,"De Wit S; Hermans P; Sommereijns B; O'Doherty E; Westenborghs R; van de Velde V; Cauwenbergh G F; Clumeck N. Pharmacokinetics of R 82913 in AIDS patients: a phase I dose-​finding study of oral administration compared with intravenous infusion. Antimicr. Agents Chemother. 1992, 36, 2661-2663.",1482134,PMC245524,87005112,100.0,0,1 of 1 distinct cited papers matched in Paperclip.,https://paperclip.gxl.ai/citations/papers/87005112
1045,Rabeprazole,"Setoyama T, Laurent A, Humphries T, and Hasegawa J (2005) Pharmacokinetics of rabeprazole following single intravenous and oral administration to healthy subjects.  Int. J. Clin. Pharmacol. Ther. 43:  37-42.",15704613,,97509664,100.0,0,1 of 1 distinct cited papers matched in Paperclip.,https://paperclip.gxl.ai/citations/papers/97509664
1046,Raclopride,"MOVIN-OSSWALD G. ; NORDSTRÖM A.-L. ; HAMMARLUND-UDENAES M. ; WAHLEN A. ; FARDE L. Pharmacokinetics of raclopride formulations : influence of prolactin and tolerability in healthy male volunteers. Clin. Pharmacokin. 1992, 22, 152-161.",1551292,,109939337,100.0,0,1 of 1 distinct cited papers matched in Paperclip.,https://paperclip.gxl.ai/citations/papers/109939337
1047,Raloxifene,"Raloxifene Hydrochloride - FDA Approval Package Clinical Pharmacology and Biopharmaceutics Review 020815/S-000. Accessed through Pharmapendium. Ppb: the PDR states: Raloxifene and the monoglucuronide conjugates are highly (95%) bound to plasma proteins. Raloxifene binds to both albumin and α1-acid glycoprotein, but not to sex-steroid binding globulin. http://www.pdr3d.com/detail.php?c=127942#section-14. Accessed January 5 2015.",,,,,,No identifiable paper citations; non-paper sources excluded.,
1048,Raltitrexed,"I Judson, T Maughan, P Beale, J Primrose, P Hoskin, J Hanwell, C Berry, M Walker and F Sutcliffe. Effects of impaired renal function on the pharmacokinetics of raltitrexed (Tomudex ZD1694) British Journal of Cancer (1 998) 78(9). 1188-1193. ppb: Stephen J. Clarke, Philip J. Beale and Laurent P. Rivory. Clinical and Preclinical Pharmacokinetics of Raltitrexed. Clin Pharmacokinet 2000 , 39 (5): 429-443. From the ref. the authors cite own original work and state: Using ultrafiltration, binding was shown to be approximately 95% over a range of plasma concentrations. Therefore the review article data was accepted. ",9820178;11192475,PMC2062997,PMC2062997;127009322,100.0,50,2 of 2 distinct cited papers matched in Paperclip.,https://paperclip.gxl.ai/citations/papers/PMC2062997;https://paperclip.gxl.ai/citations/papers/127009322
1049,Ramelteon,Ramelteon - FDA Approval Package Clinical Pharmacology and Biopharmaceutics Review 021782/S-000. Accessed through Pharmapendium.,,,,,,No identifiable paper citations; non-paper sources excluded.,
1050,Ranitidine,"Chau NP, Zech PY, Pozet N, and Hadj-Aissa A (1982) Ranitidine kinetics in normal subjects.  Clin. Pharmacol. Ther. 31: 770-774.  Van Hecken AM, Tjandramaga TB, Mullie A, Verbesselt R, and De Schepper PJ (1982) Ranitidine: single dose pharmacokinetics and absolute bioavailability in man.  Br. J. Clin. Pharmacol. 14: 195-200.  Smith IL, Ziemniak JA, Bernhard H, Eshelman FN, Martin LE, and Schentag JJ (1984) Ranitidine disposition and systemic availability in hepatic cirrhosis.  Clin. Pharmacol. Ther. 35: 487-494.",6280919;6125204;6323087,PMC1427746,100052921;86842678;100053545,100.0,0,3 of 3 distinct cited papers matched in Paperclip.,https://paperclip.gxl.ai/citations/papers/100052921;https://paperclip.gxl.ai/citations/papers/86842678;https://paperclip.gxl.ai/citations/papers/100053545
1051,Ranolazine,"Ranolazine - FDA Approval Package
Clinical Pharmacology and Biopharmaceutics Review 021526/S-000 Part 05. Accessed through Pharmapendium.",,,,,,No identifiable paper citations; non-paper sources excluded.,
1052,Reboxetine,"Fleishaker JC, Mucci M, Pellizzoni C, and Poggesi I (1999) Absolute bioavailability of reboxetine enantiomers and effect of gender of pharmacokinetics.  Biopharm. Drug Dispos.  20: 53-57.  Hendershot PE, Fleishaker JC, Lin KM, Nuccio ID, and Poland RE (2001) Pharmacokinetics of reboxetine in healthy volunteers with different ethnic descents.  Psychopharmacology 155: 148-53.",10086838;11401003,,143460586;141010474,100.0,0,2 of 2 distinct cited papers matched in Paperclip.,https://paperclip.gxl.ai/citations/papers/143460586;https://paperclip.gxl.ai/citations/papers/141010474
1053,Recainam,"Anderson JL, Reddy P, Myerburg RJ, Waxman HL, and deVane PJ (1993) Antiarrhythmic and pharmacokinetic evaluation of intravenous recainam in patients with frequent ventricular premature complexes and unsustained ventricular tachycardia.  Am. J. Cardiol. 71: 686-694.  Scatina JA, Kimmel HB, Weinstein V, Troy SM, Sisenwine SF, and Cayen MN (1990) Species differences in the pharmacokinetics of recainam, a new antiarrythmic drug.  Biopharm. Drug Dispos. 11: 445-461.",8447266;2207297,,135253916;122047126,100.0,0,2 of 2 distinct cited papers matched in Paperclip.,https://paperclip.gxl.ai/citations/papers/135253916;https://paperclip.gxl.ai/citations/papers/122047126
1054,Regadenoson,"Gordi T, Blackburn B, Lieu H. Regadenoson Pharmacokinetics and Tolerability in Subjects With Impaired Renal Function. J Clin Pharmacol 2007, 47, 825-833",17585115,,117216253,100.0,0,1 of 1 distinct cited papers matched in Paperclip.,https://paperclip.gxl.ai/citations/papers/117216253
1055,Remifentanil,"Egan TD, Lemmens HJM, Fiset P, Hermann DJ, Muir KT, Stanski DR, and Shafer SL (1993) The pharmacokinetics of the new short-acting opioid remifentanil (GI87084B) in healthy adult male volunteers.  Anesthesiology  79: 881-892.  Ultiva Product Label.",7902032,,121692018,100.0,0,1 of 1 distinct cited papers matched in Paperclip. 1 non-paper source segment(s) excluded.,https://paperclip.gxl.ai/citations/papers/121692018
1056,Remikiren,"Kleinbloesem CH, Weber C, Fahrner E, Dellenbach M, Welker H, Schroter V, Belz GG (1993) Hemodynamics, biochemical effects, and pharmacokinetics of the renin inhibitor remikiren in healthy human subjects. Clin. Pharmacol. Ther. 53, 585-592.   fu from Lombardo et al J. Clin. Pharmacol. 2013, 53(2), 167-177 and 178-191",8491068;23436262;23436263,,100055021;88092331;88468499,100.0,0,3 of 3 distinct cited papers matched in Paperclip.,https://paperclip.gxl.ai/citations/papers/100055021;https://paperclip.gxl.ai/citations/papers/88092331;https://paperclip.gxl.ai/citations/papers/88468499
1057,Remimazolam,"Laurie J. Antonik, MD, D. Ronald Goldwater, MD, Gavin J. Kilpatrick, PhD, Gary S. Tilbrook, PhD, and Keith M. Borkett, BSc. A Placebo- and Midazolam-Controlled Phase I Single Ascending-Dose Study Evaluating the Safety, Pharmacokinetics, and Pharmacodynamics of Remimazolam (CNS 7056): Part I. Safety, Efficacy, and Basic Pharmacokinetics. Anesth. Analg. 2012, 115, 274-283.",22190555,,90867281,100.0,0,1 of 1 distinct cited papers matched in Paperclip.,https://paperclip.gxl.ai/citations/papers/90867281
1058,Remoxipride,"Widman M, Nilsson LB, Bryske B, and Lundstroem J (1993) Disposition of remoxipride in different species: species differences in metabolism.  Arz. Forsch. 43: 287-297.  von Bahr C, Movin G, Yisak WA, Jostell KG, and Widman M (199) Clinical pharmacokinetics of remoxipride.  Acta Psych Scand. 358(Suppl) 41-44.",8489555,,189148501,100.0,0,1 of 1 distinct cited papers matched in Paperclip.,https://paperclip.gxl.ai/citations/papers/189148501
1059,Repaglinide,"Hatorp V, Oliver S, and Su CAPF (1998) Bioavailability of repaglinide, a novel antidiabetic agent, administered orally in tablet or solution form or intravenously in healthy male volunteers.  Int. J. Clin. Pharmacol. Ther.  36: 636-641.  Plum A, Muller LK, and Jansen JA (2000) The effects of selected drugs on the in vitro protein binding of repaglinide in human plasma.  Meth. Find. Exp. Clin. Pharmacol. 22: 139-143.",9877000;10893694,,189643790;180060859,100.0,0,2 of 2 distinct cited papers matched in Paperclip.,https://paperclip.gxl.ai/citations/papers/189643790;https://paperclip.gxl.ai/citations/papers/180060859
1060,Repinotan,"Heining R,  Sundaresan P, Shah A and Boettcher M (2005) Effect of Gender and Age on the Pharmacokinetics of Repinotan.  Clin. Drug. Invest. 25: 125-134.  ",17523762,,127009710,100.0,0,1 of 1 distinct cited papers matched in Paperclip.,https://paperclip.gxl.ai/citations/papers/127009710
1061,RGB-286638,"Diane A.J. van der Biessen, Herman Burger, Peter de Bruijn, Cor H.J. Lamers, Nicole Naus, Hannes Loferer, Erik A.C. Wiemer, Ron H.J. Mathijssen, Maja J.A. de Jonge.  Phase I study of RGB-286638, a novel, multi-targeted cyclin-dependent kinase inhibitor in patients with solid tumors. Clin Cancer Res 2014 20(18); 4776–83",25024258,,72322805,100.0,0,1 of 1 distinct cited papers matched in Paperclip.,https://paperclip.gxl.ai/citations/papers/72322805
1062,Ribavirin,"Paroni R, DelPuppo M, Borghi C, Sirtoni CR, and Galli Kienle M (1989) Pharmacokinetics of ribavirin and urinary excretion of the major metabolite 1,2,4-triazole-3-carboxamide in normal volunteers.  Int. J. Clin. Pharmacol. Ther. Toxicol. 27: 302-307.  Preston SL, Drusano GL, Glue P, Nash J, Gupta SK, and McNamara P (1999) Pharmacokinetics and absolute bioavailability of ribavirin in healthy volunteers as determined by stable-isotope methodology.  Antimic. Agents Chemother. 43: 2451-2456.  Morse GD, Shelton MJ, and O'Donnell AM (1993) Comparative pharmacokinetics of antiviral nucleoside analogues.  Clin. Pharmacokinet. 24: 101-123.",2737800;10508023,PMC89499,184428860;36917042,66.67,0,2 of 3 distinct cited papers matched in Paperclip. Unmatched citations: Comparative pharmacokinetics of antiviral nucleoside analogues.,https://paperclip.gxl.ai/citations/papers/184428860;https://paperclip.gxl.ai/citations/papers/36917042
1063,Ribostamycin,"Yamasaku F, Suzuki Y, and Umemura K (1980) Pharmacokinetics of ribostamycin in healthy volunteers and patients with impaired renal function.  Jap. J. Antibiot. 33: 1318-1331.",7241802,,188601299,100.0,0,1 of 1 distinct cited papers matched in Paperclip.,https://paperclip.gxl.ai/citations/papers/188601299
1064,Ridogrel,"De Buck, Stefan S.; Sinha, Vikash K.; Fenu, Luca A.; Nijsen, Marjoleen J.; Mackie, Claire E.; Gilissen, Ron A. H. J. Prediction of human pharmacokinetics using physiologically based modeling: a retrospective analysis of 26 clinically tested drugs. Drug Metabolism and Disposition, 2007, 35(10), 1766-1780.  ",17620347,,117134755,100.0,0,1 of 1 distinct cited papers matched in Paperclip.,https://paperclip.gxl.ai/citations/papers/117134755
1065,Rifabutin,"Skinner MH, Hsieh M, Torseth J, Pauloin D, Bhatia G, Harkonen S, Merigan TC, and Blaschke TF (1989) Pharmacokinetics of rifabutin.  Antimic. Agents Chemoter. 33: 1237-1241.",,,,0.0,0,0 of 1 distinct cited papers matched in Paperclip. Unmatched citations: Pharmacokinetics of rifabutin.,
1066,Rifampin,"Houin G, Beucler A, Richelet S, Brioude R, Lafaix C, and Tillement JP (1983) Pharmacokinetics of rifampicin and desacetylrifampicin in tuberculosis patients after different rates of infusion.  Ther. Drug Monit. 5: 67-72.",6845401,,121212381,100.0,0,1 of 1 distinct cited papers matched in Paperclip.,https://paperclip.gxl.ai/citations/papers/121212381
1067,Rigosertib,"Wen Wee Ma, Wells A. Messersmith, Grace K. Dy, Colin D. Weekes, Amy Whitworth, Chen Ren, Manoj Maniar, Francois Wilhelm, S. Gail Eckhardt, Alex A. Adjei, and Antonio Jimeno Phase I Study of Rigosertib, an Inhibitor of the Phosphatidylinositol 3-Kinase and Polo-like Kinase 1 Pathways, Combined with Gemcitabine in Patients with Solid Tumors and Pancreatic Cancer. Clin Cancer Res 2012; 18: 2048-2055",22338014,,89723607,100.0,0,1 of 1 distinct cited papers matched in Paperclip.,https://paperclip.gxl.ai/citations/papers/89723607
1068,Rilmenidine,"PATRICK  GENISSEL,   NORBERT  BROMET, JEAN  BERNARD  FOURTILLAN,  ALAIN  MIGNOT, HENRI  ALBIN.  Pharmacokinetics of rilmenidine in healthy subjects. Am. J. Cardiol. 1988, 61, D47-D53.",2894158,,136060231,100.0,0,1 of 1 distinct cited papers matched in Paperclip.,https://paperclip.gxl.ai/citations/papers/136060231
1069,Riluzole,"Riluzole - FDA Approval Package
Clinical Pharmacology and Biopharmaceutics Review 020599. Accessed through Pharmapendium.",,,,,,No identifiable paper citations; non-paper sources excluded.,
1070,Rimiducid,"John D. Iuliucci, Stuart D. Oliver,  Steve Morley,  Chris Ward Janet Ward, David Dalgarno, Tim Clackson,  and Harvey J. Berger. Intravenous Safety and Pharmacokinetics of a Novel Dimerizer Drug, AP1903, in Healthy Volunteers. Journal of Clinical Pharmacology 2001, 41, 870-879",11504275,,138832996,100.0,0,1 of 1 distinct cited papers matched in Paperclip.,https://paperclip.gxl.ai/citations/papers/138832996
1071,Riociguat,"Corina Becker, Reiner Frey, Christiane Hesse, Sigrun Unger, Michael Reber, Wolfgang Mück. Absorption of riociguat (BAY 63-2521): bioavailability, food effects,
and dose proportionality. Pulm Circ. 2016 Mar; 6(Suppl 1): S27–S34",27096084,PMC4809663,60772115,100.0,0,1 of 1 distinct cited papers matched in Paperclip.,https://paperclip.gxl.ai/citations/papers/60772115
1072,Risedronic acid (Risedronate),"Mitchell DY, Barr WH, Eusebio RA, Stevens KAP, Duke FP, Russell DA, Nesbitt JD, Powell JH, and Thompson GA (2001) Risedronate pharmacokinetics and intra- and inter-subject variability upon single-dose intravenous and oral administration.  Pharm. Res. 18: 166-170.  See als:  Actonel Product Label. PDR. Accessed July 29 2014. http://www.pdr3d.com/detail.php?c=26372#section-13",11405286,,141610736,100.0,0,1 of 1 distinct cited papers matched in Paperclip. 2 non-paper source segment(s) excluded.,https://paperclip.gxl.ai/citations/papers/141610736
1073,Risperidone,"Huang ML, Van Peer A, Woestenborghs R, De Coster R, Heykants J, Jansen AAI, Zylicz Z, Visscher HW, and Jonkman JHG (1993)  Pharmacokinetics of the novel antipsychotic agent risperidone and the prolactin response in healthy subjects.  Clin. Pharmacol. Ther.  54: 257-268.  Mannens G, Meuldermans W, Snoeck E, and Heykants J (1994) Plasma protein binding of risperidone and its distribution in blood.    Psychopharmacology 114: 566-572.",7690693;7531854,,100772673;127202219,100.0,0,2 of 2 distinct cited papers matched in Paperclip.,https://paperclip.gxl.ai/citations/papers/100772673;https://paperclip.gxl.ai/citations/papers/127202219
1074,Ritanserin,"De Buck, Stefan S.; Sinha, Vikash K.; Fenu, Luca A.; Nijsen, Marjoleen J.; Mackie, Claire E.; Gilissen, Ron A. H. J. Prediction of human pharmacokinetics using physiologically based modeling: a retrospective analysis of 26 clinically tested drugs. Drug Metabolism and Disposition, 2007, 35(10), 1766-1780. ",17620347,,117134755,100.0,0,1 of 1 distinct cited papers matched in Paperclip.,https://paperclip.gxl.ai/citations/papers/117134755
1075,Ritipenem ,". Weighted data for diverse doses and number of patients (N=61) from Table XII (BW 65-80 kg) in Lovering, A. M.; White, L. O.; Lewis, D. A.; MacGowan, A. P.; Routh, K. R.; Pickin, D. M.; Reeves, D. S.  Pharmacokinetics of FCE 22101 in man following different modes of administration.    Journal of Antimicrobial Chemotherapy  (1989),  23(Suppl. C),  179-95; and from Table 2 in Jannuzzo, M. G.; Mandelli, M.; Strolin Benedetti, M.; Moro, E.; Carnovali, M.; Vaiani, R.; Sassella, D.  Pharmacokinetics and tolerance of a new penem antibiotic, FCF 22101, in healthy volunteers after a single intravenous dose.    European Journal of Clinical Pharmacology  (1989),  36(6),  633-635.    fu in Efthymiopoulos, C.; Battaglia, R.; Strolin Benedetti, M.  Animal pharmacokinetics and interspecies scaling of FCE 22101, a penem antibiotic.    Journal of Antimicrobial Chemotherapy  (1991),  27(4),  517-26.",2732141;2776823;1856130,,83971303;133137315;120733195,100.0,0,3 of 3 distinct cited papers matched in Paperclip.,https://paperclip.gxl.ai/citations/papers/83971303;https://paperclip.gxl.ai/citations/papers/133137315;https://paperclip.gxl.ai/citations/papers/120733195
1076,Ritodrine,"Caritis SN, Venkataramanan R, Darby MJ, Chiao JP, and Krew M (1990) Pharmacokinetics of ritodrine administered intravenously: recommendations for changes in the current regimen.  Am. J. Obstet. Gynecol. 162: 429-437.  Gross AS and Brown KF (1985) Plasma protein binding of ritodrine at parturition and in nonpregnant women.  Eur. J. Clin. Pharmacol. 28: 479-481.",2309826;4029253,,81032910;133780899,100.0,0,2 of 2 distinct cited papers matched in Paperclip.,https://paperclip.gxl.ai/citations/papers/81032910;https://paperclip.gxl.ai/citations/papers/133780899
1077,Rivaroxaban,PDR. Prescribing in formation for rivaroxaban. Accessed July 29 2014. http://www.pdr3d.com/detail.php?c=126082#section-14,,,,,,No identifiable paper citations; non-paper sources excluded.,
1078,Rivastigmine,"Polinsky RJ (1998) Clinical pharmacology of rivastigmine: a new-generation acetylcholinesterase inhibitor for the treatment of Alzheimer's disease.  Clin. Ther. 20: 634-647. Hossain M, Jhee SS, Shiovitz T, McDonald C, Sedek G, Pommier F, and Cutler NR (2002) Estimation of the absolute bioavailability of rivastigmine in patients with mild to moderate dementia of the Alzheimer's type.  Clin. Pharmacokinet.  41: 225-234.",9737824;11929322,,170281135;127759337,100.0,0,2 of 2 distinct cited papers matched in Paperclip.,https://paperclip.gxl.ai/citations/papers/170281135;https://paperclip.gxl.ai/citations/papers/127759337
1079,Rizatriptan,"Vyas KP, Halpin RA, Geer LA, Ellis JD, Liu L, Cheng H, Chavez-Eng C, Matuszewski BK, Varga SL, Guiblin AR, and Rogers JD (2000) Disposition and pharmacokinetics of the antimigraine drug, rizatriptan, in humans.  Drug Metab. Dispos. 28: 89-95.  Lee Y, Conroy JA, Stepanavage ME, Mendel CM, Somers G, McLoughlin DA, Olah TV, De Smet M, Keymeulen B, and Rogers JD (1999) Pharmacokinetics and tolerability of oral rizatriptan in healthy male and female volunteers.  Br. J. Clin. Pharmacol.  47: 373-378.  Lee Y, Ermlich SJ, Sterrett AT, Goldberg MR, Blum RA, Brucker MJ, McLoughlin DA, Olah TV, Zhao J, and Rogers JD (1998) Pharmacokinetics and tolerability of intravenous rizatriptan in healthy females.  Biopharm Drug Dispos. 19: 577-581.  Cheng H, Polvino WJ, Sciberras D, Yogendran L, Cerchio KA, Christie K, Olah TV, McLaughlin D, James I, and Rogers JD (1996) Pharmacokinetics and food interaction of MK-462 in healthy males.  Biopharm. Drug Dispos. 17: 17-24.  Hargreaves RJ, Longmore J, Beer M, Shepheard S, Cumberbatch M, Williamson D, Stanton J, Razzaque Z, Sohal B, Street L, Seabrook G, and Hill R (2000) The pharmacology and mechanisms of action of rizatriptan.  Monogr. Clin. Neurosci. 17: 141-161.",10611145;10233200;9872339;8991488,PMC2014236,179967334;140770902;127321378;143895415,80.0,0,"4 of 5 distinct cited papers matched in Paperclip. Unmatched citations: Hargreaves RJ, Longmore J, Beer M, Shepheard S, Cumberbatch M, Williamson D, Stanton J, Razzaque Z, Sohal B, Street L, Seabrook G, and Hill R . The pharmacology and mechanisms of action of rizatriptan. Monogr. Clin. Neurosci. 17: 141-161.",https://paperclip.gxl.ai/citations/papers/179967334;https://paperclip.gxl.ai/citations/papers/140770902;https://paperclip.gxl.ai/citations/papers/127321378;https://paperclip.gxl.ai/citations/papers/143895415
1080,Ro 02-70608,"Youssef Hijazi, , Horst Welker, Albert E. Dorr, Jian-Ping Tang,  Roger Blain Louis M. Renzetti, Richat Abbas. Pharmacokinetics, Safety, and Tolerability of R411, a Dual  4 alpha- 4 beta Integrin Antagonist After Oral Administration at Single andMultiple Once-Daily Ascending Doses in Healthy Volunteers. Youssef Hijazi et al. J Clin Pharmacol 2004;44:1368-1378. ",15545307,,133664680,100.0,0,1 of 1 distinct cited papers matched in Paperclip.,https://paperclip.gxl.ai/citations/papers/133664680
1081,Ro25-6833,"Weidekamm E, Schweizer J, McClelland G, Joubert P, Heizmann P (1995) Pharmacokinetics of the new cephalosporin Ro25-6833 in humans. Abstracts of the 35th Interscience Conference on Antimicrobial Agents and Chemotherapy, 122.; Richter WF, Heizmann P, Meyer J, Starke V, Lave T (1998) Animal pharmacokinetics and interspecies scaling of Ro 25-6833 and related (lactamylvinyl)cephalosporins. J. Pharm. Sci. 87, 496-500. ",9548904,,143718889,50.0,0,1 of 2 distinct cited papers matched in Paperclip. Unmatched citations: Pharmacokinetics of the new cephalosporin Ro25-6833 in humans.,https://paperclip.gxl.ai/citations/papers/143718889
1082,Rocuronium,"Cooper RA, Maddineni VR, Mirakhur RK, Wierda JM, Brady M, and Fitzpatrick KT (1993) Time course of neuromuscular effects and pharmacokinetics of rocuronium bromide (Org 9426) during isoflurane anaethesia in patients with and without renal failure.  Br. J. Anaesth. 71: 222-226.  Roy JJ and Varin F (2004) Physicochemical Br. J. Anaesth. (2000) 85 (5): 717-723. properties of neuromuscular blocking agents and their impact on the pharmacokinetic-pharmacodynamic relationship.  Br. J. Anaesth. 93: 241-248.",8123396,,120236538,,,"1 identifiable cited paper(s) matched in Paperclip; total citation count uncertain. Unmatched citations: properties of neuromuscular blocking agents and their impact on the pharmacokinetic-pharmacodynamic relationship. Percentage omitted: the original reference contains an additional incomplete 2000 journal citation embedded in the 2004 citation, so the total paper count is uncertain.",https://paperclip.gxl.ai/citations/papers/120236538
1083,Rofecoxib,"Rofecoxib - FDA Approval Package
Label 021042/S-000. Accessed Through Pharmapendium.",,,,,,No identifiable paper citations; non-paper sources excluded.,
1084,Roflumilast,"High absolute bioavailability of the new oral phosphodiesterase-4 inhibitor roflumilast T.D. Bethke and G. Lahu. Int. J.of Clin. Pharmacol. and Therapeutics, 2011,  49, 51-57.",21176727,,97634898,100.0,0,1 of 1 distinct cited papers matched in Paperclip.,https://paperclip.gxl.ai/citations/papers/97634898
1085,Rolapitant,"X Wang, ZY Zhang, D Powers, J Wang, S Lu and V Kansra. Rolapitant Absolute Bioavailability and PET Imaging Studies in Healthy Adult Volunteers. Clin. Phramacol. Ther. 2017. Accessed May 12 2017. doi:10.1002/cpt.637.//ppb: https://www.accessdata.fda.gov/drugsatfda_docs/label/2015/206500s000lbl.pdf. Accessed May 12 2017.",28139838,,52810858,100.0,0,1 of 1 distinct cited papers matched in Paperclip. 1 non-paper source segment(s) excluded.,https://paperclip.gxl.ai/citations/papers/52810858
1086,Rolipram,"Pharmacokinetics of ( + )-rolipram and ( - )-rolipram in healthy volunteers W. Krause, G. Ktthne, and N. Sauerbrey. Eur J Clin Pharmacol (1990) 38:71-75.  ppb:  S. G. SUMMERFIELD, A. J. LUCAS, R. A. PORTER, P. JEFFREY, R. N. GUNN, K. R. READ, A. J. STEVENS, A. C. METCALF, M. C. OSUNA, P. J. KILFORD, J. PASSCHIER,  A. D. RUFFOToward an improved prediction of human in vivo brain penetration. Xenobiotica,  2008; 38(12): 1518–1535. Average of (+) and (-) rolipram. Very similar values. ",2328751,,134116304,50.0,0,"1 of 2 distinct cited papers matched in Paperclip. Unmatched citations: S. G. SUMMERFIELD, A. J. LUCAS, R. A. PORTER, P. JEFFREY, R. N. GUNN, K. R. READ, A. J. STEVENS, A. C. METCALF, M. C. OSUNA, P. J. KILFORD, J. PASSCHIER, A. D. RUFFOToward an improved prediction of human in vivo brain penetration. Xenobiotica,.",https://paperclip.gxl.ai/citations/papers/134116304
1087,Rolitetracycline,Dimmling T and Vanderbeke O (1975) Pharmakokinetik oral und intravenos verabreichbarer tetracyclinpraparate.  Med. Klin. 70: 279-285.  Rinati MV and Fleischmann L (1973) Legame con sieroproteine di alcune tetracicline e loro derivati idrosolubili. Cl. Terap. 71: 57-61.,,,,0.0,0,0 of 2 distinct cited papers matched in Paperclip. Unmatched citations: Pharmakokinetik oral und intravenos verabreichbarer tetracyclinpraparate | Rinati MV and Fleischmann L . Legame con sieroproteine di alcune tetracicline e loro derivati idrosolubili. Cl. Terap. 71: 57-61.,
1088,Rolofylline,"Mark Stroh, PhD,Victor Dishy, MD,Waldemar Radziszewski, MD, PhDEunhee Hwang, PhD, Nicole Lazarus-Shipitofsky, PharmD, Howard Dittrich, MD, Amy O. Johnson-Levonas, PhD, Ryan Lutz, MS,
John A. Wagner, MD, PhD, and Eseng Lai, MD, PhD. The Effects of Multiple Doses of Rolofylline on the Single-Dose Pharmacokinetics of Midazolam in Healthy Subjects.American Journal of Therapeutics 17, 53–60 (2010)",20027108,,103357895,100.0,0,1 of 1 distinct cited papers matched in Paperclip.,https://paperclip.gxl.ai/citations/papers/103357895
1089,Romidepsin,"Sandor V, Bakke S, Robey RW, Kang MH, Blagosklonny MV, Bender J, Brooks R, Piekarz RL, Tucker E, Figg WD, Chan KK, Goldspiel B, Fojo AT, Balcerzak SP, and Bates SE (2002) Phase I trial of the histone deacetylase inhibitor, depsipeptide (FR901228, NSC 630176), in patients with refractory neoplasms.Clin. Cancer Res. 8: 718-728. ppb: The PDR states: Romidepsin is highly protein bound in plasma (92% to 94%) over the concentration range of 50 ng/mL to 1000 ng/mL with α1-acid-glycoprotein (AAG) being the principal binding protein. Median of 93% taken. Accessed January 8 2015. http://www.pdr3d.com/detail.php?c=134699#section-13",11895901,,180391686,100.0,0,1 of 1 distinct cited papers matched in Paperclip. 1 non-paper source segment(s) excluded.,https://paperclip.gxl.ai/citations/papers/180391686
1090,Ropinirole,"Ropinirole Hydrochloride - FDA Approval Package
Pharmacology Review 020658/S-000 Part 01. Accessed through Pharmapendium.",,,,,,No identifiable paper citations; non-paper sources excluded.,
1091,Ropivacaine,"Halldin MM, Bredberg E, Angelin B, Arvidsson T, Askemark Y, Elofsson S, and Widman M (1996) Metabolism and excretion of ropivacaine in humans.  Drug Metab. Dispos. 24: 962-968.  Jokinen MJ, Olkkola KT, Ahonen J, and Neuvonen PJ (2003) Effect of ciprofloxacin on the pharmacokinetics of ropivacaine.  Eur. J. Clin. Pharmacol. 58: 653-657.  Jokinen MJ, Olkkola KT, Ahonen J, and Neuvonen PJ (2001) Effect of rifampin and tobacco smoling on the pharmacokinetics of ropivacaine.  Clin. Pharmacol. Ther. 70: 344-350.  Emanuelsson BM, Norsten-Hoog C, Sandberg R, and Sjovall J (1997) Ropivicaine and its 2H3-labelled analogue--bioanalysis and disposition in healthy volunteers.  Eur. J. Pharm. Sci. 5: 171-177.   Jokinen MJ, Neuvonen PJ, Lindgren L, Hoeckerstedt K, Sjoevall J, Breuer O, Askemark Y, Ahonen J, and Olkkola KT (2007) Pharmacokinetics of Ropivacaine in Patients with Chronic End-stage Liver Disease.  Anesthesiology 106: 43-55.  Naropin Product Label.",8886605;12610740;11673750;17197844,,189294028;54680984;180324872;119652952,80.0,0,4 of 5 distinct cited papers matched in Paperclip. 1 non-paper source segment(s) excluded. Unmatched citations: Ropivicaine and its 2H3-labelled analogue--bioanalysis and disposition in healthy volunteers.,https://paperclip.gxl.ai/citations/papers/189294028;https://paperclip.gxl.ai/citations/papers/54680984;https://paperclip.gxl.ai/citations/papers/180324872;https://paperclip.gxl.ai/citations/papers/119652952
1092,Roquinimex,"Strandgarden K, Hoglund P, Nordle O, Polacek J, Wannman H, and Gunnarsson PO.(1999) Dissolution rate-limited absorption and complete bioavailability of roquinimex in man.  Biopharm. Drug Dispos. 20: 347-354. Biopharm Drug Dispos. 2000 Mar;21(2):53-67.
Absorption and disposition including enterohepatic circulation of (14C) roquinimex after oral administration to healthy volunteers.
Strandgården K, Höglund P, Grönquist L, Svensson L, Gunnarsson PO.",10760843;11100907,,143672056;143970915,100.0,0,2 of 2 distinct cited papers matched in Paperclip.,https://paperclip.gxl.ai/citations/papers/143672056;https://paperclip.gxl.ai/citations/papers/143970915
1093,Rosaramicin,"Pharmacokinetics and Metabolism of Rosaramicin in Humans. CHIN-CHUNG LIN, MENGER CHUNG, RICHARD GURAL, DAVID SCHUESSLER, HONG-KI KIM, ELAINE
RADWANSKI, ALICEANN MARCO, CHARLES DiGIORE, AND SAMSON SYMCHOWICZ. Antimicr. Agents Chemother. 1984, 26, 522-526.",6517543,PMC179957,87003791,100.0,0,1 of 1 distinct cited papers matched in Paperclip.,https://paperclip.gxl.ai/citations/papers/87003791
1094,Rosiglitazone,"Cox PJ, Ryan DA, Hollis FJ, Harris AM, Miller AK, Vousden M, and Cowley H (2000) Absorption, disposition, and metabolism of rosiglitazone, a potent thiazolidinedione insulin sensitizer, in humans.  Drug Metab. Dispos. 28: 772-780.  Miller AK, DiCicco RA, and Freed MI (2002) The effect of ranitidine on the pharmacokinetics of rosiglitazone in healthy adult male volunteers.  Clin. Ther. 24: 1062-1071.  Avandia Product Label",10859151;12182252,,180049529;142444138,100.0,0,2 of 2 distinct cited papers matched in Paperclip. 1 non-paper source segment(s) excluded.,https://paperclip.gxl.ai/citations/papers/180049529;https://paperclip.gxl.ai/citations/papers/142444138
1095,Rosuvastatin,"Martin PD, Warwick MJ, Dane AL,  Brindley C, and Short T (2003) Absolute oral bioavailability of rosuvastatin in healthy white adult male volunteers.  Clin. Ther. 25: 2553-2563.  Crestor Product Label.",14667956,,136558649,100.0,0,1 of 1 distinct cited papers matched in Paperclip. 1 non-paper source segment(s) excluded.,https://paperclip.gxl.ai/citations/papers/136558649
1096,Rotigotine,"Cawello W, Braun M, Boekens H. (A)DME of the dopamine agonist rotigotine in man- Administration by intravenous infusion or transdermal delivery. DMD Fast Forward article published July 16 2009. ppb:The PDR states: The binding of rotigotine to human plasma proteins is approximately 92 % in vitro and 89.5 % in vivo. 92% taken as the vast majority of data were from in vitro determinations. Accessed January 8 2015. http://www.pdr3d.com/detail.php?c=121976#section-13.",,,,0.0,0,0 of 1 distinct cited papers matched in Paperclip. 1 non-paper source segment(s) excluded. Unmatched citations: (A)DME of the dopamine agonist rotigotine in man- Administration by intravenous infusion or transdermal delivery.,
1097,RSD921,"Wellington Ribeiro, Demian R. Ifa, Gaetano Corso, John Salmon, Leonardo A. Moraes, Marcos N. Eberlin,  Gilberto de Nucci. Determination of RSD921 in human plasma by high-performance liquid chromatography–tandem mass spectrometry using tri-deuterated RSD921 as internal standard: application to a phase I clinical trial. J. Mass Spectrom. 2001; 36: 1133–1139",11747107,,143841809,100.0,0,1 of 1 distinct cited papers matched in Paperclip.,https://paperclip.gxl.ai/citations/papers/143841809
1098,Rucaparib,"ABSTRACT. D. D. Wang, K. A. Kern, M. Carpentieri, S. Zhang, B. Hee, M. R. Middleton, J. F. Spicer, L. R. Molife, R. Plummer. Absolute bioavailability of PF-01367338 tablets following oral administration in cancer patients. J. Clin. Oncol. 2011;29(15 supplement):e13615",,,,0.0,0,0 of 1 distinct cited papers matched in Paperclip. Unmatched citations: Absolute bioavailability of PF-01367338 tablets following oral administration in cancer patients.,
1099,S 12363,"Ings, R. M. J.; Lelievres, E.; Ardiet, C.; Clavel, M.; Leyvraz, S.; Minaidis, D.; Lokiec, F.; Turpin, F.; Solere, P.; Lucas, C.. Value of early pharmacodynamic and pharmacokinetic investigations with anticancer drugs:  data from phase I tolerance studies on a new vinca alkaloid derivative. Xenobiot. 1992, 22, 871-880.// ppb: Urien, Saik; Bastian, Gerard; Lucas, Catherine; Bizzari, Jean Pierre; Tillement, Jean Paul. Binding of a new vinca alkaloid derivative, S12363, to human plasma proteins and platelets. Usefulness of an erythrocyte partitioning technique. Invest. New Drugs. 1992, 10, 263-268.",1455905;1487399,,106739628;132546411,100.0,0,2 of 2 distinct cited papers matched in Paperclip.,https://paperclip.gxl.ai/citations/papers/106739628;https://paperclip.gxl.ai/citations/papers/132546411
1100,S-0139,"Prolonged pharmacodynamic effects of S-0139, an intravenously administered endothelin A (ETA) antagonist, in the human forearm blood flow model  Lunnon, Martin W.; Wallace, Sharon M. L.; Palmer, Joanne E.; Francis-Lang, Andrew; Laurijssens, Bart E.; Mistry, Prafull; Albala, Bruce; Nagafuji, Toshiaki; Wilkinson, Ian B.; Maltby, Kay  British Journal of Clinical Pharmacology (2010), 69(3), 252-261.",20233196,PMC2829695,104581822,100.0,0,1 of 1 distinct cited papers matched in Paperclip.,https://paperclip.gxl.ai/citations/papers/104581822
1101,Sabeluzole,"De Buck, Stefan S.; Sinha, Vikash K.; Fenu, Luca A.; Nijsen, Marjoleen J.; Mackie, Claire E.; Gilissen, Ron A. H. J. Prediction of human pharmacokinetics using physiologically based modeling: a retrospective analysis of 26 clinically tested drugs. Drug Metabolism and Disposition, 2007, 35(10), 1766-1780.  ",17620347,,117134755,100.0,0,1 of 1 distinct cited papers matched in Paperclip.,https://paperclip.gxl.ai/citations/papers/117134755
1102,Safinamide,"Annick Seithel‐Keuth, Andreas Johne, Achim Freisleben, Katrin Kupas,
Michael Lissy, and Sonja Krösser. Absolute Bioavailability and Effect of Food
on the Disposition of Safinamide Immediate Release Tablets in Healthy Adult Subjects. Clin.Pharmacol. Drug. dev. 2013, 2, 79-89.",27121562,,82600012,100.0,0,1 of 1 distinct cited papers matched in Paperclip.,https://paperclip.gxl.ai/citations/papers/82600012
1103,Salvianolic acid B,"Xiuxue Li , Chen Cheng , Fengqing Wang , Yühong Huang , Weiwei Jia , Olajide E. Olaleye ,
Meijuan Li , Yanfen Li , Chuan Li. Pharmacokinetics of catechols in human subjects intravenously receiving XueBiJing injection, an emerging antiseptic herbal medicine. Drug Metab. Pharmacokin. 2015. http://dx.doi.org/10.1016/j.dmpk.2015.10.005//ppb: Yuan, Hai-jian; An, Yi-qiang; Chen, Yi-gang . Determination of protein binding rates of salvianolic acid B and danshensu with different plasmas. Zhongguo Shiyan Fangjixue Zazhi. 2014, 20, 136-139.",26830081,,64470526,50.0,0,1 of 2 distinct cited papers matched in Paperclip. Unmatched citations: Determination of protein binding rates of salvianolic acid B and danshensu with different plasmas.,https://paperclip.gxl.ai/citations/papers/64470526
1104,Sameridine,"Åsa Österlund, MD, Eva Arlander, MScPharm, Lars I. Eriksson, MD, PhD, Sten G. E. Lindahl, MD, PhD, FRCA. The Effects on Resting Ventilation of Intravenous Infusions of Morphine or Sameridine, a Novel Molecule with Both Local Anesthetic and Opioid Properties. Anesth Analg 1999, 88:160 –165.",9895085,,135063515,100.0,0,1 of 1 distinct cited papers matched in Paperclip.,https://paperclip.gxl.ai/citations/papers/135063515
1105,Saquinavir,"Kupferschmidt HHT, Fattinger KE, Ha HR, Follath F, and Krahenbuhl S (1998) Grapefruit juice enhances the bioavailability of the HIV protease inhibitor saquinavir in man.  Br. J. Clin. Pharmacol. 45: 355-359.  Holladay JW, Dewey MJ, Michniak BB, Wiltshire H, Halberg DL, Weigl P, Liang Z, Halifax K, Lindup WE, and Back DJ (2001) Elevated alpha-1-acid glycoprotein reduces the volume of distribution and systemic clearance of saquinavir.  Drug Metab. Dispos.  29: 299-303.",9578182;11181499,PMC1873963,137346843;180141418,100.0,0,2 of 2 distinct cited papers matched in Paperclip.,https://paperclip.gxl.ai/citations/papers/137346843;https://paperclip.gxl.ai/citations/papers/180141418
1106,SAR 125844,"Eric Angevin, Gianluca Spitaleri, Jordi Rodon, Katia Dotti, Nicolas Isambert, Stefania Salvagni, Victor Moreno, Sylvie Assadourian, Corinne Gomez, Marzia Harnois ,Antoine Hollebecque, Analia Azaro, Alice Hervieu, Karim Rihawi, Filippo De Marinis. A first-in-human phase I study of SAR125844, a selective MET tyrosine kinase inhibitor, in patients with advanced solid tumours with MET amplification. Eur. J. Cancer 2017, 87, 131-139.",29145039,,45595573,100.0,0,1 of 1 distinct cited papers matched in Paperclip.,https://paperclip.gxl.ai/citations/papers/45595573
1107,SarCNU,"Panasci L, Stinson SF, Melnychuk D, Sandor V, Miller WH, Batist G, Patenaudr F, Bangash N, Panarello L, Alaoui-Jamali M, and Sausville E (2003) SarCNU, a nitosourea analog on a day 1, 5, and 9 oral schedule: a phase I and pharmacokinetic study in patients with advanced solid tumors.  J. Clin. Oncol. 21: 232-240.",12525514,,140334973,100.0,0,1 of 1 distinct cited papers matched in Paperclip.,https://paperclip.gxl.ai/citations/papers/140334973
1108,Sardomozide,"A Phase I and Pharmacokinetic Study of SAM486A, a Novel Polyamine Biosynthesis Inhibitor, Administered on a Dailytimes-five every-three-week Schedule in Patients with Advanced Solid Malignancies. Lillian L. Siu, Eric K. Rowinsky, Lisa A. Hammond, Geoffrey R. Weiss,Manuel Hidalgo, Gary M. Clark, Judy Moczygemba, Les Choi, Ron Linnartz, Nicholas C. Barbet, Ivo T. Sklenar, Renaud Capdeville, Gregory Gan, Carl W. Porter, Daniel D. Von Hoff, and S. Gail Eckhardt. Clin. Cancer Res. 2002, 8, 2157–2166. ",12114416,,180459323,100.0,0,1 of 1 distinct cited papers matched in Paperclip.,https://paperclip.gxl.ai/citations/papers/180459323
1109,Satavaptan,"Satavaptan - EMA Approval Package
Withdrawal Report EMEA/CHMP/316130/2008. Accessed through Pharmapendium.",,,,,,No identifiable paper citations; non-paper sources excluded.,
1110,Saxagliptin,"Simultaneous oral therapeutic and intravenous 14C-microdoses to determine the absolute oral bioavailability of saxagliptin and dapagliflozin Boulton, David W.; Kasichayanula, Sreeneeranj; Keung, Chi Fung; Arnold, Mark E.; Christopher, Lisa J.; Xu, Xiaohui; LaCreta, Frank  British Journal of Clinical Pharmacology (2013), 75(3), 763-768. ",22823746,PMC3575942,86062332,100.0,0,1 of 1 distinct cited papers matched in Paperclip.,https://paperclip.gxl.ai/citations/papers/86062332
1111,Sch34343,"Lin CC, Lim J, Radwanski E, Kim, HK, Marco A, Lapiguera A, DiGiore C, and Symchowicz S (1987) Pharmacokinetics and metabolism of an intravenously administered penem (Sch 34343) in humans.  Antimic. Agents Chemother.  31: 84-87.  Eliopoulos GM, Reiszner E, and Moellering RC (1985) In vitro activity of Sch 34343 against enterococci and other Gram-positive bacteria.  Antimic. Agents Chemother. 27: 28-32.",3566242;3845792,PMC174657;PMC176199,87546939;87546759,100.0,0,2 of 2 distinct cited papers matched in Paperclip.,https://paperclip.gxl.ai/citations/papers/87546939;https://paperclip.gxl.ai/citations/papers/87546759
1112,Scopolamine,"Putcha L, Cintron NM, Tsui J, Vanderploeg JM and Kramer WG (1989) Pharmacokinetics and oral bioavailability of scopolamine in normal subjects.  Pharm. Res. 6: 481-485.  AHFS drug information 2005. McEvoy GK, ed. Scopolamine. Bethesda, MD: American Society of Health-System Pharmacists; 2005:1254-7.",2762223,,141539700,50.0,0,1 of 2 distinct cited papers matched in Paperclip. Unmatched citations: AHFS drug information.,https://paperclip.gxl.ai/citations/papers/141539700
1113,Scutellarin,"Wen-Zheng Ju,Yang Zhao,Fang Liu,Ting Wua,Jun Zhang,Shi-Jia Liu,Lin gZhou,Guo-Liang Dai,Ning-Ning Xiong,Zhu-Yuan Fang. Clinical tolerability and pharmacokinetics of Erigerontis hydroxybenzene injection: Results of a randomized phase I study in healthy Chinese volunteers. Phytomed. 2015, 22, 319–325.//ppb: Huang, Yong; Chen, Hui; Zheng, Lin; He, Feng; Zhang, Zhirong; Wang, Yonglin . Determination of plasma protein binding rates of protocatechuic acid, isoorientin and scutellarin in Compound Hongcao freeze-​dried powder for injection by ultrafiltration combined with UPLC-​ESI-​MS​/MS. Zhongguo Yaoxue Zazhi (Beijing, China). 2011, 46, 1200-1204.",25765839,,70445421,50.0,0,"1 of 2 distinct cited papers matched in Paperclip. Unmatched citations: Determination of plasma protein binding rates of protocatechuic acid, isoorientin and scutellarin in Compound Hongcao freeze-​dried powder for injection by ultrafiltration combined with UPLC-​ESI-​MS​/MS.",https://paperclip.gxl.ai/citations/papers/70445421
1114,Secretin (human),https://www.accessdata.fda.gov/drugsatfda_docs/nda/2002/21-136_SecreFlo_BioPharmr.pdf. Accessed on May 17 2017,,,,,,No identifiable paper citations; non-paper sources excluded.,
1115,Secretin (porcine),https://www.accessdata.fda.gov/drugsatfda_docs/nda/2002/21-136_SecreFlo_BioPharmr.pdf. Accessed on May 17 2017,,,,,,No identifiable paper citations; non-paper sources excluded.,
1116,Selegiline,"Heinonen, EH, Anttila, MI, Lammintausta, RAS.(1994) Pharmacokinetic aspects of l-deprenyl (selegiline) and its metabolites. Clin Pharmacol Ther. 56: 742-749.   De la Torre R, Farre M, Navarro M, Pacifici R, Zuccaro P, and Pichini S (2004)  Clinical pharmacokinetics of amfetamine and related substances: monitoring in conventional and non-conventional matrices.  Clin. Pharmacokinet.  43: 157-185.  Emsam Product Label.  Zelapar Product Label.",7995016;14871155,,100772797;126873898,100.0,0,2 of 2 distinct cited papers matched in Paperclip. 2 non-paper source segment(s) excluded.,https://paperclip.gxl.ai/citations/papers/100772797;https://paperclip.gxl.ai/citations/papers/126873898
1117,Sematilide,"Shi J, Ripley E, Gehr TWB, Sica DA, Dandekar KA, and Hinderling PH (1996) Pharmacokinetics of sematilide in renal failure.  J. Clin. Pharmacol. 36: 131-143.  Hinderling PH, Dilea C, Koziol T, and Millington G (1993) Comparative kinetics of sematilide in four species.  Drug Metab. Dispos. 21: 662-669.",8852389;8104126,,82765833;188988226,100.0,0,2 of 2 distinct cited papers matched in Paperclip.,https://paperclip.gxl.ai/citations/papers/82765833;https://paperclip.gxl.ai/citations/papers/188988226
1118,Semaxanib," Sukbuntherng, Juthamas; Cropp, Gillian; Hannah, Alison; Wagner, Gregory S.; Shawver, Laura K.; Antonian, Lida. Pharmacokinetics and interspecies scaling of a novel VEGF receptor inhibitor, SU5416.  Journal of Pharmacy and Pharmacology (2001), 53(12), 1629-1636",11804393,,138781315,100.0,0,1 of 1 distinct cited papers matched in Paperclip.,https://paperclip.gxl.ai/citations/papers/138781315
1119,Seraspenide,"ERIC EZAN, PATRICE CARDE, JOEL LE KERNEAU, THIERRY ARDOUIN, FRANCOIS THOMAS, FRANCOISE ISNARD, EVELYNE DESCHAMPS DE PAILLETTE, AND JEAN-MARC GROGNET. PHARMACOKINETICS IN HEALTHY VOLUNTEERS AND PATIENTS OF NAc-SDKP (SERASPENIDE), A NEGATIVE REGULATOR OF HEMATOPOIESIS. Drug Metab. Disp. 1994, 22, 843-848.",7895600,,188899356,100.0,0,1 of 1 distinct cited papers matched in Paperclip.,https://paperclip.gxl.ai/citations/papers/188899356
1120,Sermorelin,Sermorelin Acetate - FDA Approval Package Administrative documents 020443. Accessed through Pharmapendium. ,,,,,,No identifiable paper citations; non-paper sources excluded.,
1121,Silatecan,"A Phase I Study of 7-t-Butyldimethylsilyl-10-Hydroxycamptothecin in Adult Patients with Refractory or Metastatic Solid Malignancies  Susanne M. Arnold, John J. Rinehart, Eleftheria Tsakalozou, John R. Eckardt, Scott Z. Fields, Brent J. Shelton, Philip A. DeSimone, Bryan K. Kee, Jeffrey A. Moscow, and Markos Leggas Clin Cancer Res January 15, 2010 16:673-680",20068096,PMC2831464,103613715,100.0,0,1 of 1 distinct cited papers matched in Paperclip.,https://paperclip.gxl.ai/citations/papers/103613715
1122,Sildenafil,"Sildenafil 2009-Dec-21  PDF(322k)
Assessment Report EMEA/H/C/638/X/0019",,,,,,No identifiable paper citations; non-paper sources excluded.,
1123,Silodosin,"Silodosin - EMA Approval Package
Assessment Report EMEA/H/C/001209. Accessed through Pharmapendium.",,,,,,No identifiable paper citations; non-paper sources excluded.,
1124,Sinitrodil,"Monzani MV, Coltro G, Sala A, Sardina M., Pharmacokinetics of ITF 296 (Sinitrodil) a novel organic nitrate, in healthy volunteers. Eur J Pharm Sci, 1999, 7, 179-184. ",9845803,,174580376,100.0,0,1 of 1 distinct cited papers matched in Paperclip.,https://paperclip.gxl.ai/citations/papers/174580376
1125,Sipatrigine,"A. J. MERCER, R. J. LAMB, HUSSEIN, S. HOBBIGER, J. POSNER. The Tolerability, Pharmacokinetics and Pharmacodynamics of Increasing Intravenous Doses of 619C89, a Novel Compound for the Acute Treatment of Stroke, in Healthy Volunteers. Ann N. Y. Acad. Sci., 1995, 754, 324-326.",,,,0.0,0,"0 of 1 distinct cited papers matched in Paperclip. Unmatched citations: The Tolerability, Pharmacokinetics and Pharmacodynamics of Increasing Intravenous Doses of 619C89, a Novel Compound for the Acute Treatment of Stroke, in Healthy Volunteers.",
1126,Sisomicin,"Chung M, Schrogie JJ, and Symchowicz S (1981) Pharmacokinetic study of sisomicin in humans.  J. Pharmacokinet. Biopharm. 9: 535-551.  Lode H, Kemmerich B, and Koeppe P(1975)  Comparative clinical pharmacology of gentamicin, sisomicin, and tobramycin.  Antimic. Agents Chemother. 8: 396-401.  Pechere JC, Pechere MM, and Dugal R (1976) Clinical pharmacokinetics of sisomycin: two-compartment model analysis of serum data after I.V. and I.M. administration.  Eur. J. Clin. Pharmacol. 10: 251-256.  Ramirez-Ronda CH, Holmes RK, and Sanford JP (1975)  Effects of divalent cations on binding of aminoglycoside antibiotics to human serum proteins and to bacteria.  Antimic. Agents Chemother  7: 239-45. ",7334458;1103722;1137375,PMC429354;PMC429118,131546131;87182250;89307137,75.0,0,3 of 4 distinct cited papers matched in Paperclip. Unmatched citations: Clinical pharmacokinetics of sisomycin: two-compartment model analysis of serum data after I.V.,https://paperclip.gxl.ai/citations/papers/131546131;https://paperclip.gxl.ai/citations/papers/87182250;https://paperclip.gxl.ai/citations/papers/89307137
1127,Sitafloxacin,"O'Grady J, Briggs A, Atarashi S, Kobayashi H, Smith RL, Ward J, Ward C, and Milatovic D (2001) Pharmacokinetics and absolute bioavailability of sitafloxacin, a new fluoroquinolone antibiotic, in healthy male and female Caucsian subjects.  Xenobiotica 31: 811-822.  Nakashima M, Uematsu T, Kosuge K, Umemura K, Hakusui H, Xenobiotica. 2001 Nov;31(11):811-22.
Pharmacokinetics and absolute bioavailability of sitafloxacin, a new fluoroquinolone antibiotic, in healthy male and female Caucasian subjects.
O'Grady J, Briggs A, Atarashi S, Kobayashi H, Smith RL, Ward J, Ward C, Milatovic D.and Tanaka M (1995) Pharmacokinetics and tolerance of DU-6859a, a new fluoroquinolone, after single and multiple oral doses in healthy volunteers.  Antimic. Agents Chemother. 39: 170-174.",11765143;7695301,PMC162504,151768735;89307087,100.0,0,2 of 2 distinct cited papers matched in Paperclip.,https://paperclip.gxl.ai/citations/papers/151768735;https://paperclip.gxl.ai/citations/papers/89307087
1128,Sitagliptin,Januvia Product Label. PDR accessed on July 29 2014. http://www.pdr3d.com/detail.php?c=53747#section-13,,,,,,No identifiable paper citations; non-paper sources excluded.,
1129,"Sitosterol, β-","Duchateau, Guus; Cochrane, Brett; Windebank, Sam; Herudzinska, Justyna; Sanghera, Davindera; Burian, Angela; Mueller, Markus; Zeitlinger, Markus; Lappin, Graham. Absolute oral bioavailability and metabolic turnover of β-​sitosterol in healthy subjects. Drug Metab. Disp. 2012, 40, 2026-2030.",22826463,,86062732,100.0,0,1 of 1 distinct cited papers matched in Paperclip.,https://paperclip.gxl.ai/citations/papers/86062732
1130,SK-896,"Yoshiyuki Furuta, Yukiharu Nakayama, Mitsuyoshi Nakashima, Yoshio Suzuki. Pharmacokinetic and
Pharmacodynamic Studies of SK-896, a New Human Motilin Analogue, in Healthy Male Volunteers. Clin Pharmacokinet 2003; 42 (6): 575-584
",12793841,,126873872,100.0,0,1 of 1 distinct cited papers matched in Paperclip.,https://paperclip.gxl.ai/citations/papers/126873872
1131,SNS-032,"Phase I and Pharmacologic Study of SNS-032, a Potentand Selective Cdk2, 7, and 9 Inhibitor, in Patients With Advanced Chronic Lymphocytic Leukemia and Multiple Myeloma Wei-Gang Tong, Rong Chen, William Plunkett, David Siegel, Rajni Sinha, R. Donald Harvey, Ashraf Z. Badros, Leslie Popplewell, Steven Coutre, Judith A. Fox, Kristi Mahadocon, Tianling Chen, Peggy Kegley, Ute Hoch, and William G. Wierda. J Clin Oncol 201. 28:3015-3022.",20479412,PMC4979218,102764118,100.0,0,1 of 1 distinct cited papers matched in Paperclip.,https://paperclip.gxl.ai/citations/papers/102764118
1132,Soblidotin,"Nobuyuki Yamamoto,Masahiro Andoh,Masaaki Kawahara,Masahiro Fukuoka, Hisanobu Niitani. Phase I study of TZT-1027, a novel synthetic dolastatin 10 derivative and inhibitor of tubulin polymerization, given weekly to advanced solid tumor patients for 3 weeks. Cancer Sci 2009; 100: 316–321. // J. Horti · E. Juhasz · Z. Monostori · K. Maeda · S. Eckhardt · I. Bodrogi.  Phase I study of TZT-1027, a novel synthetic dolastatin 10 derivative, for the treatment of patients with non-small cell lung cancer. Cancer Chemother Pharmacol (2008) 62:173–180",19068085;18214483,PMC11158325,109082848;114357910,100.0,0,2 of 2 distinct cited papers matched in Paperclip.,https://paperclip.gxl.ai/citations/papers/109082848;https://paperclip.gxl.ai/citations/papers/114357910
1133,Sobrerol,"Schiavi M., Ventura P., Giachetti, C., Poletti, P., Canali, S., Zanolo, G.  Systemic availability of two oral formulations of trans-sobrerol in healthy volunteers. Third European Congress of Biopharmaceutics and Pharmacokinetics : proceedings : Freiburg, April 21-24, 1987, p.228-233",,,,0.0,0,"0 of 1 distinct cited papers matched in Paperclip. Unmatched citations: Third European Congress of Biopharmaceutics and Pharmacokinetics : proceedings : Freiburg, April 21-24,.",
1134,Solifenacin,"Kuipers ME, Krauwinkel WJJ, Mulder H, and Visser N (2004) Solifenacin demonstrates high absolute bioavailability in healthy men.  Drugs R D 5: 73-81.  Krauwinkel WJJ, Smulders RA, Mulder H, Swart PJ, and Taekema-Roelvink MEJ (2005) Effect of age on the pharmacokinetics of solifenacin in men and women.  Int. J. Clin. Pharmacol. Ther. 43: 227-238. ppb from second ref.",15293866;15906588,,126507821;97509671,100.0,0,2 of 2 distinct cited papers matched in Paperclip.,https://paperclip.gxl.ai/citations/papers/126507821;https://paperclip.gxl.ai/citations/papers/97509671
1135,Sotalol,"Poirier JM, Jaillon P, Lecocq B, Lecocq V, Ferry A, and Cheymol G (1990) The pharmacokinetics of d-sotalol and d,l-sotalol in healthy volunteers.  Eur. J. Clin. Pharmacol. 38: 579-582.  Salazar DE, Much DR, Nichola PS, Seibold JR, Shindler D, and Slugg PH (1997) A pharmacokinetic-pharmacodynamic model of d-sotalol Q-Tc prolongation during intravenous administration to healthy subjects. J. Clin. Pharmacol. 37: 799-809.   Schnelle K, Klein G, and Schinz A (1979) Studies on the pharmacokinetics and pharmacodynamics of the beta-adrenergic blocking agent sotalol in normal man. J. Clin. Pharmacol. 19: 516-522.  Fiset C, Philippon F, Gilbert M, and Turgeon J (1993) Stereoselective disposition of (+/-)-sotalol at steady-state conditions.  Br. J. Clin. Pharmacol. 36: 75-77.",2373132;9549633;489770;8373714,PMC1364559,133622675;84130233;82255100;87653069,100.0,0,4 of 4 distinct cited papers matched in Paperclip.,https://paperclip.gxl.ai/citations/papers/133622675;https://paperclip.gxl.ai/citations/papers/84130233;https://paperclip.gxl.ai/citations/papers/82255100;https://paperclip.gxl.ai/citations/papers/87653069
1136,Sparfloxacin,"Zagam Product Label. Montay. G. Journal of Antimicrobial Chemotherapy (1996), 37, Suppl. A, 27-39 Pharmacokinetics of sparfloxacin in healthy volunteers and patients",8737123,,88831889,100.0,0,1 of 1 distinct cited papers matched in Paperclip. 1 non-paper source segment(s) excluded.,https://paperclip.gxl.ai/citations/papers/88831889
1137,Sparfosic acid,"Erlichman C, Strong J M, Chabner B A, Application of a Simple Competitive Protein-binding Assay Technique to the Pharmacokinetics of N-(Phosphonacetyl)-L-aspartate in Humans Cancer Research 1980, 40, 1902-1906. N=7.  Data from iv infusion (T=15 min) of 600-2000 mg/sq m/day doses. CL assumed average BW 70 Kg. MRT calculated from VDss and CL. t1/2 beta.",7371023,,188677327,50.0,0,1 of 2 distinct cited papers matched in Paperclip. Unmatched citations: Data from iv infusion (T=15 min) of 600-.,https://paperclip.gxl.ai/citations/papers/188677327
1138,Spectinomycin,"Wagner, JG, Novak, E, Leslie, LG, Metzler, CM (1968) Absorption, distribution and elimination of spectinomycin dihydrochloride in man.  Int. Zeit. Klin. Pharmakol. Ther. Toxikol. 1: 261-285. ",,,,0.0,0,"0 of 1 distinct cited papers matched in Paperclip. Unmatched citations: Absorption, distribution and elimination of spectinomycin dihydrochloride in man.",
1139,Spiramycin,"A. M. Frydmana,Y. Le Rouxa, J. F. Desnottesa,  P. Kaplan, F. Djebbar, A. Cournof, J. Ducbier and J. Gaillofl Pharmacokinetics of spiramycin in man.Journal of Antimicrobial Chemotherapy (1988) 22, Suppl. B, 93-103. ppb: Hashimoto, T. FUNDAMENTAL STUDIES ON PHARMACOKINETICS OF ANTIBIOTICS. PART 1. BINDING OF ANTIBIOTICS TO PLASMA PROTEINS. Chemotherapy (Tokyo). 1973, 21, 38-44",3182451,,54356885,50.0,0,1 of 2 distinct cited papers matched in Paperclip. Unmatched citations: BINDING OF ANTIBIOTICS TO PLASMA PROTEINS.,https://paperclip.gxl.ai/citations/papers/54356885
1140,Spirapril,"    Spirapril Hydrochloride - FDA Approval Package
Clinical Pharmacology and Biopharmaceutics Review 020240 Part 01. Accessed through Pharmapendium.",,,,,,No identifiable paper citations; non-paper sources excluded.,
1141,Spisulosine,"Massard, C.; Salazar, R.; Armand, J. P.; Majem, M.; Deutsch, E.; Garcia, M.; Oaknin, A.; Fernandez-Garcia, E. M.; Soto, A.; Soria, J. C. Phase I dose-escalating study of ES-285 given as a three-hour intravenous infusion every three weeks in patients with advanced malignant solid tumors. Investigational New Drugs 2012, 30, 2318-2326.",22215532,,90077018,100.0,0,1 of 1 distinct cited papers matched in Paperclip.,https://paperclip.gxl.ai/citations/papers/90077018
1142,Squalamine,"Hao D, Hammond LA, Eckhardt SG, Patnaik A, Takimoto CH, Schwartz GH, Goetz AD, Tolcher AW, McCreery HA, Mamun K, Williams JI, Holroyd KJ, and Rowinsky EK (2003) A phase I and pharmacokinetic study of squalamine, an aminosterol angiogenesis inhibitor.  Clin. Canc. Res. 9: 2465-2471.",12855619,,180677890,100.0,0,1 of 1 distinct cited papers matched in Paperclip.,https://paperclip.gxl.ai/citations/papers/180677890
1143,SR 271425,"Lockhart AC, Calvo E, Tolcher AW, Rowinsky EK, Shackleton G, Morrison JG Rafi R, VerMeulen W, Rothenberg ML (2009) A Phase I dose-escalation study of SR 271425, an intravenously dosed thioxantone analog, administered weekly in patients with refractory solid tumors. Am J Clin Oncol 2009;32: 9–14",19194116,,103212382,100.0,0,1 of 1 distinct cited papers matched in Paperclip.,https://paperclip.gxl.ai/citations/papers/103212382
1144,SR 4554,"Beatrice M. Seddon, Geoffrey S. Payne, Laura Simmons, Ruth Ruddle, Rachel Grimshaw, Siew Tan, Alison Turner, Florence Raynaud, Gavin Halbert, Martin O. Leach, Ian Judson, Paul Workman. A Phase I Study of SR-4554 via Intravenous Administration for Noninvasive Investigation of Tumor Hypoxia by Magnetic Resonance Spectroscopy in Patients with Malignancy. Clinical Cancer Research, 2003, Vol. 9, 5101–5112.",14613987,,181920380,100.0,0,1 of 1 distinct cited papers matched in Paperclip.,https://paperclip.gxl.ai/citations/papers/181920380
1145,Stavudine,"Dudley MN, Graham KK, Kaul S, Geletko S, Dunkle L, Browne M, and Mayer K (1992) Pharmacokinetics of stavudine in patients with AIDS or AIDS-related complex.  J. Infec. Dis. 166: 480-485.  Horton CM, Dudley MN, Kaul S, Mayer KH, Squires K, Dunkle L, and Anderson R (1995) Population pharmacokinetics of stavudine (d4T) in patients with AIDS or advanced AIDS-related complex.  Antimic. Agents Chemother. 39: 2309-2315.  Zerit XR Product Label.",1323615;8619587,PMC162934,97137232;87547691,100.0,0,2 of 2 distinct cited papers matched in Paperclip. 1 non-paper source segment(s) excluded.,https://paperclip.gxl.ai/citations/papers/97137232;https://paperclip.gxl.ai/citations/papers/87547691
1146,Streptomycin,"Zhu M, Burman WJ, Jaresko GS, Berning SE, Jeliffe RW, and Peloquin CA (2001) Population pharmacokinetics of intravenous and intramuscular streptomycin in patients with tuberculosis.  Pharmacother. 21: 1037-1045.  Gordon RC, Regamey C, and Kirby WMM (1972) Serum protein binding of the aminoglycoside antibiotics.  Antimic. Agents Chemother. 2: 214-216.",11560193;4790560,PMC444293,134239976;89307050,100.0,0,2 of 2 distinct cited papers matched in Paperclip.,https://paperclip.gxl.ai/citations/papers/134239976;https://paperclip.gxl.ai/citations/papers/89307050
1147,Stresscopin,"Gheorghiade, Mihai; Greene, Stephen J.; Ponikowski, Piotr; Maggioni, Aldo P.; Korewicki, Jerzy; Macarie, Cezar; Metra, Marco; Grzybowski, Jacek; Bubenek-Turconi, Serban-Ion; Radziszewski, Waldemar; Olson, Allan; Bueno, Orlando F.; Ghosh, Atalanta; Deckelbaum, Lawrence I.; Li, Lilian Y.; Patel, Ayan R.; Koester, Andreas; Konstam, Marvin A. Haemodynamic effects, safety, and pharmacokinetics of human stresscopin in heart failure with reduced ejection fraction. European Journal of Heart Failure 2013, 15 (6),679-689",23471413,,81896924,100.0,0,1 of 1 distinct cited papers matched in Paperclip.,https://paperclip.gxl.ai/citations/papers/81896924
1148,Sufentanil,"Hudson RJ, Bergstrom RG, Thomson IR, Sabourin MA, Rosenbloom M, and Strunin L (1989) Pharmacokinetics of sufentanil in patients undergoing abdominal aortic surgery.  Anesthesiol. 70: 426-431.  Scholz J, Bause H, Schulz M, Klotz U, Krishna DR, Pohl S, Schulte am Esch J (1994) Pharmacokinetics and effects on intracranial pressure of sulfentanil in head trauma patients.  Br. J. Clin. Pharmacol. 38: 369-372.  Meuldermans WEG, Hurkmans RMA, and Heykants JJP (1982) Plasma protein binding and distribution of fentanyl, sufentanil, alfentanil and lofentanil in blood.  Arch. Int. Pharmacodyn. Ther. 257: 4-19.",2522289;7833228;6214227,PMC1364782,122447307;89276964;188021413,100.0,0,3 of 3 distinct cited papers matched in Paperclip.,https://paperclip.gxl.ai/citations/papers/122447307;https://paperclip.gxl.ai/citations/papers/89276964;https://paperclip.gxl.ai/citations/papers/188021413
1149,Sugammadex,"Sugammadex is cleared rapidly and primarily unchanged via renal excretion. Pierre Peetersa, Paul Passiera, Jean Smeets, Alex Zwiers, Marcel de Zwart,
Saskia van de Wetering-Krebbers, Marlou van Iersel, Sjoerd van Marle, and Diels van den Dobbelsteen. Biopharm. Drug Dispos. 2011, 32: 159–167.",21370235,,97545006,100.0,0,1 of 1 distinct cited papers matched in Paperclip.,https://paperclip.gxl.ai/citations/papers/97545006
1150,Sulbactam,"Foulds G, Stankewich JP, Marshall DC, O'Brien MM, Hayes SL, Weidler DJ, and McMahon FG (1983) Pharmacokinetics of sulbactam in human.  Antimic. Agents Chemother. 23: 692-699.  Rho JP, Castle S, Smith K, Bawdon RE, and Norman DC (1992) Effect of impaired renal function on the pharmacokinetics of coadministered cefoperazone and sulbactam.  J. Antimic. Chemother. 29: 701-709.  Foulds G, Miller RD, Knirsch AK, and Thrupp LD (1985) Sulbactam kinetics and excretion into breast milk in postpartum women.  Clin. Pharmacol. Ther. 38: 692-696.  Blum RA, Kohli RK, Harrison NJ, and Schentag JJ (1989) Pharmacokinetics of ampicillin (2.0 grams) and sulbactam (1.0 gram) coadministered to subjects with normal and abnormal renal function and with end-stage renal disease on hemodialysis.  Antimic. Agents Chemother.  (1989),  33: 1470-1476.  de la Pena A and Derendorf H (1999) Pharmacokinetic properties of beta-lactamase inhibitors.  Int. J. Clin. Pharmacol. Ther. 37: 63-75.",1506350;2998677;2817847;10082170,PMC172685,120389342;100053710;89292098;179675930,80.0,0,4 of 5 distinct cited papers matched in Paperclip. Unmatched citations: Pharmacokinetics of sulbactam in human.,https://paperclip.gxl.ai/citations/papers/120389342;https://paperclip.gxl.ai/citations/papers/100053710;https://paperclip.gxl.ai/citations/papers/89292098;https://paperclip.gxl.ai/citations/papers/179675930
1151,Sulbenicillin,"Hansen I, Jacobsen E, and Wels J (1975) Pharmacokinetics of sulbenicillin, a new broad-spectrum semisynthetic penicillin.  Clin. Pharmacol. Ther.  17: 339-347.  Bergan T (1984) Pharmacokinetics of beta-lactam antibiotics.  Scand. J. Infect. Dis. 42(Suppl): 83-98. Antimicrobial agents and chemotherapy (1998) P 325-331",1120400;9527780,PMC105408,61705473;22237524,66.67,0,2 of 3 distinct cited papers matched in Paperclip. Unmatched citations: Pharmacokinetics of beta-lactam antibiotics.,https://paperclip.gxl.ai/citations/papers/61705473;https://paperclip.gxl.ai/citations/papers/22237524
1152,Sulfadiazine,"Mannisto PT, Mantyla R, Mattila J, Nykanen S, and Lamminsivu (1982) Coparison of pharmacokinetics of sulphadiazine and sulphamethoxazole after intravenous administration.  J. Antimic. Chemother. 9: 461-470.  Wijkstroem A and Westerlund D (1983) Plasma protein binding of sulfadiazine, sulfamethoxazole and trimethoprim determined by ultrafiltration. J. Pharm. Biomed. Anal. 1: 293-299. Winter and Unadkat DMD (2005) 33(7) 969-967",16867799;15843491,,179057622;130776480,66.67,0,2 of 3 distinct cited papers matched in Paperclip. Unmatched citations: Coparison of pharmacokinetics of sulphadiazine and sulphamethoxazole after intravenous administration.,https://paperclip.gxl.ai/citations/papers/179057622;https://paperclip.gxl.ai/citations/papers/130776480
1153,Sulfamethoxazole,"Dudley MN, Levitz RE, Quintiliani R, Hickingbotham JM, and Nightingale CH (1984) Pharmacokinetics of trimethoprim and sulfamethoxazole in serum and cerebrospinal fluid of adult patients with normal meninges.  Antimic. Agents Chemother. 26: 811-814.  Wijkstroem A and Westerlund D (1983) Plasma protein binding of sulfadiazine, sulfamethoxazole and trimethoprim determined by ultrafiltration. J. Pharm. Biomed. Anal. 1: 293-299.",6335381;16867799,PMC180029,87171698;179057622,100.0,0,2 of 2 distinct cited papers matched in Paperclip.,https://paperclip.gxl.ai/citations/papers/87171698;https://paperclip.gxl.ai/citations/papers/179057622
1154,Sulfasalazine,"Sulfasalazine - FDA Approval Package
Label 007073/S-124. See also Sulfasalazine - FDA Approval Package
Bioequivalence Review 007073.  Accessed through PharmaPendium. Ppb: Kochansky, Christopher J.; McMasters, Daniel R.; Lu, Ping; Koeplinger, Kenneth A.; Kerr, Haley H.; Shou, Magang; Korzekwa, Kenneth R. Impact of pH on Plasma Protein Binding in Equilibrium Dialysis. Mol. Pharm. 2008, 5, 438-448",18345638,,113366828,100.0,0,1 of 1 distinct cited papers matched in Paperclip. 1 non-paper source segment(s) excluded.,https://paperclip.gxl.ai/citations/papers/113366828
1155,Sulfinpyrazone,"Lecaillion JB, Souppart C, Schoeller JP, Humbert G, and Massias P (1979) Sulfinpyrazone kinetics after intravenous and oral administration.  Clin. Pharmacol. Ther. 26: 611-617.  Schlicht F, Staiger C, de Vries J, Gundert-Remy U, Hildebrandt R, Harenberg J, Wang NS, and Weber E (1985) Pharmacokinetics of sulphinpyrazone and its major metabolites after a single dose and during chronic treatment.  Eur. J. Clin. Pharmacol. 28: 97-103.",498704;3987792,,63455389;133762082,100.0,0,2 of 2 distinct cited papers matched in Paperclip.,https://paperclip.gxl.ai/citations/papers/63455389;https://paperclip.gxl.ai/citations/papers/133762082
1156,Sulfisoxazole,"Kaplan SA, Weinfeld RE, Abruzzo CW, and Lewis M (1972) Pharmacokinetic profile of sulfisoxazole following intravenous, intramuscular, and oral administration to man.  J. Pharm. Sci. 61; 773-778.  Oie S, Gambertoglio JG, and Fleckenstein L (1982) Comparison of the disposition of total and unbound sulfisoxazole after single and multiple dosing.  J. Pharmacokinet. Biopharm. 10: 157-72.  Du Souich P, Calvo R, and Erill S (1990) Effects of cefotaxime on the serum protein binding of sulfisoxazole.  Biopharm. Drug Dispos. 11: 371-379.",7120046;2207291,,131350397;123890315,66.67,0,"2 of 3 distinct cited papers matched in Paperclip. Unmatched citations: Pharmacokinetic profile of sulfisoxazole following intravenous, intramuscular, and oral administration to man.",https://paperclip.gxl.ai/citations/papers/131350397;https://paperclip.gxl.ai/citations/papers/123890315
1157,Sulmazole," Roth, W.; Zimmer, A.; Busch, U.  Human pharmacokinetics of AR-​L 115 BS. Arzneim-Forsch. 1981, 31, 239-236. ",,,,0.0,0,0 of 1 distinct cited papers matched in Paperclip. Unmatched citations: Human pharmacokinetics of AR-​L 115 BS.,
1158,Sulpiride," Bres, Janine; Bressolle, Francoise. Pharmacokinetics of sulpiride in humans after intravenous and intramuscular administrations  Journal of Pharmaceutical Sciences (1991), 80(12), 1119-24. ",1815069,,122518440,100.0,0,1 of 1 distinct cited papers matched in Paperclip.,https://paperclip.gxl.ai/citations/papers/122518440
1159,Sumatriptan,"Cosson VF, Fuseau E, Efthymiopoulos C, and Bye A (1997) Mixed effect modeling of sumatriptan pharmacokinetics during drug development.  I Interspecies allometric scaling.  J. Pharmacokinet. Biopharm. 25: 149-167.  Scott AK (1994) Sumatriptan clinical pharmacokinetics. Clin. Pharmacokinet. 27: 337-344.",9408857,,137690342,50.0,0,1 of 2 distinct cited papers matched in Paperclip. Unmatched citations: Sumatriptan clinical pharmacokinetics.,https://paperclip.gxl.ai/citations/papers/137690342
1160,Suprofen,"Zulliger HW and Fassolt A (1985) Pharmacokinetics and bioavailability of suprofen injection solution after intravenous application versus capsules on six healthy male volunteers. Arzneim.Forsch. 35: 976-980.  Chaikin P, Chasin M, Kennedy B, and Silverman BK (1983) Suprofen concentrations in human breast milk.  J. Clin. Pharmacol. 23: 385-390.  ",4026925;6630588,,185707431;82255327,100.0,0,2 of 2 distinct cited papers matched in Paperclip.,https://paperclip.gxl.ai/citations/papers/185707431;https://paperclip.gxl.ai/citations/papers/82255327
1161,Suramin,"Collins, JM, Klecker, RW, Yarchoan, R, Lane, HC, Fauci, AS, Redfield, RR, Broder, S, Myers, CE (1986) Clinical pharmacokinetics of suramin in patients with HTLV-III/LAV infection. J Clin Pharmacol. 26: 22-26.",3005375,,82255492,100.0,0,1 of 1 distinct cited papers matched in Paperclip.,https://paperclip.gxl.ai/citations/papers/82255492
1162,Susalimod,"Pahlman I, Edholm M, Kankaanranta S, Odell M-L (1998) Pharmacokinetics of susalimod, a highly biliary excreted sulphasalazine analogue, in various species. Nonpredictable human clearance by allometric scaling. Pharm. Pharmacol. Commun. 4, 493-498.",,,,0.0,0,"0 of 1 distinct cited papers matched in Paperclip. Unmatched citations: Pharmacokinetics of susalimod, a highly biliary excreted sulphasalazine analogue, in various species.",
1163,Suvorexant,http://www.accessdata.fda.gov/drugsatfda_docs/nda/2014/204569Orig1s000ClinPharmR.pdf. Accessed December 16 2016,,,,,,No identifiable paper citations; non-paper sources excluded.,
1164,Tacrine,"Lou G, Montgomery PR, and Sitar DS (1996) Bioavailability and pharmacokinetic disposition of tacrine in elderly patients with Alzheimer's disease.  J. Psych. Neurosci.  21: 334-339.  Makela PM, Truman CA, Ford JM, and Roberts CJC (1994) Characteristics of plasma protein binding of tacrine hydrochloride: a new drug for Alzheimer's disease. Eur. J. Clin. Pharmacol. 47:  151-155.",8973053;7859802,PMC1188798,189324123;134910465,100.0,0,2 of 2 distinct cited papers matched in Paperclip.,https://paperclip.gxl.ai/citations/papers/189324123;https://paperclip.gxl.ai/citations/papers/134910465
1165,Tacrolimus,"Mancinelli LM, Frassetto L, Floren LC, Dressler D, Carrier S, Bekersky I, Benet LZ, and Christians U (2001) The pharmacokinetics and metabolic disposition of tacrolimus: a comparison across ethnic groups.  Clin. Pharmacol. Ther. 69: 24-31.  Iwasaki K, Miyazaki Y, Teramura Y, Kawamura A, Tozuka Z, Hata T, and Undre N (1996) Binding of tacrolimus (FK506) with human plasma proteins re-evaluation and effect of mycophenolic acid.  Res. Comm. Molec. Path. Pharmacol. 94: 251-257.",11180035;9029671,,142954594;189346089,100.0,0,2 of 2 distinct cited papers matched in Paperclip.,https://paperclip.gxl.ai/citations/papers/142954594;https://paperclip.gxl.ai/citations/papers/189346089
1166,Talinolol,"Trausch B, Oertel R, Richter K, and Gramatte T (1995) Disposition and bioavailability of the beta1-adrenoreceptor antagonist talinolol in man.  Biopharm. Drug Dispos. 16: 403-414.  Trausch B, Oertel R, Richter K, and Gramatte T (1995) Die proteinbindung von talinolol.  Pharmazie   50: 72.",8527689,,122640266,50.0,0,"1 of 2 distinct cited papers matched in Paperclip. Unmatched citations: Trausch B, Oertel R, Richter K, and Gramatte T . Die proteinbindung von talinolol. Pharmazie 50: 72.",https://paperclip.gxl.ai/citations/papers/122640266
1167,Tamsulosin,"van Hoogdalem E, Soeishi Y, Matsushima H, and Higuchi S (1997) Disposition of the selective alpha1A-adrenoceptor antagonist tamsulosin in humans: comparison with data from interspecies scaling.  J. Pharm. Sci.  86: 1156-1161.  Matsushima H, Kamimura H, Soeishi Y, Watanabe T, Higuchi S, and Tsunoo M (1998) Pharmacokinetics and plasma protein binding of tamsulosin hydrochloride in rats, dogs, and humans.  Drug Metab. Dispos. 26: 240-245.",9344174;9492387,,143223815;189509652,100.0,0,2 of 2 distinct cited papers matched in Paperclip.,https://paperclip.gxl.ai/citations/papers/143223815;https://paperclip.gxl.ai/citations/papers/189509652
1168,Tanespimycin,"Paul G. Richardson, Asher A. ChananKhan,Sagar Lonial, Amrita Y. Krishnan, Michael P. Carroll, Melissa Alsina, Maher Albitar, David Berman,8 Marianne Messina and Kenneth C. Anderson. Tanespimycin and bortezomib combination treatment in patients with relapsed or relapsed and refractory multiple myeloma: results of a phase 1/2 study. Br. J. Haematol, 2011, 153, 729–740.  doi:10.1111/j.1365-2141.2011.08664.x",21534941,,96302412,100.0,0,1 of 1 distinct cited papers matched in Paperclip.,https://paperclip.gxl.ai/citations/papers/96302412
1169,Tanshinol,"Xiuxue Li , Chen Cheng , Fengqing Wang , Yühong Huang , Weiwei Jia , Olajide E. Olaleye ,
Meijuan Li , Yanfen Li , Chuan Li. Pharmacokinetics of catechols in human subjects intravenously receiving XueBiJing injection, an emerging antiseptic herbal medicine. Drug Metab. Pharmacokin. 2015. http://dx.doi.org/10.1016/j.dmpk.2015.10.005",26830081,,64470526,100.0,0,1 of 1 distinct cited papers matched in Paperclip.,https://paperclip.gxl.ai/citations/papers/64470526
1170,Tapentadol,"Göhler K ,  Brett M ,  Smit JW ,  Rengelshausen J ,  Terlinden R. Comparative pharmacokinetics and bioavailability of tapentadol following oral administration of immediate- and prolonged-release formulations. Int. J. Clin. Pharmacol. Ther. 2013, 51,338-348.",23357834,,83529866,100.0,0,1 of 1 distinct cited papers matched in Paperclip.,https://paperclip.gxl.ai/citations/papers/83529866
1171,Tariquidar,"Bauer, M.; Zeitlinger, M.; Todorut, D.; Boehmdorfer, M.; Mueller, M.; Langer, O.; Jaeger, W. . Pharmacokinetics of Single Ascending Doses of the P-Glycoprotein Inhibitor Tariquidar in Healthy Subjects Pharmacology (2013), 91(1-2), 12-19.",23146816,PMC3689924,84873255,100.0,0,1 of 1 distinct cited papers matched in Paperclip.,https://paperclip.gxl.ai/citations/papers/84873255
1172,TAS-106,"A Phase I Study to Determine the Safety and Pharmacokinetics of Intravenous Administration of TAS-106 Once per Week for Three Consecutive Weeks Every 28 Days in Patients with Solid Tumors. BENJAMIN FRIDAY, YVONNE LASSERE, CHRISTINA A. MEYERS,.AKIRA MITA, JAMES L. ABBRUZZESE and MELANIE B. THOMAS. Anticancer Res. 2012, 32,1689-1695.",22593447,,183757733,100.0,0,1 of 1 distinct cited papers matched in Paperclip.,https://paperclip.gxl.ai/citations/papers/183757733
1173,Tasidotin,"Phase I and pharmacokinetic study of the dolastatin-15 analogue tasidotin (ILX651) administered intravenously on days 1, 3, and 5 every 3 weeks in patients with advanced solid tumors. Cunningham, Casey; Appleman, Leonard J.; Kirvan-Visovatti, Miora; Ryan, David P.; Regan, Eileen; Vukelja, Svetislava; Bonate, Peter L.; Ruvuna, Francis; Fram, Robert J.; Jekunen, Antti; et al Clinical Cancer Research (2005), 11(21), 7825-7833",16278405,,126688778,100.0,0,1 of 1 distinct cited papers matched in Paperclip.,https://paperclip.gxl.ai/citations/papers/126688778
1174,Tasimelteon,"Rosarelis Torres,  Marlene A. Dressman,  William G. Kramer, 
and Paolo Baroldi. Absolute Bioavailability of Tasimelteon. Am. J.  Ther. 2015, 22, 355–360.",25658956,,68291203,100.0,0,1 of 1 distinct cited papers matched in Paperclip.,https://paperclip.gxl.ai/citations/papers/68291203
1175,Tazarotene,"Tazarotene - FDA Approval Package
Clinical Pharmacology and Biopharmaceutics Review 020600/S-000 Part 01",,,,,,No identifiable paper citations; non-paper sources excluded.,
1176,Tazobactam,"Pharmacokinetics and safety of intravenous ceftolozane-tazobactam in healthy adult subjects following single and multiple ascending doses Miller, Benjamin; Hershberger, Ellie; Benziger, David; Trinh, My My; Friedland, Ian 
Antimicrobial Agents and Chemotherapy (2012), 56(6), 3086-3091. ppb. The PDR states: Both piperacillin and tazobactam are approximately 30% bound to plasma proteins.  Accessed January 15 2015. http://www.pdr3d.com/detail.php?c=137294#section-13.",22450972,PMC3370713,89752824,100.0,0,1 of 1 distinct cited papers matched in Paperclip. 1 non-paper source segment(s) excluded.,https://paperclip.gxl.ai/citations/papers/89752824
1177,Tebufelone,"Cruze CA, Kelm GR, Meredith MP (1995) Interspecies scaling of tebufelone pharmacokinetic data and application to preclinical toxicology. Pharm. Res. 12, 895-901.",7667197,,141777791,100.0,0,1 of 1 distinct cited papers matched in Paperclip.,https://paperclip.gxl.ai/citations/papers/141777791
1178,Tedizolid,"S. Flanagan, S. L. Minassian, D. Morris, R. Ponnuraj,T. C. Marbury, H. W. Alcorn, E. Fang, P. Prokocimer. Pharmacokinetics of Tedizolid in Subjects with Renal or Hepatic
Impairment. Antimicrobial Agents and Chemotherapy, 2014, 58, 6471-6476.
",25136024,PMC4249404,71847481,100.0,0,1 of 1 distinct cited papers matched in Paperclip.,https://paperclip.gxl.ai/citations/papers/71847481
1179,Tegafur,"Markku I. Anttila, Eero A. Sotaniemi, Matti I. Kairaluoma, Risto E. Mokka, and Hannu T. Sundquist. Pharmacokinetics of Ftorafur After Intravenous
and Oral Administration. Cancer Chemother Pharmacol (1983) 10:150-153.",6305522,,134878886,100.0,0,1 of 1 distinct cited papers matched in Paperclip.,https://paperclip.gxl.ai/citations/papers/134878886
1180,Tegaserod,"Appel-Dingemanse S, Lemarechal MO, Kumle A, Hubert M, and Legangneux E (1999) Integrated modelling of the clinical pharmacokinetics of SDZ HTF 919, a novel selective 5-HT4 receptor agonist, following oral and intravenous administration.  Br. J. Clin. Pharmacol.  47: 483-491.  Appel-Dingemanse S (2002) Clinical pharmacokinetics of tegaserod, a serotonin 5-HT4 receptor partial agonist with promotile activity.  Clin. Pharmacokinet. 41: 1021-1042.",10336571;12403641,PMC2014177,140145907;128259346,100.0,0,2 of 2 distinct cited papers matched in Paperclip.,https://paperclip.gxl.ai/citations/papers/140145907;https://paperclip.gxl.ai/citations/papers/128259346
1181,Teicoplanin A2-1,"Bernareggi A, Borgonovi M, Del Favero A, Rosina R, and Gavanaghi L (1991)  Teicoplanin binding in plasma following administration of increasing intravenous doses to healthy volunteers.  Eur. J. Drug Metab. Pharmacokinet. 256-260.",1840325,,182865582,100.0,0,1 of 1 distinct cited papers matched in Paperclip.,https://paperclip.gxl.ai/citations/papers/182865582
1182,Teicoplanin A2-2,"Bernareggi A, Borgonovi M, Del Favero A, Rosina R, and Gavanaghi L (1991)  Teicoplanin binding in plasma following administration of increasing intravenous doses to healthy volunteers.  Eur. J. Drug Metab. Pharmacokinet. 256-260.",1840325,,182865582,100.0,0,1 of 1 distinct cited papers matched in Paperclip.,https://paperclip.gxl.ai/citations/papers/182865582
1183,Teicoplanin A2-3,"Bernareggi A, Borgonovi M, Del Favero A, Rosina R, and Gavanaghi L (1991)  Teicoplanin binding in plasma following administration of increasing intravenous doses to healthy volunteers.  Eur. J. Drug Metab. Pharmacokinet. 256-260.",1840325,,182865582,100.0,0,1 of 1 distinct cited papers matched in Paperclip.,https://paperclip.gxl.ai/citations/papers/182865582
1184,Teicoplanin A2-4,"Bernareggi A, Borgonovi M, Del Favero A, Rosina R, and Gavanaghi L (1991)  Teicoplanin binding in plasma following administration of increasing intravenous doses to healthy volunteers.  Eur. J. Drug Metab. Pharmacokinet. 256-260.",1840325,,182865582,100.0,0,1 of 1 distinct cited papers matched in Paperclip.,https://paperclip.gxl.ai/citations/papers/182865582
1185,Teicoplanin A2-5,"Bernareggi A, Borgonovi M, Del Favero A, Rosina R, and Gavanaghi L (1991)  Teicoplanin binding in plasma following administration of increasing intravenous doses to healthy volunteers.  Eur. J. Drug Metab. Pharmacokinet. 256-260.",1840325,,182865582,100.0,0,1 of 1 distinct cited papers matched in Paperclip.,https://paperclip.gxl.ai/citations/papers/182865582
1186,Telavancin,"Sun HK, Duchin K, Nightingale CH, Shaw JP, Seroogy J, and Nicolau DP (2006) Tissue penetration of telavancin after intravenous administration in healthy subjects.  Antimicr. Agents Chemother. 50: 788-790.  Shaw JP, Seroogy J, Kaniga K, Higgins DL, Kitt M, and Barriere S (2005) Pharmacokinetics, serum inhibitory and bacteriocidal activity, and safety of telavancin in healthy subjects.  Anitmic. Agents Chemother. 49: 195-201.",16436747;15616296,PMC1366897;PMC538848,127462941;132944911,100.0,0,2 of 2 distinct cited papers matched in Paperclip.,https://paperclip.gxl.ai/citations/papers/127462941;https://paperclip.gxl.ai/citations/papers/132944911
1187,Telcagepant,"The Dose Proportionality of Telcagepant after Administration of Single Oral and Intravenous Doses in Healthy Adult Subjects. Tae H. Han, Rebecca L. Blanchard,  John Palcza,  Ashley Martucci, Cynthia M. Miller-Stein,  Maria Gutierrez, Deborah Panebianco, Ronda K. Rippley,  Christopher Lines,  and M. Gail Murphy. Arch Drug Info 2010,3:55–62",21221171,PMC3015066,PMC3015066,100.0,100,1 of 1 distinct cited papers matched in Paperclip.,https://paperclip.gxl.ai/citations/papers/PMC3015066
1188,Telithromycin,"Perret C, Lenfant B, Weinling E, Wessels DH, Scholtz HE, Montay G, and Sultan E (2002) Pharmacokinetics and Absolute Oral Bioavailability of an 800-mg Oral Dose of Telithromycin in Healthy Young and Elderly Volunteers.  Chemotherapy 48: 217-223.  Yamazaki H, Lamy S, Ducelier C, Bonnat C, and Lenfant B (2003) Study of binding of telithromycin to human serum proteins. Nippon Kagaku Ryoho Gakkai Zasshi  51: 206-209. ",12476037,,139527259,50.0,0,1 of 2 distinct cited papers matched in Paperclip. Unmatched citations: Study of binding of telithromycin to human serum proteins.,https://paperclip.gxl.ai/citations/papers/139527259
1189,Telmisartan,"Stangier J, Schmid J, Turck D, Switek H, Verhagen A, Peeters PAM, van Marle SP, Tamminga WJ, Sollie FAE, and Jonkman JHG (2000) Absorption, metabolism, and excretion of intravenously and orally administered [14C]telmisartan in healthy volunteers.  J. Clin. Pharmacol. 40: 1312-1322.",11185629,,180143841,100.0,0,1 of 1 distinct cited papers matched in Paperclip.,https://paperclip.gxl.ai/citations/papers/180143841
1190,Temocillin,"M.R. Lockley, R.M. Brown and R. Wise. Pharmacokinetics and Tissue Penetration of Temocillin. Drugs 1985, 29 (Suppl. 5): 106-108//ppb: Overbosch, D.; Van Gulpen, C.; Mattie, H. Renal clearance of temocillin in volunteers. Drugs, 1985, 29, 128-134.",4029011;4029016,,108400259;108049374,100.0,0,2 of 2 distinct cited papers matched in Paperclip.,https://paperclip.gxl.ai/citations/papers/108400259;https://paperclip.gxl.ai/citations/papers/108049374
1191,Temoporfin,"Temoporfin - EMA Approval Package
Scientific Discussion. Accessedd through Pharmapendium.",,,,,,No identifiable paper citations; non-paper sources excluded.,
1192,Temozolomide,"Marzolini C, Decosterd LA, Shen F, Gander M, Leyvraz S, Bauer J, Buclin T, Biollaz J, and Lejeune F (1998)  Pharmacokinetics of temozolomide in association with fitemustine in malignant melanoma and malignant glioma patients: comparison of oral, intravenous, and hepatic intra-arterial administration.  Canc. Chemother. Pharmacol.  42: 433-440. ",9788568,,143363141,100.0,0,1 of 1 distinct cited papers matched in Paperclip.,https://paperclip.gxl.ai/citations/papers/143363141
1193,Temsirolimus,"Raymond E, Alexandre J, Faivre S, Vera K, Materman E, Boni J, Leister C, Korth-Bradley J, Hanauske A, and Armand JP (2004) Safety and pharmacokinetics of escalated doses of weekly intravenous infusion of CCI-779, a novel mTOR inhibitor, in patients with cancer.  J. Clin. Oncol. 12: 2336-2347.",15136596,,136034726,100.0,0,1 of 1 distinct cited papers matched in Paperclip.,https://paperclip.gxl.ai/citations/papers/136034726
1194,Tenidap,"Gardner, M. J.; Wilner, K. D.; Hansen, R. A.; Fouda, H. G.; McMahon, G. F.
Single- and multiple-dose pharmacokinetics of tenidap sodium in healthy subjects.
British Journal of Clinical Pharmacology (1995), 39(Suppl. 1), 11S-15S.//ppb: Madhok, Rajan. Tenidap. Lancet, 1995, 346, 481-485.",7547086,PMC1364929,86843142,50.0,0,"1 of 2 distinct cited papers matched in Paperclip. Unmatched citations: Madhok, Rajan. Tenidap. Lancet,.",https://paperclip.gxl.ai/citations/papers/86843142
1195,Tenifatecan,"Marier, Jean-Francois; Pheng, Leng; Trinh, My My; Burris, Howard A., III; Jones, Suzanne; Anderson, Kirsten; Warner, Serina; Porubek, David. Pharmacokinetics of SN2310, an injectable emulsion that incorporates a new derivative of SN-38 in patients with advanced solid tumors. J. Pharm. Sci. 2011, 100, 4536-4545.",21630281,,95110105,100.0,0,1 of 1 distinct cited papers matched in Paperclip.,https://paperclip.gxl.ai/citations/papers/95110105
1196,Teniposide,"Holthuis JJM, de Vries LGE, Postmus PE, van Oort WWJ, Verleun H, Hulshoff A, Sleijfer DT, and Mulder NH (1987) Pharmacokinetics of high-dose teniposide. Canc. Treatm. Rep. 71: 599-603.  Petros WP, Rodman JH, Relling MV, Christensen M, Pui CH, Rivera GK, and Evans WE (1992) Variability in teniposide plasma protein binding is correlated with serum albumin concentrations.  Pharmacother. 12: 273-277.",3581097;1518726,,185300089;159546199,100.0,0,2 of 2 distinct cited papers matched in Paperclip.,https://paperclip.gxl.ai/citations/papers/185300089;https://paperclip.gxl.ai/citations/papers/159546199
1197,Tenofovir,"Deeks SG, Barditch-Crovo P, Lietman PS, Hwang F, Cundy KC, Rooney JF, Hellman NS, Safrin S, and Kahn JO (1998) Safety, pharmacokinetics, and antiretroviral activity of intravenous 9-[2-(R)-(phosphonomethoxy)propyl]adenine, a novel anti-human immunodeficiency virus (HIV) therapy, in HIV-infected adults.  Antimic. Agents Chemother. 42: 2380-2384.  Fung HB, Stone EA, and Piacenti FJ (2002) Tenofovir disoproxil fumarate: a nucleotide reverse transcriptase inhibitor for the treatment of HIV infection.  Clin. Ther. 24: 1515-1548",9736567;12462284,PMC105837,37166902;141360708,100.0,0,2 of 2 distinct cited papers matched in Paperclip.,https://paperclip.gxl.ai/citations/papers/37166902;https://paperclip.gxl.ai/citations/papers/141360708
1198,Tenoxicam,"Heintz RC, Guentert TW, Enrico JF, Dubach UC, Brandt R, and Jeunet FS (1984) Pharmacokinetics of tenoxicam in healthy human volunteers. Eur. J. Rheum. Inflam. 7: 33-44.  Nilsen OG, Aasarod K, Wideroe TE, and Guentert TW (2001) Single- and multiple-dose pharmacokinetics, kidney tolerability and plasma protein binding of tenoxicam in renally impaired patients and healthy volunteers.  Pharmacol. Toxicol. 89: 265-272.",6336292;11881981,,188077226;100093994,100.0,0,2 of 2 distinct cited papers matched in Paperclip.,https://paperclip.gxl.ai/citations/papers/188077226;https://paperclip.gxl.ai/citations/papers/100093994
1199,Terazosin,Patterson SE (1985) Terazosin kinetics after oral and intravenous doses.  Clin. Pharmacol. Ther. 38: 423-427.  Sonders RC (1986) Pharmacokinetics of terazosin.  Am. J. Med. 80: 20-24.,4042526;2872802,,100771847;134784271,100.0,0,2 of 2 distinct cited papers matched in Paperclip.,https://paperclip.gxl.ai/citations/papers/100771847;https://paperclip.gxl.ai/citations/papers/134784271
1200,Terbutaline,"Borgstrom L, Nyberg L, Jonsson S, Lindberg C, and Paulson J (1989) Pharmacokinetic evaluation in man of terbutaline given as separate enantiomers and as the racemate.  Br. J. Clin. Pharmacol. 27: 49-56.  Nyberg L (1984) Pharmacokinetic parameters of terbutaline in healthy man.  An overview.  Eur. J. Resp. Dis. 65(Suppl 134) 149-160.  Leferink JG, van den Berg W, Wagemaker-Engels I, Kreukniet J, and Maes RAA (1982) Pharmacokinetics of terbutaline, a beta2-sympathomimetic, in healthy volunteers and asthmatic patients.  Arz. Forsch. 32: 159-164.",2706188;6586475;7199922,PMC1379704,86060468;188225241;188578023,100.0,0,3 of 3 distinct cited papers matched in Paperclip.,https://paperclip.gxl.ai/citations/papers/86060468;https://paperclip.gxl.ai/citations/papers/188225241;https://paperclip.gxl.ai/citations/papers/188578023
1201,Teriflunomide,PDR prescribing information for teriflunomide (Aubagio). Accessed July 29 2014.http://www.pdr3d.com/detail.php?c=78104#section-13,,,,,,No identifiable paper citations; non-paper sources excluded.,
1202,Teriparatide,"Teriparatide (Rdna Origin) - FDA Approval Package
Clinical Pharmacology and Biopharmaceutics Review 021318/S-000. Accessed through Pharmapendium.",,,,,,No identifiable paper citations; non-paper sources excluded.,
1203,Terlipressin,"Nilsson, G.; Lindblom, P.; Ohlin, M.; Berling, R.; Vernersson, E.. Pharmacokinetics of terlipressin after single i.v. doses to healthy volunteers. Drugs under Experimental and Clinical Research, 1990, 16, 307-314.",2086166,,183447830,100.0,0,1 of 1 distinct cited papers matched in Paperclip.,https://paperclip.gxl.ai/citations/papers/183447830
1204,Terodiline,"Hallen B, Gabrielsson J, Palmer L, and Ekstrom B (1993) Pharmacokinetics of R(+)-terodiline given intravenously and orally to healthy volunteers.  Pharmacol. Toxicol.  73: 153-158.  Hallen B, Gabrielsson J, Nyambati S, Johansson A, Larsson E, and Guilbaud O (1995) Concomitant single-dose and multiple-dose pharmacokinetics of terodiline in man, with a note on its enantiomers and major metabolites.    Pharmacol. Toxicol.  76: 171-177.",8265519;7617541,,107601733;108972750,100.0,0,2 of 2 distinct cited papers matched in Paperclip.,https://paperclip.gxl.ai/citations/papers/107601733;https://paperclip.gxl.ai/citations/papers/108972750
1205,Tesaglitazar,"Ericsson H, Hamren B, Bergstrand S, Elebring M, Fryklund L, Heijer M, and Ohman KP (2004) Pharmacokinetics and metabolism of tesaglitazar, a novel dual acting peroxisome proliferator-activated receptor alpha/gamma agonist, after a single oral and intravenous dose in humans.  Drug Metab. Dispos.  32: 923-929.",15319332,,182192270,100.0,0,1 of 1 distinct cited papers matched in Paperclip.,https://paperclip.gxl.ai/citations/papers/182192270
1206,Testosterone,"Täuber U, Schröder K, Düsterberg B, Matthes H.  Absolute bioavailability of testosterone after oral administration of testosterone-undecanoate and testosterone. Eur J Drug Metab Pharmacokinet. 1986, 11,145-149.//ppb: Forest MG, Rivarola MA, Migeon CJ. Percentage binding of testosterone, androstenedione and dehydroisoandrosterone in human plasma. Steroids, 1968, 12, 323-343.",3770015,,100835560,50.0,0,"1 of 2 distinct cited papers matched in Paperclip. Unmatched citations: Percentage binding of testosterone, androstenedione and dehydroisoandrosterone in human plasma.",https://paperclip.gxl.ai/citations/papers/100835560
1207,Tetracycline,"Kunin CM, Darnbush AC, and Finland M (1959) Distribution and excretion of four tetracycline analogs in normal young men.  J. Clin. Invest.  38:  1950-1963.",,,,0.0,0,0 of 1 distinct cited papers matched in Paperclip. Unmatched citations: Distribution and excretion of four tetracycline analogs in normal young men.,
1208,"Tetrahydrocannabinol, D9-","Wall ME, Sadler BM, Brine D, Taylor H, and Perez-Reyes M (1983)  Metabolism, disposition, and kinetics of delta-9-tetrahydrocannabinol in men and women.  Clin. Pharmacol. Ther. 34: 352-363.  Busto U, Bendayan R, and Sellers EM (1989) Clinical pharmacokinetics of non-opiate abused drugs.  Clin. Pharmacokinet. 16: 1-26.",6309462;2565176,,100053197;114370461,100.0,0,2 of 2 distinct cited papers matched in Paperclip.,https://paperclip.gxl.ai/citations/papers/100053197;https://paperclip.gxl.ai/citations/papers/114370461
1209,"Tetrahydrocannabinol,11-Nor-9-carboxy-D9-","A Glaz-Sandberg, L Dietz, H Nguyen, H Oberwittler, Rolf Aderjan and Gerd Mikus. Pharmacokinetics of 11-nor-9-Carboxy-D9- Tetrahydrocannabinol (CTHC) After Intravenous Administration of CTHC in Healthy Human Subjects. CLINICAL PHARMACOLOGY & THERAPEUTICS, 2007, VOLUME 82, 63-69.",17410118,,118345841,100.0,0,1 of 1 distinct cited papers matched in Paperclip.,https://paperclip.gxl.ai/citations/papers/118345841
1210,Tezosentan,"Dingemanse J, Clozel M, and Giersbergen PLM (2002) Pharmacokinetics and pharmacodynamics of tezosentan, an intravenous dual endothelin receptor antagonist, following chronic infusion in healthy subjects.  Br. J. Clin. Pharmacol. 53: 355-362.  Treiber A, Van Giersbergen PLM, and Dingemanse J (2003) In vivo and in vitro disposition profile of tezosentan, an intravenous dual endothelin receptor antagonist, in humans.  Xenobiotica 33: 399-414.",11966665;12745875,PMC1874269,140260913;135194672,100.0,0,2 of 2 distinct cited papers matched in Paperclip.,https://paperclip.gxl.ai/citations/papers/140260913;https://paperclip.gxl.ai/citations/papers/135194672
1211,TH-302,"A First-in-Man Phase 1 Study of TH-302, A Hypoxia-Activated Cytotoxic Prodrug (HAP). Glen J Weiss, Jeffrey R Infante, Mitesh Borad, Virginia K Langmuir, Stewart Kroll, Donald Jung, Raoul Tibes, E Gabriela Chiorean, Suzanne F Jones, Howard A Burris. Poster presented at the EORTC-NCI-AACR symposium - Berlin, November 16-19th 2010.",,,,0.0,0,"0 of 1 distinct cited papers matched in Paperclip. Unmatched citations: A First-in-Man Phase 1 Study of TH-302, A Hypoxia-Activated Cytotoxic Prodrug (HAP). Glen J Weiss, Jeffrey R Infante, Mitesh Borad, Virginia K Langmuir, Stewart Kroll, Donald Jung, Raoul Tibes, E Gabriela Chiorean, Suzanne F Jones, Howard A Burris. Poster presented at the EORTC-NCI-AACR symposium - Berlin, November 16-19th.",
1212,Thalidomide,"Eriksson T, Bjorkman S, Roth B, and Hoglund P (2000) Intravenous formulations of the enantiomers of thalidomide: pharmacokinetic and initial pharmacodynamic characterization in man.  J. Pharm. Pharmacol. 52: 807-817.  Eriksson T, Bjorkman S, and Hoglund P (2001) Clinical pharmacology of thalidomide.  Eur. J. Clin. Pharmacol. 57: 365-376.  ",10933131;11599654,,138780192;140355196,100.0,0,2 of 2 distinct cited papers matched in Paperclip.,https://paperclip.gxl.ai/citations/papers/138780192;https://paperclip.gxl.ai/citations/papers/140355196
1213,Theophylline,"Kraan J, Borgstrom L, Koeter GH, Laseur M, Jonkman JHG, and deNoord OE (1988) Creation of four consecutive intantaneous steady-state plasma concentration plateaus of theophylline and enprofylline by repeated infusions with expoonentially decreasing delivery rates. Eur. J. Clin. Pharmacol. 35: 657-661.  Lee KJ, Mower R, Hollenbeck T, Castelo J, Johnson N, Gordon P, Sinko PJ, Holme K, and Lee YH (2003) Modulation of nonspecific binding in ultrafiltration protein binding studies.  Pharm. Res.  20: 1015-1021.  Lombardi TP, Bertino JS, Goldberg A, Middleton E, and Slaughter RL (1987) The effects of a beta-2 selective adrenergic agonist and a beta-nonselective antagonist on theophylline clearance.    J. Clin. Pharmacol. 27: 523-529.",3234473;12880287;2888791,,133387260;137952822;82255640,100.0,0,3 of 3 distinct cited papers matched in Paperclip.,https://paperclip.gxl.ai/citations/papers/133387260;https://paperclip.gxl.ai/citations/papers/137952822;https://paperclip.gxl.ai/citations/papers/82255640
1214,Thiamphenicol glycinate,"Yang, Bing; Li, Ning; Lu, Yang; Qiu, Zhixia; Zhao, Di; Song, Pengfei; Chen, Xijing. Pharmacokinetics of thiamphenicol glycinate and its active metabolite by single and multiple intravenous infusions in healthy Chinese volunteers. Xenobiotica, 2014, 44, 819-826. ppb: Hashimoto, T. FUNDAMENTAL STUDIES ON PHARMACOKINETICS OF ANTIBIOTICS. PART 1. BINDING OF ANTIBIOTICS TO PLASMA PROTEINS. Chemotherapy (Tokyo). 1973, 21, 38-44",24597465,,75268397,50.0,0,1 of 2 distinct cited papers matched in Paperclip. Unmatched citations: BINDING OF ANTIBIOTICS TO PLASMA PROTEINS.,https://paperclip.gxl.ai/citations/papers/75268397
1215,Thioguanine," Kitchen, Brenda J.; Balis, Frank M.; Poplack, David G.; O'brien, Michelle; Craig, Catherine E.; Adamson, Peter C.  A pediatric phase I trial and pharmacokinetic study of thioguanine administered by continuous i.v. infusion. Clinical Cancer Research, 1997, 3, 713-717.",9815740,,189622545,100.0,0,1 of 1 distinct cited papers matched in Paperclip.,https://paperclip.gxl.ai/citations/papers/189622545
1216,Thionylan (Methapyrilene),"Calandre EP, Alferez N, Hassanein K, and Azarnoff DL (1981) Methapyrilene kinetics and dynamics.  Clin. Pharmacol. Ther. 29: 527-532. ",7471621,,100052879,100.0,0,1 of 1 distinct cited papers matched in Paperclip.,https://paperclip.gxl.ai/citations/papers/100052879
1217,Thiopental,"Cordato DJ, Gross AS, Herkes GK, and Mather LE (1997) Pharmacokinetics of thiopentone enantiomers following intravenous injection or prolonged infusion of rac-thiopentone.  Br. J. Clin. Pharmacol. 43: 355-362.  Kurz H, Mauser-Ganshorn A, and Stickel HH (1977) Differences in the binding of drugs to plasma proteins from newborn and adult man. I. Eur. J. Clin. Pharmacol. 11: 463-467.",9146846;891592,PMC2042768,137345449;133277262,100.0,0,2 of 2 distinct cited papers matched in Paperclip.,https://paperclip.gxl.ai/citations/papers/137345449;https://paperclip.gxl.ai/citations/papers/133277262
1218,Thiotepa,"Ackland SP, Choi KE, Ratain MJ, Egorin MJ, Williams SF, Sinkule JA, and Bitran JD (1988) Human plasma pharmacokinetics of thiotepa following administration of high-dose thiotepa and cyclophosphamide.  J. Clin. Oncol. 6: 1192-1196.  Hagen B and Nilsen OG (1987) The binding of thio-TEPA in human serum and to isolated serum protein fractions.  Cancer Chemother. Pharmacol. 20: 319-323.",3134519;3121202,,52141529;134465846,100.0,0,2 of 2 distinct cited papers matched in Paperclip.,https://paperclip.gxl.ai/citations/papers/52141529;https://paperclip.gxl.ai/citations/papers/134465846
1219,Tiagabine,"Jansen JA, Oliver S, Dirach J, and Mengel HB (1995)  Absolute bioavailability of tiagabine. Epilepsia  36(Suppl. 3): s159",,,,0.0,0,0 of 1 distinct cited papers matched in Paperclip. Unmatched citations: Absolute bioavailability of tiagabine.,
1220,Tianeptine,"C Salvadori, C Ward, R Defrance, R Hopkins. The pharmacokinetics of the antidepressant tianeptine and its main metabolite in healthy humans -
influence of alcohol co-administration. Fundam CIin Pharmacol(1990) 4, 1 15 - 125. ppb: R. ZINI, D. MORIN, C. SALVADORI J. P. TILLEMENT Tianeptine binding to human plasma proteins and plasma from patients with hepatic cirrhosis or renal failure. Br. J. clin. Pharmac. (1990), 29, 9-18",2341111;2297464,PMC1380055,105733324;88338227,100.0,0,2 of 2 distinct cited papers matched in Paperclip.,https://paperclip.gxl.ai/citations/papers/105733324;https://paperclip.gxl.ai/citations/papers/88338227
1221,Tiapride,"Rey E, d'Athis P, Richard MO, de Lauture D, Olive G  Pharmacokinetics of tiapride and absolute bioavailability of three extravascular forms. International Journal of Clinical Pharmacology, Therapy, and Toxicology [1982, 20(2):62-67]",7061180,,188499794,100.0,0,1 of 1 distinct cited papers matched in Paperclip.,https://paperclip.gxl.ai/citations/papers/188499794
1222,Tiaprofenic acid,"Human Pharmacokinetics of Tiaprofenic Acid. Pottier J. Cousty-Berlin D., Busigny M. Rheumatol. 1982, 7, 70-77.// ppb reported as > 98.5 %. Fakhreddin Jamali, ALAIN, ANTHONY S . RUSSELL,C ARMEN  LEHMANN, AND BRIAN W . BERRY. Pharmacokinetics of taiprofenic acid in healthy and arthritic subjects. J. Phar.Sci.. 1985, 74, 953-956",4067848,,122642963,50.0,0,1 of 2 distinct cited papers matched in Paperclip. Unmatched citations: Human Pharmacokinetics of Tiaprofenic Acid.,https://paperclip.gxl.ai/citations/papers/122642963
1223,Tiazofurin,"Jayaram HN, Lapis E, Tricot G, Kneebone P, Paulik E, Zhen W, Engeler GP, Hoffmann R, and Weber G (1992) Clinical pharmacokinetic study of tiazofurin administered as a 1-hour infusion.  Int. J. Canc. 51: 182-188.  Roberts JD, Stewart JA, McCormish JJ, Krakoff IR, Culham CA, Hartshorn JN, Newman RA, Haugh LD, and Young JA (1987) Phase 1 trail of tiazofurin administered by iv bolus daily for 5 days, with pharmacokinetic evaluation.  Canc. Treatm. Rep. 71: 141-149.   fu from Lombardo et al J. Clin. Pharmacol. 2013, 53(2), 167-177 and 178-191",1568787;3802111;23436262;23436263,,120961059;185531610;88092331;88468499,100.0,0,4 of 4 distinct cited papers matched in Paperclip.,https://paperclip.gxl.ai/citations/papers/120961059;https://paperclip.gxl.ai/citations/papers/185531610;https://paperclip.gxl.ai/citations/papers/88092331;https://paperclip.gxl.ai/citations/papers/88468499
1224,Ticagrelor,"R. Teng, J. Maya. Absolute bioavailability and regional absorption
of ticagrelor in healthy volunteers. J. Drug Assess. 2014, 3, 43-50.//ppb: Sillen, Henrik; Cook, Melanie; Davis, Patty. Determination of unbound ticagrelor and its active metabolite (AR-​C124910XX) in human plasma by equilibrium dialysis and LC-​MS​/MS. J. Chrom. B: Analytical Technologies in the Biomedical and Life Sciences 2011, 879, 2315-2322",27536453;21727045,PMC4937635,PMC4937635;95811222,100.0,50,2 of 2 distinct cited papers matched in Paperclip.,https://paperclip.gxl.ai/citations/papers/PMC4937635;https://paperclip.gxl.ai/citations/papers/95811222
1225,Ticarcillin,"Watanabe K, Koyama M, Iijima F, Nakazawa H, and Nakahira K (1986) Phase I studies on BRL 28500 (clavulanic acid-ticarcillin).  Chemotherapy 34: 247.  Bergan T (1984) Pharmacokinetics of beta-lactam antibiotics.  Scand. J. Infect. Dis. 42(Suppl): 83-98.  Libke RD, Clarke JT, Ralph ED, Luthy RP, and Kirby WMM (1975) Ticarcillin vs carbenicillin: clinical pharmacokinetics.  Clin. Pharmacol. Ther.  17: 441-446.",1122685,,60955425,33.33,0,"1 of 3 distinct cited papers matched in Paperclip. Unmatched citations: Watanabe K, Koyama M, Iijima F, Nakazawa H, and Nakahira K . Phase I studies on BRL 28500 (clavulanic acid-ticarcillin). Chemotherapy 34: 247 | Pharmacokinetics of beta-lactam antibiotics.",https://paperclip.gxl.ai/citations/papers/60955425
1226,Tigecycline,"Muralidharan G, Micalizzi M, Speth J, Raible D, and Trpy S (2005) Pharmacokinetics of tigecycline after single and multiple doses in healthy subjects.  Antimic. Agents Chemother.  49: 220-229.  Doan TL, Fung HB, Mehta D, and Riska PF (2006) Tigecycline: a glycylcycline antimicrobial agent.  Clin. Ther. 28: 1079-1106.",15616299;16790575,PMC538906,132944912;124997676,100.0,0,2 of 2 distinct cited papers matched in Paperclip.,https://paperclip.gxl.ai/citations/papers/132944912;https://paperclip.gxl.ai/citations/papers/124997676
1227,Tilidine,"Vollmer KO, Thomann P, and Hengy H (1989) Pharmacokinetics of tilidine and metabolites in man.  Arz. Forsch. 39: 1283-1288.  Janicke UA and Gundert-Remy U (1985) Stereoselective protein binding of (+/-)-cis and (+/-) trans tilidine.  Arch. Pharmacol. 329: R101.",2610722,,184257271,50.0,0,1 of 2 distinct cited papers matched in Paperclip. Unmatched citations: Stereoselective protein binding of (+/-)-cis and (+/-) trans tilidine.,https://paperclip.gxl.ai/citations/papers/184257271
1228,Tiludronate,"Sansom LN, Necciari J and Thiercelin JF (1995) Human pharmacokinetics of tiludronate. Bone
17:479S-483S.",8573422,,170612512,100.0,0,1 of 1 distinct cited papers matched in Paperclip.,https://paperclip.gxl.ai/citations/papers/170612512
1229,Timolol,"Vermeij P, el Sherbini-Schepers M, and van Zweiten PA (1978) The disposition of timolol in man.  J. Pharm. Pharmacol. 30: 53-55.  Meier J (1982) Pharmacokinetic comparison of pindolol with other beta adrenoceptor blocking agents.  Am. Heart J. 104: 364-373.",6125095,,135985704,50.0,0,1 of 2 distinct cited papers matched in Paperclip. Unmatched citations: The disposition of timolol in man.,https://paperclip.gxl.ai/citations/papers/135985704
1230,Tinidazole,"Vinge E, Andersson KE, Ando G, and Lunell E (1983) Biological availability and pharmacokinetics of tinidazole after single and repeated doses.  Scand. J. Infect. Dis.  15: 391-397.  Sawyer PR, Brogden RN, Pinder RM, Speight TM, and Avery GS (1976) Tinidazole: a review of its antiprotozoal activity and therapeutic efficacy.  Drugs 11: 423-440.",6658382,,70493973,50.0,0,1 of 2 distinct cited papers matched in Paperclip. Unmatched citations: Tinidazole: a review of its antiprotozoal activity and therapeutic efficacy.,https://paperclip.gxl.ai/citations/papers/70493973
1231,Tiopronin,"M. S. Carlsson , T. Denneberg  , B.-M. Emanuelsson , B. Kagedal , and S. Lindgren. Pharmacokinetics of intravenous 2-mercaptopropionylglycine in man. Eur J Clin Pharmacol (1990) 38:499-503. fu from clearance total and unbound reported. M. S. Carlsson , T. Denneberg  , B.-M. Emanuelsson , B. Kagedal , and S. Lindgren. Pharmacokinetics of oral tiopronin Eur J Clin Pharmacol (1993) 45:79-84. Data initially and erroneously entered from this work being a follow-up p.o. of 1990 work. Corrected on January 6 2015.",2379536;8405034,,126440841;133730987,100.0,0,2 of 2 distinct cited papers matched in Paperclip. 1 non-paper source segment(s) excluded.,https://paperclip.gxl.ai/citations/papers/126440841;https://paperclip.gxl.ai/citations/papers/133730987
1232,Tiotropium,"Tiotropium Bromide Monohydrate - FDA Approval Package
Label 021395/S-014. See also, Tiotropium Bromide Monohydrate - FDA Approval Package
Clinical Pharmacology and Biopharmaceutics Review 021395/S-000 Part 01. Accessed through Pharmapendium.",,,,,,No identifiable paper citations; non-paper sources excluded.,
1233,Tipifarnib,"Zhang, Steven; Zannikos, Peter; Awada, Ahmad; Piccart-Gebhart, Martine; Dirix, Luc Y.; Fumoleau, Pierre; Verhaeghe, Tom; Francois, Marc; De Porre, Peter. Pharmacokinetics of tipifarnib after oral and intravenous administration in subjects with advanced cancer. J.Clin. Pharmacol. 2006, 46(10), 1116-1127.",16988200,,122709632,100.0,0,1 of 1 distinct cited papers matched in Paperclip.,https://paperclip.gxl.ai/citations/papers/122709632
1234,Tirapazamine,"Senan S, Rampling R, Graham MA, Wilson P, Robin H, Eckardt N, Lawson N, McDonald A, von Roemeling R, Workman P, and Kaye SB (1997) Phase I and pharmacokinetic study of tirapazamine (SR 4233) administered every three weeks.  Clin. Cancer Res. 3: 31-38.  Robin H, Senan S, Workman P, and Graham MA (1995) development and validation of a sensitive solid-phase extraction and high performance liquid chromatoigraphy assay for the bioreductive agent tirapazamine and its major metabolites in mouse and human plasma for pharmacokinetically guided dose selection.  Canc. Chemother. Pharmacol. 36: 266-270.",9815534;7781150,,189622316;133850290,100.0,0,2 of 2 distinct cited papers matched in Paperclip.,https://paperclip.gxl.ai/citations/papers/189622316;https://paperclip.gxl.ai/citations/papers/133850290
1235,Tirilazad,"JOSEPH C. FLEISHAKER, PAUL G. PEARSON, LARRY C. WIENKERS, LAURA K. PEARSON and GARY A. PETERS. Biotransformation of Tirilazad in Human: 2. Effect of
Ketoconazole on Tirilazad Clearance and Oral Bioavailability. JPET 277:991-998, 1996.",8627582,,189199825,100.0,0,1 of 1 distinct cited papers matched in Paperclip.,https://paperclip.gxl.ai/citations/papers/189199825
1236,Tirofiban,"Barrett JS, Murphy G, Peerlinck K, De Lepeliere I, Gould RJ, Panebianco D, Hand E, Deckmyn H, Vermylen J, and Arnout J (1994) Pharmacokinetics and pharmacodynamics of MK-383, a selective non-peptide platelet glycprotein-IIb/IIIa receptor antagonist, in healthy men.  Cin. Pharmacol. Ther. 56: 377-388.  Kondo K and Umemura K (2002) Clinical pharmacokinetics of tirofiban, a nonpeptide glycoprotein IIb/IIIa receptor antagonist: Comparison with the monoclonal antibody abciximab. Clin. Pharmacokinet. 41: 187-195.",7955799;11929319,,100772773;128259328,100.0,0,2 of 2 distinct cited papers matched in Paperclip.,https://paperclip.gxl.ai/citations/papers/100772773;https://paperclip.gxl.ai/citations/papers/128259328
1237,Tizanidine,"Zanaflex Product Label.  Granfors MT, Backman JT, Laitila J, and Neuvonen PJ (2004) Tizanidine is mainly metabolized by cytochrome P450 1A2 in vitro.  Br. J. Clin. Pharmacol. 57: 349-353.",14998432,PMC1884447,132197838,100.0,0,1 of 1 distinct cited papers matched in Paperclip. 1 non-paper source segment(s) excluded.,https://paperclip.gxl.ai/citations/papers/132197838
1238,TLK286,"Lee S. Rosen, Joseph Brown, Bernadette Laxa, Leny Boulos, Laura Reiswig, William D. Henner,
Robert T. Lum, Steve R. Schow, Christopher A. Maack, James G. Keck, Julie C. Mascavage, Jacqueline A. Dombroski, Reinaldo F. Gomez, and Gail L. Brown. Phase I Study of TLK286 (Glutathione S-Transferase P1-1 Activated Glutathione Analogue) in Advanced Refractory Solid Malignancies. Clinical Cancer Research, 2003, 9, 1628-1638.",,,,0.0,0,"0 of 1 distinct cited papers matched in Paperclip. Unmatched citations: Clinical Cancer Research,.",
1239,Toborinone,"Akihiro Ohnishi, Takaaki Toyoki, Toshiyuki Ohno, Yoshiko Takeshige, Tsuyoshi Fujita, PharmD, Kazuhisa Kodama, Masayoshi Mishima, Atsushi Hirayama, Mami Kitani, Gohhachiro Miyamoto, Masatoshi Odomi, and Teruji Tanaka Pharmacokinetics and Pharmacodynamics of Intravenous OPC-18790 in Humans: A Novel Nonglycosidic Inotropic Agent. J Clin Pharrnacol 1994, 34, 176-183.",8163718,,82765778,100.0,0,1 of 1 distinct cited papers matched in Paperclip.,https://paperclip.gxl.ai/citations/papers/82765778
1240,Tobramycin,"Bourget P, Fernandez H, Delouis C, abd Taburet AM (1991) Pharmacokinetics of tobramycin in pregnant women, safety and efficacy of a once-daily dose regimen.  J. Clin. Pharm. Ther.  16: 167-176.  Champoux N, Du Souich P, Ravaoarinoro M, Phaneuf D, Latour J, and Cusson JR (1996) Single-dose pharmacokinetics of ampicillin and tobramycin administered by hypodermoclysis in young and older healthy volunteers.  Br. J. Clin. Pharmacol. 42: 325-331.  Gordon RC, Regamey C, and Kirby WMM (1972) Serum protein binding of the aminoglycoside antibiotics.  Antimic. Agents Chemother. 2: 214-216.",1869596;8877023;4790560,PMC2042682;PMC444293,112316060;137345438;89307050,100.0,0,3 of 3 distinct cited papers matched in Paperclip.,https://paperclip.gxl.ai/citations/papers/112316060;https://paperclip.gxl.ai/citations/papers/137345438;https://paperclip.gxl.ai/citations/papers/89307050
1241,Tocainide,"Lalka D, Meyer MB, Duce BR, and Elvin AT (1976) Kinetics of the oral antiarrhythmic lidocaine congener, tocainide.  Clin. Pharmacol. Ther. 19: 757-766.  Thomson AH, Murdoch G, Pottage A, Kelman AW, Whiting B, and Hillis WS (1986) The pharmacokinetics of R- and S-tocainide in patients with acute ventricular arrhythmias.  Br. J. Clin. Pharmacol. 21: 149-154,  Sedman AJ, Bloedow DC, and Gal J (1982) Serum binding of tocainide and its enantiomers in human subjects.  Res. Comm. Chem Path. Pharmacol. 38: 165-168.",1269216;3082345;6815740,PMC1400923,60955475;88343001;188351419,100.0,0,3 of 3 distinct cited papers matched in Paperclip.,https://paperclip.gxl.ai/citations/papers/60955475;https://paperclip.gxl.ai/citations/papers/88343001;https://paperclip.gxl.ai/citations/papers/188351419
1242,Tofacitinib,"PDR. Accessed February 12 2013. http://www.pdr3d.com/detail.php?c=82134#section-13. Tofacitinib for the treatment of rheumatoid arthritis. Expert Rev. Clin. Immunol. 8(4), 319–331 (2012). Cristiano AF Zerbini* and Andrea Barranjard Vannucci Lomonte",,,,0.0,0,0 of 1 distinct cited papers matched in Paperclip. 1 non-paper source segment(s) excluded. Unmatched citations: Tofacitinib for the treatment of rheumatoid arthritis.,
1243,Tofogliflozin,"Dietmar Schwab, Agnes Portron, Zoe Backholer, Berthold Lausecker, Kosuke Kawashima.  A Novel Double-Tracer Technique to Characterize Absorption, Distribution, Metabolism and Excretion (ADME) of [14C]Tofogliflozin After Oral Administration and Concomitant Intravenous Microdose Administration of [13C]Tofogliflozin in Humans. Clin Pharmacokinet 2013, 52, 463–473.",23494983,,81885736,100.0,0,1 of 1 distinct cited papers matched in Paperclip.,https://paperclip.gxl.ai/citations/papers/81885736
1244,Tolamolol,"Faulkner JK, Stopher DA, Walden R, Singleton W, and Taylor SH (1975) Pharmacokinetic and pharmacological studies with tolamolol in man.  Br. J. Clin. Pharmacol. 2: 423-428.",786354,PMC1402620,87646436,100.0,0,1 of 1 distinct cited papers matched in Paperclip.,https://paperclip.gxl.ai/citations/papers/87646436
1245,Tolbutamide,"Zilly W, Breimer DD, and Richter E (1975) Induction of drug metabolism in man after rifampicin treatment measured by increased hexobarbital and tolbutamide clearance.  Eur. J. Clin. Pharmacol. 9: 219-227.  Ayanoglu G, Uihlein M, and Grigoleit HG (1986) A new aspect of serum protein binding of tolbutamide.  Int. J. Clin. Pharmacol. Ther. Toxicol. 24: 65-68.",1233266;3957494,,134011419;185661654,100.0,0,2 of 2 distinct cited papers matched in Paperclip.,https://paperclip.gxl.ai/citations/papers/134011419;https://paperclip.gxl.ai/citations/papers/185661654
1246,Tolcapone,"Jorga KM, Kroodsma JM, Fotteler B, Heizmann P, Meyer J, Rasch MC, and van Hattum J (1998) Effect of liver impairment on the pharmacokinetics of tolcapone and its metabolites.  Clin. Pharmacol. Ther. 63: 646-654. ",9663179,,131556715,100.0,0,1 of 1 distinct cited papers matched in Paperclip.,https://paperclip.gxl.ai/citations/papers/131556715
1247,Tolfenamic acid,"P. J. Pentikäinen,  P. J. Neuvonen,  and C. Backman.  Human Pharmacokinetics of Tolfenamic Acid, a New Anti-Inflammatory Agent. Eur. J. Clin. Pharmacol. 1981, 19, 359-365.",7238564,,133530963,100.0,0,1 of 1 distinct cited papers matched in Paperclip.,https://paperclip.gxl.ai/citations/papers/133530963
1248,Toloxatone,"Strolin Benedetti M, Rovei V, Dencker SJ, Nagy A, and Johansson R (1982) Pharmacokinetics of toloxatone in man following intravenous and oral administrations.  Arz. Forsch. 32: 276-280.",7200786,,188578421,100.0,0,1 of 1 distinct cited papers matched in Paperclip.,https://paperclip.gxl.ai/citations/papers/188578421
1249,Tolterodine,"Brynne N, Stahl MMS, Hallen B, Edlund PO, Palmer L, Hoglund P, and Gabrielsson J (1997) Pharmacokinetics and pharmacodynamics of tolterodine in man: a new drug for the treatment of urinary bladder overactivity.  Int. J. Clin. Pharmacol. Ther. 35: 287-295.  Brynne N, Dalen P, Alvan G, Bertilsson L, and Gabrielsson J (1998) Influence of CYP2D6 polymorphism on the pharmacokinetics and pharmacodynamics of tolterodine.  Clin. Pharmacol. Ther. 63: 529-539.  Pahlman I and Gozzi P (1999) Serum protein binding of tolterodine and its major metabolites in humans and several animal species.  Biopharm. Drug Dispos. 20: 91-99.",9247842;9630826;10206324,,189421426;131556744;143417106,100.0,0,3 of 3 distinct cited papers matched in Paperclip.,https://paperclip.gxl.ai/citations/papers/189421426;https://paperclip.gxl.ai/citations/papers/131556744;https://paperclip.gxl.ai/citations/papers/143417106
1250,Tolvaptan,"   Tolvaptan - FDA Approval Package
Clinical Pharmacology and Biopharmaceutics Review 022275/S-000 Part 02 ",,,,,,No identifiable paper citations; non-paper sources excluded.,
1251,Tomopenem,"Shibayama T, Matsushita Y, Hirota T, Ikeda T, and Kuwahara S (2006) Pharmacokinetics of CS-023 (RO4908463), a novel parenteral carbapenem, in healthy male Caucasian volunteers.  Antimicr. Agents Chemother. 50: 4186-4188.  Shibayama T, Matsushita Y, Kawai K, Hirota T, Ikeda T, and Kuwahara S (2007) Pharmacokinetics and disposition of CS-023 (RO4908463), a novel parenteral carbapenem, in animals   Antimic. Agents Chemother. 51: 257-263.  ",17043123;17074792,PMC1694003;PMC1797684,121679120;120228905,100.0,0,2 of 2 distinct cited papers matched in Paperclip.,https://paperclip.gxl.ai/citations/papers/121679120;https://paperclip.gxl.ai/citations/papers/120228905
1252,Tonapofylline,"Clinical Pharmacokinetics of Tonapofylline:Evaluation of Dose Proportionality, Oral Bioavailability, and Gender and Food Effects in Healthy Human Subjects Zhaoyang Li, Christopher TenHoor, Thomas Marbury, Suzanne Swan, Barry Ticho, Mark Rogge,  and Ivan Nestorov, J Clin Pharmacol 2011 51, 1004-1014. ppb from same paper.",20926751,,99576530,100.0,0,1 of 1 distinct cited papers matched in Paperclip.,https://paperclip.gxl.ai/citations/papers/99576530
1253,Topiramate,"Intravenous topiramate: Comparison of pharmacokinetics and safety with the oral formulation in healthy volunteers Anne M. Clark, Robert L. Kriel, Ilo E. Leppik,  Susan E. Marino, Usha Mishra,Richard C. Brundage, and James C. Cloyd. Epilepsia, 2013, 54, (6), 1099–1105. ppb: The PDR states: Topiramate is 15% to 41% bound to human plasma proteins over the blood concentration range of 0.5 to 250 mcg/mL. The fraction bound decreased as blood concentration increased. Median value of 28% taken. Accessed January 6 2015. http://pdr3d.com/detail.php?c=13144#section-3",23506041,,83497386,100.0,0,1 of 1 distinct cited papers matched in Paperclip. 1 non-paper source segment(s) excluded.,https://paperclip.gxl.ai/citations/papers/83497386
1254,Topixantrone,"Mross K, Scheulen ME, Licht T, Unger C, Richly H, Stern AC, Kutz K, Camboni MG, Barbieri P, Verdi E, Vincenzi B, and Bernareggi A (2004) Phase I clinical and pharmacokinetic study of BBR 3576, a novel aza-anthropyrazole, administered i.v. every 4 weeks in patients with advanced solid tumors: a phase 1 study group trial of the Central European Society of Anticancer Drug Research (CESAR).  Anti-Cancer Drugs 15: 15-22.",15090738,,136317905,100.0,0,1 of 1 distinct cited papers matched in Paperclip.,https://paperclip.gxl.ai/citations/papers/136317905
1255,Topotecan,"Schellens JHM, Creemers GJ, Beijnen JH, Rosing H, de Boer-Dennert M, McDonald M, Davies B, and Verweij J (1996) Bioavailability and pharmacokinetics of oral topotecan: a new topoisomerase I inhibitor.  Br. J. Canc. 73: 1268-1271.  van Warmerdam LJC, Verweij J, Schellens JHM, Rosing H, Davies BE, de Boer-Dennert M, Maes RAA, and Beijnen JH (1995) Pharmacokinetics and pharmacodynamics of topotecan administered daily for 5 days every 3 weeks.  Canc. Chemother. Pharmacol. 35: 237-245.  Masubuchi N, May RD, and Atsumi R (2004) A Predictive Model of Human Myelotoxicity Using Five Camptothecin Derivatives and the In vitro Colony-Forming Unit Granulocyte/Macrophage Assay.  Clin. Cancer Res. 10: 6722-6731.",8630291;7805183;15475463,PMC2074523,PMC2074523;133131466;128508978,100.0,33.33,3 of 3 distinct cited papers matched in Paperclip.,https://paperclip.gxl.ai/citations/papers/PMC2074523;https://paperclip.gxl.ai/citations/papers/133131466;https://paperclip.gxl.ai/citations/papers/128508978
1256,Torsemide,"Spahn H, Knauf H, and Mutschler E (1990) Pharmacokinetics of torasemide and its metabolites in healthy controls and in chronic renal failure.  Eur. J. Clin. Pharmacol. 39: 345-348.  Knauf H and Mutschler E (1998) Clinical pharmacokinetics and pharmacodynamics of torasemide.  Clin. Pharmacokinet. 34: 1-24.",2076715;9474471,,133365523;127759242,100.0,0,2 of 2 distinct cited papers matched in Paperclip.,https://paperclip.gxl.ai/citations/papers/133365523;https://paperclip.gxl.ai/citations/papers/127759242
1257,Toxogonin,"Toxogonin and Pralidoxime: Kinetic Comparison after Intravenous Administration to Man FREDERICK R. SIDELL’, WILLIAM A. GROFF, and ANDRIS KAMINSKIS. J. Pharm. Sci. 1972, 61, 1765-1769.",,,,0.0,0,0 of 1 distinct cited papers matched in Paperclip. Unmatched citations: Toxogonin and Pralidoxime: Kinetic Comparison after Intravenous Administration to Man FREDERICK R.,
1258,Tozasertib,"Phase I dose escalation study of MK-0457, a novel Aurora kinase inhibitor, in adult patients with advanced solid tumors. Anne M. Traynor Maureen Hewitt Glenn Liu  Keith T. Flaherty Jason Clark Steven J. Freedman Boyd B. Scott Ann Marie Leighton  Patricia A. Watson Baiteng Zhao Peter J. O’Dwyer George Wilding. Cancer Chemother Pharmacol 2011 67:305–314.",20386909,PMC3050703,102710215,100.0,0,1 of 1 distinct cited papers matched in Paperclip.,https://paperclip.gxl.ai/citations/papers/102710215
1259,Trabectedin,"Lau L, Supko JG, Blaney S, Harshon L, Seibel N, Krailo M, Qu W, Malkin D, Jimeno J, Bernstein M, and Baruchel S (2005) A phase I and pharmacokinetic study of ecteinascidin-743 (Yondelis) in children with refractory solid tumors.  A children's oncology group study.  Clin. Canc. Res.  11: 672-677. ppb: Jan Handrick Beumer, L. Lopez-Lazaro, Jan H.M. Schellens, Jos H. Beijnen, Olaf van Tellingen. Evaluation of Human Plasma Protein Binding of Trabectedin (Yondelis™,ET-743). Current Clinical Pharmacology, 2009, 4, 38-42",15701855;19149499,,177353569;108124696,100.0,0,2 of 2 distinct cited papers matched in Paperclip.,https://paperclip.gxl.ai/citations/papers/177353569;https://paperclip.gxl.ai/citations/papers/108124696
1260,Tramadol,"Lintz W, Barth H, Osterloh G, and Schmidt-Boethelt E (1998) Pharmacokinetics of tramadol and bioavailability of enteral tramadol formulations. 3rd communication. Suppositories.  Arz. Forsch. 48: 889-899.  Grond S and Sablotzki A (2004) Clinical pharmacology of tramadol.  Clin. Pharmacokinet. 43: 879-923.",9793614,,189614379,50.0,0,1 of 2 distinct cited papers matched in Paperclip. Unmatched citations: Clinical pharmacology of tramadol.,https://paperclip.gxl.ai/citations/papers/189614379
1261,Trametinib,"Cathrine Leonowens, Carolyn Pendry, John Bauman, Graeme C. Young, May Ho, Frank Henriquez,  Lei Fang,  Royce A. Morrison,Keith Orford, Daniele Ouellet. Concomitant oral and intravenous pharmacokinetics of trametinib, a MEK inhibitor, in subjects with solid tumours. Br J Clin Pharmacol 2014, 78:3, 524–532. ppb: the PDR states: Trametinib is 97.4% bound to human plasma proteins. Accessed January 5 2015. http://www.pdr3d.com/detail.php?c=128014#section-13.",24606567,PMC4243903,74247439,100.0,0,1 of 1 distinct cited papers matched in Paperclip. 1 non-paper source segment(s) excluded.,https://paperclip.gxl.ai/citations/papers/74247439
1262,Trandolapril,"Trandolapril - FDA Approval Package
Approval Package 020528/S-001 Part 03",,,,,,No identifiable paper citations; non-paper sources excluded.,
1263,Tranexamic acid,"Puigdellivol E, Carral ME, Moreno J, Pla-Delfina JM, and Jane F (1985) Pharmacokinetics and absolute bioavailability of intramuscular tranexamic acid in man.  Int. J. Clin. Pharmacol. Ther. Toxicol.  23: 298-301. ppb: the PDR states: The plasma protein binding of tranexamic acid is about 3% at therapeutic plasma levels and seems to be fully accounted for by its binding to plasminogen. Tranexamic acid does not bind to serum albumin. Accessed January 5 2015. http://www.pdr3d.com/detail.php?c=129323#section-3",4018929,,185702147,100.0,0,1 of 1 distinct cited papers matched in Paperclip. 1 non-paper source segment(s) excluded.,https://paperclip.gxl.ai/citations/papers/185702147
1264,Traxoprodil,"Taylor TJ, Diringer K, Russell T, Venkatakrishnan K, Wilner K, Crownover PH, Benincosa LJ, and Gibbs MA (2006) Absolute oral bioavailability of traxoprodil in cytochrome P450 2D6 extensive and poor metabolizers.  Clin. Pharmacokin. 45: 989-1001.  ",16984212,,122245918,100.0,0,1 of 1 distinct cited papers matched in Paperclip.,https://paperclip.gxl.ai/citations/papers/122245918
1265,Trazodone,Nilsen OG and Dale O (1992) Single dose pharmacokinetics of trazodone in healthy subjects.  Pharmacol. Toxicol. 71: 150-153. ppb: The PDR states: Trazodone is 89% to 95% protein bound in vitro at concentrations attained with therapeutic doses in humans. Accessed January 8 2015. http://www.pdr3d.com/detail.php?c=82125#section-14,1438031,,108972588,100.0,0,1 of 1 distinct cited papers matched in Paperclip. 1 non-paper source segment(s) excluded.,https://paperclip.gxl.ai/citations/papers/108972588
1266,Treosulfan,"Franciszek Główka, Anna Kasprzyk , Michał Romanski , Tomasz Wróbel , Jacek Wachowiak ,
Dawid Szpecht, Krzysztof Kałwak, Anna Wiela-Hojenska, Paulina Dziatkiewicz, Artur Tezyk ,
Czesław Zaba. Pharmacokinetics of treosulfan and its active monoepoxide in pediatric
patients after intravenous infusion of high-dose treosulfan prior to HSCT. European Journal of Pharmaceutical Sciences, 2015. 68, 87–93",25527118,,68946627,100.0,0,1 of 1 distinct cited papers matched in Paperclip.,https://paperclip.gxl.ai/citations/papers/68946627
1267,Treprostinil,"Absolute Bioavailability and Pharmacokinetics of Treprostinil Sodium Administered by Acute Subcutaneous Infusion. Michael Wade ,F. Jo Baker, Robert Roscigno, Wayne DellaMaestra, Thomas L. Hunt and Allen A. Lai J. Clin. Pharmacol. 2004, 44, 83-88.  ppb: The PDR states: In vitro treprostinil is 91% bound to human plasma proteins over the 330-10,000 mcg/L concentration range. Accessed January 6 2015. http://pdr3d.com/detail.php?c=128637#section-13.",14681345,,136714931,100.0,0,1 of 1 distinct cited papers matched in Paperclip. 1 non-paper source segment(s) excluded.,https://paperclip.gxl.ai/citations/papers/136714931
1268,Triamcinolone Acetonide,"Argenti D, Shah B, Heald D (1999) A pharmacokinetic study to evaluate the absolute bioavailability of triamcinolone acetonide following inhalation administration.  J. Clin. Pharmacol. 39: 695-702.  Mager DE and Jusko WJ (2002) Quantitative structure pharmacokinetic/pharmacodynamic relationships of corticosteroids in man.  J. Pharm. Sci. 91: 2441-2451.",10392324;12379930,,138657566;142520031,100.0,0,2 of 2 distinct cited papers matched in Paperclip.,https://paperclip.gxl.ai/citations/papers/138657566;https://paperclip.gxl.ai/citations/papers/142520031
1269,Triamterene,"Gilfrich HJ, Kremer G, Mohrke W, Mutschler E, and Volger KD (1983) Pharmacokinetics of triamterene after i.v. administration to man: determination of bioavailability.  Eur. J. Clin. Pharmacol. 25: 237-241.  Hasegawa J, Lin ET, Williams RL, Sorgel F, and Benet LZ  (1982) Pharmacokinetics of triamterene and its metabolite in man.  J. Pharmacokinet. Biopharm. 10: 507-523.",6628507;7166735,,123207023;131966267,100.0,0,2 of 2 distinct cited papers matched in Paperclip.,https://paperclip.gxl.ai/citations/papers/123207023;https://paperclip.gxl.ai/citations/papers/131966267
1270,Triapine,"Phase I and Pharmacokinetic Study of the Ribonucleotide Reductase Inhibitor, 3-Aminopyridine-2-Carboxaldehyde Thiosemicarbazone, Administered by 96-Hour Intravenous Continuous Infusion. Scott Wadler, Della Makower, Caroline Clairmont, Paula Lambert, Karen Fehn, and Mario Sznol. J. Cin. Onc. 2004, 22, 1553-1563",15117978,,135919944,100.0,0,1 of 1 distinct cited papers matched in Paperclip.,https://paperclip.gxl.ai/citations/papers/135919944
1271,Triazolam,"Vanderveen RP, Jirak JL, Peters GR, Cox SR, and Bombardt PA (1991) Effect of ranitidine on the disposition of orally and intravenously administered triazolam. Clin. Pharm. 10: 539-543.  Kroboth PD, Smith RB, Sorkin MI, Silver MR, Rault R, Garry M, and Juhl RP (1984) Triazolam protein binding and correlation with alpha-1 acid glycoprotein concentration.  Clin. Pharmacol. Ther. 36: 379-383.",1860302;6147221,,182901024;100771723,100.0,0,2 of 2 distinct cited papers matched in Paperclip.,https://paperclip.gxl.ai/citations/papers/182901024;https://paperclip.gxl.ai/citations/papers/100771723
1272,Trimazosin,"Meredith PA, Elliott HL, Kelman AW, and Reid JL (1985) Application of pharmacokinetic-pharmacodynamic modelling for the comparison of quinazoline alpha-adrenoreceptor agonists in normotensive volunteers.  J. Cardiovasc. Pharmacol. 7: 532-537.",2410686,,109621835,100.0,0,1 of 1 distinct cited papers matched in Paperclip.,https://paperclip.gxl.ai/citations/papers/109621835
1273,Trimethoprim,"Mannisto PT, Mantyla R, Mattila J, Nykanen S, and Lamminsivu U (1982) Comparison of pharmacokinetics of sulphadiazine and sulphamethoxazole after intravenous infusion.  J. Antimic. Chemother.  9: 461-470.   Dudley MN, Levitz RE, Quintiliani R, Hickingbotham JM, and Nightingale CH (1984) Pharmacokinetics of trimethoprim and sulfamethoxazole in serum and cerebrospinal fluid of adult patients with normal meninges.  Antimic. Agents Chemother. 26: 811-814.  Wijkstroem A and Westerlund D (1983) Plasma protein binding of sulfadiazine, sulfamethoxazole and trimethoprim determined by ultrafiltration.  J. Pharm. Biomed. Anal. 1:  293-299.",6335381;16867799,PMC180029,87171698;179057622,66.67,0,2 of 3 distinct cited papers matched in Paperclip. Unmatched citations: Comparison of pharmacokinetics of sulphadiazine and sulphamethoxazole after intravenous infusion.,https://paperclip.gxl.ai/citations/papers/87171698;https://paperclip.gxl.ai/citations/papers/179057622
1274,Trimetrexate,"Neutrexin (trimetexate glucuronate) Product Label. PDR, accessed July 28 2014. http://www.pdr3d.com/detail.php?c=1000",,,,,,No identifiable paper citations; non-paper sources excluded.,
1275,Trimipramine,"Abernethy DR, Greenblatt DJ, and Shader RI (1984) Trimipramine kinetics and absolute bioavailability:  use of gas-liquid chromatography with nitrogen-phosphorus detection.  Clin. Pharmacol. Ther. 35: 348-353.",6697642,,100053527,100.0,0,1 of 1 distinct cited papers matched in Paperclip.,https://paperclip.gxl.ai/citations/papers/100053527
1276,Triptorelin," Muller, F. O.; Terblanche, J.; Schall, R.; Van Zyl Smit, R.; Tucker, T.; Marais, K.; Groenewoud, G.; Porchet, H. C.; Weiner, M.; Hawarden, D. Pharmacokinetics of triptorelin after intravenous bolus administration in healthy males and in males with renal or hepatic insufficiency. Br. J. Clin. Pharmacol. 1997, 44, 335-341.",9354307,PMC2042859,137856686,100.0,0,1 of 1 distinct cited papers matched in Paperclip.,https://paperclip.gxl.ai/citations/papers/137856686
1277,Tropatepine,"Bun, H.; Monjanel-Mouterde, S.; Audebert, C.; Du Laurier, M. Vincent; Durand, A.; Cano, J. P. Pharmacokinetics of tropatepine in healthy volunteers. Clinical Drug Investigation, 1997, 14, 53-60.",,,,0.0,0,0 of 1 distinct cited papers matched in Paperclip. Unmatched citations: Pharmacokinetics of tropatepine in healthy volunteers.,
1278,Tropisetron,"Kees F, Farber L, Bucher M, Mair G, Morike K, and Grobecker H (2001) Pharmacokinetics of therapeutic doses of tropisetron in healthy volunteers.    Br. J. Clin. Pharmacol. 52: 705-707.",11736884,PMC2014558,140645577,100.0,0,1 of 1 distinct cited papers matched in Paperclip.,https://paperclip.gxl.ai/citations/papers/140645577
1279,Trospectomycin,"Nichols DJ, Bye A, and Novak E (1991) . Pharmacokinetics of trospectomycin sulphate in healthy subjects after single intravenous and intramuscular doses.British journal of clinical pharmacology  32(2), 255-7   fu from Lombardo et al J. Clin. Pharmacol. 2013, 53(2), 167-177 and 178-191",1834145;23436262;23436263,PMC1368455,86713802;88092331;88468499,100.0,0,3 of 3 distinct cited papers matched in Paperclip.,https://paperclip.gxl.ai/citations/papers/86713802;https://paperclip.gxl.ai/citations/papers/88092331;https://paperclip.gxl.ai/citations/papers/88468499
1280,Trospium,Trospium Chloride - FDA Approval Package. Clinical Pharmacology and Biopharmaceutics Review 021595/S-000 Part 03. Accessed via Pharmapendium. Ppb: the PDR states: Protein binding ranged from 50 to 85% when concentration levels of trospium chloride (0.5 to 50 ng/mL) were incubated with human serum in vitro.  Accessed January 6 2015. http://pdr3d.com/detail.php?c=104533#section-13. Median value of 67% taken.,,,,,,No identifiable paper citations; non-paper sources excluded.,
1281,Trovafloxacin,"Vincent J, Venitz J, Teng R, Baris BA, Willavize SA, Polzer RJ, and Friedman HL (1997) Pharmacokinetics and safety of trovafloxacin in healthy male volunteers following administration of single intravenous doses of the prodrug, alatrovafloxacin.  J. Antimic. Chemother. 39(Suppl B): 75-80.  Teng R, Liston TE, Harris SC (1996) Multiple-dose pharmacokinetics and safety of trovafloxacin in healthy volunteers.  J. Antimic. Chemother.  37: 955-963.",9222074;8737145,,161385828;120683212,100.0,0,2 of 2 distinct cited papers matched in Paperclip.,https://paperclip.gxl.ai/citations/papers/161385828;https://paperclip.gxl.ai/citations/papers/120683212
1282,Troxacitabine,"Giles FJ, Cortes JE, Baker SD, Thomas DA, O'Brien S, Smith TL, Beran M, Bivins C, Jolivet J, and Kantarjian HM. (2001) Troxacitabine, a novel dioxolane nucleoside analog, has activity in patients with advanced leukemia.  J. Clin. Oncol. 19: 762-771.",11157029,,52651787,100.0,0,1 of 1 distinct cited papers matched in Paperclip.,https://paperclip.gxl.ai/citations/papers/52651787
1283,Tubocurarine,"Razman IM, Shanks CA, and Triggs EJ (1978) Studies of d-tubocurarine pharmacokinetics in humans and dogs.  Anaesth. Intens. Care 6: 30-35.  Ghoneim MM, Kramer SE, Bannow R, Pandya H, and Routh JI (1973) Binding of d-tubocurarine to plasma proteins in normal man and in patients with hepatic or renal disease.  Anesthesiol.  39: 410-415.",665974,,34616527,50.0,0,1 of 2 distinct cited papers matched in Paperclip. Unmatched citations: Binding of d-tubocurarine to plasma proteins in normal man and in patients with hepatic or renal disease.,https://paperclip.gxl.ai/citations/papers/34616527
1284,TZP 101,"Kenneth C. Lasseter, Laura Shaughnessy,  David Cummings, John C. Pezzullo,  William Wargin, Rene Gagnon, Jesus Oliva, and Gordana Kosutic. Ghrelin Agonist (TZP-101): Safety, Pharmacokinetics and Pharmacodynamic Evaluation in Healthy Volunteers: A Phase I, First-in-Human Study. J. Clin. Pharmacol. 2008; 48; 193-202//  ppb: Wargin, William; Thomas, Helmut; Clohs, Lilian; St-Louis, Carl; Ejskjaer, Niels; Gutierrez, Maria; Shaughnessy, Laura; Kosutic, Gordana. Contribution of protein binding to the pharmacokinetics of the ghrelin receptor agonist TZP-​101 in healthy volunteers and adults with symptomatic gastroparesis: two randomized, double-​blind studies and a binding profile study. Clin. Drug Invest., 2009, 29, 409-418.",18199894;19432500,,114306914;107389198,100.0,0,2 of 2 distinct cited papers matched in Paperclip.,https://paperclip.gxl.ai/citations/papers/114306914;https://paperclip.gxl.ai/citations/papers/107389198
1285,"UK-240,455","Webster R, Cole S, Gedge J, Roffey S, Walker D, and Wild W (2003) Pharmacokinetics and disposition of a novel NMDA glycine site antagonist (UK-240,455) in rats, dogs, and man.  Xenobiotica 33: 541-560.",12746109,,136037532,100.0,0,1 of 1 distinct cited papers matched in Paperclip.,https://paperclip.gxl.ai/citations/papers/136037532
1286,Umeclidinium,http://www.ema.europa.eu/docs/en_GB/document_library/EPAR_-_Public_assessment_report/human/002809/WC500167431.pdf. Accessed July 29 2016,,,,,,No identifiable paper citations; non-paper sources excluded.,
1287,Urapidil,"Zech K, Steinijans VW, and Radtke HW (1986) Pharmacokinetics of urapidil in normal subjects. In Amery (Ed) Treatment of Hypertension with Urapidil: Preclinical and Clinical Update. 29-38, ICSS 101, RSM Services Ltd, London.",,,,0.0,0,0 of 1 distinct cited papers matched in Paperclip. Unmatched citations: In Amery (Ed) Treatment of Hypertension with Urapidil: Preclinical and Clinical Update.,
1288,Ursolic acid,"Quantitation of ursolic acid in human plasma by ultra performance liquid chromatography tandem mass spectrometry and its pharmacokinetic study. Yuanyuan Xia, Guangli Wei, Duanyun Si, Changxiao Liu. Journal of Chromatography B, 2011, 879, 219–224",21169069,,97931000,100.0,0,1 of 1 distinct cited papers matched in Paperclip.,https://paperclip.gxl.ai/citations/papers/97931000
1289,Vaborbactam,"David C. Griffith, Jeffery S. Loutit, Elizabeth E. Morgan, Stephanie Durso, Michael N. Dudley. Phase 1 Study of the Safety, Tolerability, and Pharmacokinetics of the β-Lactamase Inhibitor Vaborbactam (RPX7009) in Healthy Adult Subjects. Antimicrobial Agents and Chemotherapy, 2016, 60:6326–6332.",27527080,PMC5038296,58407488,100.0,0,1 of 1 distinct cited papers matched in Paperclip.,https://paperclip.gxl.ai/citations/papers/58407488
1290,Valbenazine,"Label from FDA site. https://www.accessdata.fda.gov/drugsatfda_docs/label/2017/209241lbl.pdf. 
Accessed May 16 2017",,,,,,No identifiable paper citations; non-paper sources excluded.,
1291,Valdecoxib,"Valdecoxib - FDA Approval Package
Clinical Pharmacology and Biopharmaceutics Review 021341/S-000 Part 02",,,,,,No identifiable paper citations; non-paper sources excluded.,
1292,Valproic Acid,"Bryson SM, Verma N, Scott PJW, and Rubin PC (1983) Pharmacokinetics of valproic acid in young and elderly subjects.  Br. J. Clin. Pharmacol. 16: 104-105.  Hussein Z, Patterson KJ, Lamm JE, Cavanaugh JH, and Granneman GR (1993) Effect of infusion duration on valproate pharmacokinetics.  Biopharm. Drug Dispos. 14: 389-399.  Gugler R and Meuller G (1978) Plasma protein binding of valproic acid in healthy subjects and in patients with renal disease.  Br. J. Clin. Pharmacol. 5: 441-446.",6411107;8218957;350249,PMC1427943;PMC1429355,88342762;122515203;86842475,100.0,0,3 of 3 distinct cited papers matched in Paperclip.,https://paperclip.gxl.ai/citations/papers/88342762;https://paperclip.gxl.ai/citations/papers/122515203;https://paperclip.gxl.ai/citations/papers/86842475
1293,Valsartan,"Flesch G, Muller P, and Lloyd P (1997) Absolute bioavailability and pharmacokinetics of valsartan, an angiotensin receptor antagonist, in man.  Eur. J. Clin. Pharmacol. 52: 115-120.  Colussi DM, Parisot C, Rossolino ML, Brunner LA, and Lefevre GY (1997) Protein binding in plasma of valsartan, a new angiotensin II receptor antagonist.  J. Clin. Pharmacol. 37: 214-221.",9174680;9089423,,143702423;82765887,100.0,0,2 of 2 distinct cited papers matched in Paperclip.,https://paperclip.gxl.ai/citations/papers/143702423;https://paperclip.gxl.ai/citations/papers/82765887
1294,Valspodar,"Lush RM, Meadows B, Fojo AT, Kalafsky G, Smith HT, Bates S, and Figg WD (1997) Initial pharmacokinetics and bioavailability of PSC 833, a P-glycoprotein antagonist.  J. Clin. Pharmacol. 37: 123-128.  Simon N, Dailly E, Combes O,  Malaurie E,  Lemaire M, Tillement JP, and Urien S (1998) Role of lipoproteins in the plasma binding of SDZ PSC 833, a novel multidrug resistance-reversing cyclosporin. Br. J. Clin. Pharmacol. 45: 173-175.",9055138;9491834,PMC1873350,84140699;140260879,100.0,0,2 of 2 distinct cited papers matched in Paperclip.,https://paperclip.gxl.ai/citations/papers/84140699;https://paperclip.gxl.ai/citations/papers/140260879
1295,Vancomycin,"Rodvold KA, Blum RA, Fischer JH, Zokufa HZ, Rotschafer JC, Crossley KB, and Riff LJ (1988) Vancomycin pharmacokinetics in patients with various degrees of renal function.  Antimic. Agents Chemother. 32: 848-852.  Matzke GR, McGory RW, Halstenson CE, and Keane WF (1984) Pharmacokinetics of vancomycin in patients with various degrees of renal function. Antimic. Agents Chemother. 25: 433-437.  Cutler NR, Narang PK, Lesko LJ, Ninos M, and Power M (1984) Vancomycin disposition: the importance of age.  Clin. Pharmacol. Ther. 36: 803-810.  Nakashima M, Katagiri K, Oguma T (1992) Phase 1 studies for vancomycin hydrochloride for injection.  Chemotherapy 40: 210-224.",3415206;6732213;6499360,PMC172294;PMC185546,87171977;86916751;100771763,75.0,0,"3 of 4 distinct cited papers matched in Paperclip. Unmatched citations: Nakashima M, Katagiri K, Oguma T . Phase 1 studies for vancomycin hydrochloride for injection. Chemotherapy 40: 210-224.",https://paperclip.gxl.ai/citations/papers/87171977;https://paperclip.gxl.ai/citations/papers/86916751;https://paperclip.gxl.ai/citations/papers/100771763
1296,Vardenafil,Levitra Product Label,,,,,,No identifiable paper citations; non-paper sources excluded.,
1297,Vecuronium Bromide,"Arden JR, Lynam DP, Castagnoli KP, Canfell PC, Cannon JC, and Miller RD (1988) Vercuronium in alcoholic liver disease: a pharmacokinetic and pharmacodynamic analysis.  Anesthesiology  68: 771-776.  Cameron M, Donati F, and Varin F (1995) In vitro plasma protein binding of neuromuscular blocking agents in different subpopulations of patients.  Anesth. Analg 81: 1019-1025.  Bencini AF, Scaf AH, Sohn YJ, Meistelman C, Lienhart A, Kersten UW, Schwarz S, and Agoston S (1986) Disposition and urinary excretion of vecuronium bromide in anethetised patients with normal renal function or renal failure.  Anesth. Analg. 65: 245-251. ",7486041;2869722,,135062977;184548727,66.67,0,2 of 3 distinct cited papers matched in Paperclip. Unmatched citations: Vercuronium in alcoholic liver disease: a pharmacokinetic and pharmacodynamic analysis.,https://paperclip.gxl.ai/citations/papers/135062977;https://paperclip.gxl.ai/citations/papers/184548727
1298,Velcalcetide,"Kevin J. Martin, Gregory Bell, Karen Pickthorn, Saling Huang, Andrew Vick, Peter Hodsman4 and Munro Peacock. Velcalcetide (AMG 416), a novel peptide agonist of the calcium-sensing receptor, reduces serum parathyroid hormone and FGF23 levels in healthy male subjects. Nephrol Dial Transplant (2014) 29: 385–392",24235081,PMC3910343,PMC3910343,100.0,100,1 of 1 distinct cited papers matched in Paperclip.,https://paperclip.gxl.ai/citations/papers/PMC3910343
1299,Venlafaxine,"Patat A, Troy S, Burke J, Trocherie S, Danjou P, LeCoz F, Allain H, and Gandon JM (1998) Absolute bioavailability and electroencephalographic effects of conventional and extended-release formulations of venlafaxine in healthy subjects.  J. Clin. Pharmacol. 38: 256-267.  Effexor Product Label.",9549664,,82265825,100.0,0,1 of 1 distinct cited papers matched in Paperclip. 1 non-paper source segment(s) excluded.,https://paperclip.gxl.ai/citations/papers/82265825
1300,Verapamil,"Abernethy DR, Wainer IW, Longstreth JA, and Andrawis NS (1993) Stereoselective verapamil disposition and dynamics in aging during racemic verapamil administration.  J. Pharmacol. Exp. Ther. 266: 904-911.  Zachariah PK, Moyer TP, Theobald HM, Frantz RP, Kurtz SB, McCarthy JT, and Smith RL (1991) The pharmacokinetics of racemic verapamil in patients with impaired renal function.  J. Clin. Pharmacol. 31: 45-53.  Eichelbaum M, Mikus G, and Vogelgesang B (1984) Pharmacokinetics of (+)-, (-)- and (+/-)-verapamil after ntravenous administration.  Br. J. Clin. Pharmacol. 17: 453-458.  Eichelbaum M, Somogyi A, von Unruh GE, and Dengler HJ (1981) Simultaneous determination of the intravenous and oral pharmacokinetic parameters of D,L-verapamil using stable isoyope-labelled verapamil.  Eur. J. Clin. Pharmacol. 19: 133-137.  Kirsten R, Nelson K, Kirsten D, and Heintz B (1998) Clinical  pharmacokinetics  of vasodilators. Part I.  Clin. Pharmacokinet. 34: 457-482.  ",8355215;2045528;6721991;7202473,PMC1463390,189097641;82765616;86842812;133403473,80.0,0,4 of 5 distinct cited papers matched in Paperclip. Unmatched citations: Clinical pharmacokinetics of vasodilators.,https://paperclip.gxl.ai/citations/papers/189097641;https://paperclip.gxl.ai/citations/papers/82765616;https://paperclip.gxl.ai/citations/papers/86842812;https://paperclip.gxl.ai/citations/papers/133403473
1301,Verlukast,"Depre M, Margolskee DJ, Hseih JYK, Van Hecken A, Buntinx A, De Lepeleire I, Rogers JD, and De Schepper PJ (1992) Plasma drug profiles and tolerability of MK-571 (L-660,711), a leukotriene D4 receptor antagonist, in man.  Eur. J. Clin. Pharmacol. 43: 427-430.  Cheng H, Schwartz JI, Lin C, Amin RD, Seibold JR, Lasseter KC, Ebel DL, Tocco DJ, and Rogers JD (1994) The bioavailability and nonlinear pharmacokinetics of MK-679 in humans. Biopharm. Drug Dispos. 15: 409-418.",1451725;7981429,,128791797;122515231,100.0,0,2 of 2 distinct cited papers matched in Paperclip.,https://paperclip.gxl.ai/citations/papers/128791797;https://paperclip.gxl.ai/citations/papers/122515231
1302,Vernakalant,"Disposition and Mass Balance of [14C]Vernakalant After Single Intravenous and Oral Doses in Healthy Volunteers. Z. L. Mao, A. Alak, J. J. Wheeler and J. Keirns. Drug Metabolism Letters, 2011, 5, 114-125.",21457140,,96594576,100.0,0,1 of 1 distinct cited papers matched in Paperclip.,https://paperclip.gxl.ai/citations/papers/96594576
1303,Verteporfin-Mac,"Verteporfin - FDA Approval Package
Clinical Pharmacology and Biopharmaceutics Review 021119/S-000 Part 02",,,,,,No identifiable paper citations; non-paper sources excluded.,
1304,Verteporfin-Mad,"Verteporfin - FDA Approval Package
Clinical Pharmacology and Biopharmaceutics Review 021119/S-000 Part 03",,,,,,No identifiable paper citations; non-paper sources excluded.,
1305,Vestipitant,"Richard A. Brigandi, Steven F. Russ, Chantal Petit, Brendan Johnson, Scott Croy,
Peter Hodsman, Fran Muller. Intravenous Pharmacokinetics, Local Tolerability, and Hemolysis of an SBE7‐β‐Cyclodextrin Formulation of the Neurokinin‐1 Receptor
Antagonist Vestipitant. Clinical Pharmacology in Drug Development 2015, 4(2) 130–136",26097793,PMC4467239,PMC4467239,100.0,100,1 of 1 distinct cited papers matched in Paperclip.,https://paperclip.gxl.ai/citations/papers/PMC4467239
1306,Vilanterol,"Anoro Ellipta, Product label. PDR, accessed October 13 2014. http://www.pdr3d.com/detail.php?c=130062#section-13. For clearance see also, The Pharmacokinetics of Fluticasone Furoate and Vilanterol Following Single Inhaled Administration in Combination and Intravenous Administration of Individual Components in Healthy Subjects.  Ann Allen, Ludovic Apoux, Jo Bal, Joseph Bianco, Alison Moore,  Ramiya Ravindranath,  Lee Tombs, Rodger D Kempsford. J Bioequiv Availab, 2013, 5:165-173.",,,,0.0,0,0 of 1 distinct cited papers matched in Paperclip. 1 non-paper source segment(s) excluded. Unmatched citations: The Pharmacokinetics of Fluticasone Furoate and Vilanterol Following Single Inhaled Administration in Combination and Intravenous Administration of Individual Components in Healthy Subjects.,
1307,Vilazodone,"Vilazodone, FDA package, accessed November 30 2016, http://www.accessdata.fda.gov/drugsatfda_docs/nda/2011/022567Orig1s000ClinPharmR.pdf",,,,,,No identifiable paper citations; non-paper sources excluded.,
1308,Vildagliptin,"Yan-Ling He, Brian M. Sadler, Ron Sabo, Sebastien Balez, Yibin Wang, Joelle Campestrini, Aziz Laurent, Monica Ligueros-Saylan and Dan Howard. The Absolute Oral Bioavailabilityand Population-Based Pharmacokinetic Modelling of a Novel Dipeptidylpeptidase-IV Inhibitor, Vildagliptin, in Healthy Volunteers Clin. Pharmacokin. 2007, 46, 787-802. ",17713976,,116351560,100.0,0,1 of 1 distinct cited papers matched in Paperclip.,https://paperclip.gxl.ai/citations/papers/116351560
1309,Viloxazine,"Pisani F, Fazio A, Spina E, Artesi C, Pisani B, Russo M, Trio R, and Perucca E (1986) Pharmacokinetics of the antidepressant drug viloxazine in normal subjects and in epileptic patients receiving chronic anticonvulsant treatment.  Psychopharmacol.  90: 295-298.",3097715,,135041336,100.0,0,1 of 1 distinct cited papers matched in Paperclip.,https://paperclip.gxl.ai/citations/papers/135041336
1310,Vinblastine,"Lu K, Yap HY, and Loo TL (1983) Clinical pharmacokinetics of vinblastine by continuous intravenous infusion.  Canc. Res. 43: 1405-1408.  Lee KJ, Mower R, Hollenbeck T, Castelo J, Johnson N, Gordon P, Sinko PJ, Holme K, and Lee YH (2003) Modulation of nonspecific binding in ultrafiltration protein binding studies.  Pharm.Res. 20: 1015-1021.",6825110;12880287,,188356249;137952822,100.0,0,2 of 2 distinct cited papers matched in Paperclip.,https://paperclip.gxl.ai/citations/papers/188356249;https://paperclip.gxl.ai/citations/papers/137952822
1311,Vincristine,"Sethi VS, Jackson DV, White DR, Richards F, Stuart JJ, Muss HB, Cooper MR, and Spurr CL (1981) Pharmacokinetics of vincristine sulfate in adult cancer patients.  Cancer Res. 41: 3551-3555.  Abdel-Rahman M, Wosch F, Harder S, and Woodcock BG (1992) Interaction between verapamil and vincristine binding to plasma proteins. Int. J. Clin. Pharmacol. Ther. Toxicol. 30:536",7260915,,188613155,50.0,0,1 of 2 distinct cited papers matched in Paperclip. Unmatched citations: Interaction between verapamil and vincristine binding to plasma proteins.,https://paperclip.gxl.ai/citations/papers/188613155
1312,Vindesine,"Ohnuma T, Norton L, Andrejczuk A, and Holland JF (1995) Pharmacokinetics of vindesine given as an intravenous bolus and 24-hour infusion in humans. Cancer Res. 45: 464-469.  ",3965152,,185666787,100.0,0,"1 of 1 distinct cited papers matched in Paperclip. Bibliographic match checked against title, author and pagination at https://pubmed.ncbi.nlm.nih.gov/3965152/.",https://paperclip.gxl.ai/citations/papers/185666787
1313,Vinorelbine,"Sorio R, Robieux I, Galligioni E, Freschi, A, Colussi AM, Crivellari D, Saracchini S, and Monfardini S (1997) Pharmacokinetics and tolerance of vinorelbine in elderly patients with metastatic breast cancer.  Eur. J. Cancer  33: 301-303.   Gebbia V and Puozzo C (2005) Oral versus intravenous vinorelbine: clinical safety profile.  Exp. Op. Drug Safety 4: 915-928. ",9135505;16111453,,179336625;128598859,100.0,0,2 of 2 distinct cited papers matched in Paperclip.,https://paperclip.gxl.ai/citations/papers/179336625;https://paperclip.gxl.ai/citations/papers/128598859
1314,Vinpocetine,"Pharmacokinetics of vinpocetine in humans. Verczkey L., Czira, G., Tamas J, Szentirmay Zs., Botar, Z., Szporny, L. Arzneim-Forsch. 1979, 29, 957-960. ppb: Storm, G.; Oosterhuis, B.; Sollie, F. A. E.; Visscher, H. W.; Sommer, W.; Beitinger, H.; Jonkman, J. H. G. Lack of pharmacokinetic interaction between vinpocetine and oxazepam. British Journal of Clinical Pharmacology (1994), 38(2), 143-146",582791;7981015,PMC1364860,187775356;87158010,100.0,0,2 of 2 distinct cited papers matched in Paperclip.,https://paperclip.gxl.ai/citations/papers/187775356;https://paperclip.gxl.ai/citations/papers/87158010
1315,Viqualine,"J. B. Fourtillan, S. Bouquet, J. Girault, M. A. Lefebvre, C. Maulet, Ph. Courtois. Pharmacokinetics and bioavailability of viqualine a new antidepressant. European Journal of Drug Metabolism and Pharmacokinetics. 1985, 10(1) , 3-10",4029218,,100170970,100.0,0,1 of 1 distinct cited papers matched in Paperclip.,https://paperclip.gxl.ai/citations/papers/100170970
1316,Vismodegib,"Bioavailability of the hedgehog pathway inhibitor GDC-0449 in a phase I Pharmacokinetic (PK) study in healthy female subjects. 46th Annu Meet Am Soc Clin Oncol (ASCO) (June 4-8, Chicago) 2010, Abst e13009  
Graham, R.A.; Morrison, G.E.; Chang, I.; et al. Following the IV bolus dose GDC-0449 plasma concentrations decreased markedly over the first 30 minutes; this short distribution phase was followed by a slower elimination phase through the remainder of the study, with an average terminal t of 10.2 ± 2.06 d. Clearance was 47.2 ± 14.1 mL/hr; volume of distribution (Vss) was 16.1 ± 2.34 L; mean bioavailability was 34.7 ± 5.76%. ",,,,0.0,0,"0 of 1 distinct cited papers matched in Paperclip. Unmatched citations: Following the IV bolus dose GDC-0449 plasma concentrations decreased markedly over the first 30 minutes; this short distribution phase was followed by a slower elimination phase through the remainder of the study, with an average terminal t of 10.2 ± 2.06 d.",
1317,Volasertib,"A phase I, dose-escalation study of the novel Polo-like kinase inhibitor volasertib (BI 6727) in patients with advanced solid tumours. Patrick Schoffski , Ahmad Awada , Herlinde Dumez , Thierry Gil ,Sylvie Bartholomeus , Pascal Wolter, Martine Taton, Holger Fritsch , Patricia Glomb , Gerd Munzert. EUROPEAN JOURNAL OF CANCER 4 8 ( 2 0 1 2 ) 1 7 9 –1 8 6",22119200,,92774841,100.0,0,1 of 1 distinct cited papers matched in Paperclip.,https://paperclip.gxl.ai/citations/papers/92774841
1318,Vorapaxar,https://www.accessdata.fda.gov/drugsatfda_docs/nda/2014/204886Orig1s000ClinPharmR.pdf. Accessed May 23 2017. ,,,,,,No identifiable paper citations; non-paper sources excluded.,
1319,Voriconazole,"Purkins L, Wood N, Greenhalgh K, Eve MD, Oliver SD, and Nichols D (2003) The pharmacokinetics and safety of intravenous voriconazole - a novel wide-spectrum antifungal agent.  Br. J. Clin. Pharmacol. 56(Suppl. 1):  2-9.   Roffey SJ, Cole S, Comby P, Gibson D, Jezequel SG, Nedderman ANR, Smith DA, Walker DK, and Wood N (2003) The disposition of voriconazole in mouse, rat, rabbit, guinea pig, dog, and human.  Drug Metab. Dispos. 31: 731-741.",14616407;12756205,PMC1884316,137561804;138954285,100.0,0,2 of 2 distinct cited papers matched in Paperclip.,https://paperclip.gxl.ai/citations/papers/137561804;https://paperclip.gxl.ai/citations/papers/138954285
1320,Vorinostat,"Kelly WK, Richon VM, O'Connor O, Curley T, MacGregor-Curtelli B, Tong W, Klang M, Schwartz L, Richardson S, Rosa E, Drobnjak M, Cordon-Cordo C, Chiao JH, Rifkind R, Marks PA, Scher H (2003) Phase I clinical trial of histone deacetylase inhibitor: suberoylanilide hydroxamic acid administered intravenously.  Clin. Cancer Res.  9: 3578-3588.  Zolinza Product Label.",,,,0.0,0,0 of 1 distinct cited papers matched in Paperclip. 1 non-paper source segment(s) excluded. Unmatched citations: Phase I clinical trial of histone deacetylase inhibitor: suberoylanilide hydroxamic acid administered intravenously.,
1321,Vortioxetine,"Johan Areberg, Birgitte Søgaard and Astrid-Maria Højer. The Clinical Pharmacokinetics of Lu AA21004 and its Major Metabolite in Healthy Young Volunteers Basic & Clinical Pharmacology & Toxicology, 2012, 111, 198–205. ppb: the PDR states: The plasma protein binding of vortioxetine in humans is 98%, independent of plasma concentrations. Accessed January 5 2015. http://www.pdr3d.com/detail.php?c=131238#section-15",22448783,,88882554,100.0,0,1 of 1 distinct cited papers matched in Paperclip. 1 non-paper source segment(s) excluded.,https://paperclip.gxl.ai/citations/papers/88882554
1322,Vosaroxin,"C.M. Nijenhuis, L. Lucas, H. Rosing, A.D.R. Huitema, M. Mergui-Roelvink, G. C. Jamieson., J.A. Fox, D.R. Mould, J.H.M. Schellens, J.H. Beijnen. Metabolismand disposition of the anticancer quinolone derivative vosaroxin, a novel inhibitor of topoisomerase II. Invest. New Drugs. DOI 10.1007/s10637-017-0428-1.",28138829,,52195099,100.0,0,1 of 1 distinct cited papers matched in Paperclip.,https://paperclip.gxl.ai/citations/papers/52195099
1323,Warfarin,"Bjornsson TD, Meffin PJ, Swezey S, and Blaschke TF (1979) Clofibrate displaces warfarin from plasma proteins in man: an example of a pure displacement interaction.  J. Pharmacol. Exp. Ther. 210: 316-321.",480183,,187028380,100.0,0,1 of 1 distinct cited papers matched in Paperclip.,https://paperclip.gxl.ai/citations/papers/187028380
1324,WCK771,"R.D. Yeole , V.L. Kulkarni, S.B. Latad, R.P. Chavan, Y. Chugh, M.V. Patel, H.F. Khorakiwala. Simple liquid chromatography–tandem mass spectrometry method for determination of novel anti-methicillin-resistant Staphylococcus aureus fluoroquinolone WCK 771 in human serum. J Chromatog. B, 2007, 846 , 306–312.",17027349,,122430509,100.0,0,1 of 1 distinct cited papers matched in Paperclip.,https://paperclip.gxl.ai/citations/papers/122430509
1325,Xamoterol,"Bastain W, Boyce MJ, Stafford LE, Morton PB, Clarke DA, and Marlow HF (1988) Pharmacokinetics of xamoterol after intravenous and oral administration to volunteers. Eur. J. Clin. Pharmacol. 34: 469-473.  ",2904884,,131388838,100.0,0,1 of 1 distinct cited papers matched in Paperclip.,https://paperclip.gxl.ai/citations/papers/131388838
1326,XG-102,"Catherine Deloche, Luis Lopez-Lazaro, Sebastien Mouz, Julien Perino, Claire Abadie, Jean-Marc Combette. XG-102 administered to healthy male volunteers as a single intravenous infusion: a randomized, double-blind, placebo-controlled, dose-escalating study. Pharma Res Per, 2 (1), 2014, e00020, doi: 10.1002/prp2.20",25505576,PMC4186400,PMC4186400,100.0,100,1 of 1 distinct cited papers matched in Paperclip.,https://paperclip.gxl.ai/citations/papers/PMC4186400
1327,XK469R,"Wendy Stock,  Samir D. Undevia, Carol Bivins, Farhad Ravandi, Olatoyosi Odenike, Stefan Faderl, Elizabeth Rich, Gautam Borthakur, Lucy Godley, Srdan Verstovsek , Andrew Artz , William Wierda, Richard A. Larson, Yanming Zhang,  Jorge Cortes, Mark J. Ratain, Francis J. Giles. A phase I and pharmacokinetic study of XK469R (NSC 698215), a quinoxaline phenoxypropionic acid derivative, in patients with refractory acute leukemia. // ppb: Alousi AM1, Boinpally R, Wiegand R, Parchment R, Gadgeel S, Heilbrun LK, Wozniak AJ, DeLuca P, LoRusso PM. A phase 1 trial of XK469: toxicity profile of a selective topoisomerase II beta inhibitor. Invest. New Drugs, 2007, 25, 147-154.",18425419;17103044,PMC4905709,112425250;121507994,100.0,0,2 of 2 distinct cited papers matched in Paperclip.,https://paperclip.gxl.ai/citations/papers/112425250;https://paperclip.gxl.ai/citations/papers/121507994
1328,XR5000,"D.J. Propper, J. de Bono, A. Saleem, S. Ellard, E. Flanagan, J. Paul, T.S. Ganesan, D.C. Talbot, E.O. Aboagye, P. Price, A.L. Harris, C. Twelves.  Use of Positron Emission Tomography in Pharmacokinetic Studies to Investigate Therapeutic Advantage in a Phase I Study of 120-Hour Intravenous Infusion XR5000. J Clin Oncol 2003, 21:203-210//ppb: Evans S M; Robertson I G; Paxton J W. Plasma protein binding of the experimental antitumour agent acridine-​4-​carboxamide in man, dog, rat and rabbit.  J. Pharm. Pharmacol., 1994, 46, 63-67.",12525511;8201529,,140584978;96332725,100.0,0,2 of 2 distinct cited papers matched in Paperclip.,https://paperclip.gxl.ai/citations/papers/140584978;https://paperclip.gxl.ai/citations/papers/96332725
1329,Xylose_D,"Kinetic analysis of D-xylose absorption in normal subjects and in patients with chronic renal failureCraig R M; Murphy P; Gibson T P; Quintanilla A; Chao G C; Cochrane C; Patterson A; Atkinson A J Jr  The Journal of laboratory and clinical medicine (1983), 101(3), 496-506",6827177,,188357041,100.0,0,1 of 1 distinct cited papers matched in Paperclip.,https://paperclip.gxl.ai/citations/papers/188357041
1330,Y 20811,"Mitsutaka Kanamaru,  Mitsuyoshi Nakashima. Phase I Study of Y-20811, a New Long- Acting Thromboxane Synthetase Inhibitor by Intravenous Administration. J ClIn Pharmacol 1989;29: 563-567 ",2502563,,82084123,100.0,0,1 of 1 distinct cited papers matched in Paperclip.,https://paperclip.gxl.ai/citations/papers/82084123
1331,YM 060,"SEKINO HISAYUKI NAKAMICHI NOBORU, MIURA YUYA, TAKESHIGE TETSUO. Phase I Study of YM 060: Tolerance and Pharmacokinetics of YM 060 Following Repeat Intravenous administration in Healthy Male Volunteers. Yakuri to Chiryo (Jpn. Pharmacol. Ther.) 1994, 22, 3877-3888.",,,,0.0,0,0 of 1 distinct cited papers matched in Paperclip. Unmatched citations: Phase I Study of YM 060: Tolerance and Pharmacokinetics of YM 060 Following Repeat Intravenous administration in Healthy Male Volunteers.,
1332,YM155,"Phase I and Pharmacokinetic Study of YM155, a Small-Molecule Inhibitor of Survivin. Anthony W. Tolcher, Alain Mita, Lionel D. Lewis, Christopher R. Garrett, Elizabeth Till, Adil I. Daud, Amita Patnaik, Kyri Papadopoulos, Chris Takimoto, Pamela Bartels, Anne Keating, and Scott Antonia. J. Cin. Onc. 2008, 26, 5198-5203.",18824702,PMC4879696,110357006,100.0,0,1 of 1 distinct cited papers matched in Paperclip.,https://paperclip.gxl.ai/citations/papers/110357006
1333,Yohimbine,"Pascal Le Corre, Gilles Dollo, Francois Chevanne, Roger Le Verge. Biopharmaceutics and metabolism of yohimbine in humans. European Journal of Pharmaceutical Sciences 9 (1999) 79–84",10494000,,7534625,100.0,0,1 of 1 distinct cited papers matched in Paperclip.,https://paperclip.gxl.ai/citations/papers/7534625
1334,Zalcitabine,"Klecker RW, Collins JM, Yarchoan RC, Thomas R, McAtee N, Broder S, and Myers CE (1988) Pharmacokinetics of 2',3'-dideoxycytidine in patients with AIDS and related disorders.  J. Clin. Pharmacol. 28: 837-842. ppb: The PDR states: The drug was <4% bound to plasma proteins, indicating that drug interactions involving binding-site displacement are unlikely. Accessed January 6 2015. http://pdr3d.com/detail.php?c=867#section-5",2852679,,82084076,100.0,0,1 of 1 distinct cited papers matched in Paperclip. 1 non-paper source segment(s) excluded.,https://paperclip.gxl.ai/citations/papers/82084076
1335,Zaleplon,"Rosen AS, Fournie P, Darwish M, Danjou P, and Troy SM (1999) Zaleplon pharmacokinetics and absolute bioavailability.  Biopharm. Drug Dispos. 20: 171-175.   Sonata Product Label.",10211871,,143480824,100.0,0,1 of 1 distinct cited papers matched in Paperclip. 1 non-paper source segment(s) excluded.,https://paperclip.gxl.ai/citations/papers/143480824
1336,Zalypsis,"First-in-man phase I trial of two schedules of the novel synthetic tetrahydroisoquinoline alkaloid PM00104 (Zalypsis) in patients with advanced solid tumours. Yap, T. A.; Cortes-Funes, H.; Shaw, H.; Rodriguez, R.; Olmos, D.; Lal, R.; Fong, P. C.; Tan, D. S.; Harris, D.; Capdevila, J.; et al British Journal of Cancer (2012), 106(8), 1379-1385.",22491421,PMC3326684,PMC3326684,100.0,100,1 of 1 distinct cited papers matched in Paperclip.,https://paperclip.gxl.ai/citations/papers/PMC3326684
1337,Zanamivir,"Cass LMR, Efthymiopoulos C, and Bye A (1999) Pharmacokinetics of zanamivir after intravenous, oral, inhaled or intranasal administration to healthy volunteers.  Clin. Pharmacokinet. 36(Suppl. 1): 1-11.  Daniel MJ, Barnett JM, and Pearson BA (1999) The low potential for drug interactions with zanamivir.  Clin. Pharmacokinet. 36(Suppl. 1): 41-50.",10429835,,127759258,50.0,0,1 of 2 distinct cited papers matched in Paperclip. Unmatched citations: Pharmacokinet.,https://paperclip.gxl.ai/citations/papers/127759258
1338,Zatebradine,"Roth, W.; Bauer, E.; Heinzel, G.; Cornelissen, P. J. G.; Van Tol, R. G. L.; Jonkman, J. H. G.; Zuiderwijk, P. B. M.  Zatebradine: pharmacokinetics of a novel heart-rate-lowering agent after intravenous infusion and oral administration to healthy subjects. J. Pharm. Sci. 1993, 82, 99-106.",8429501,,122643499,100.0,0,1 of 1 distinct cited papers matched in Paperclip.,https://paperclip.gxl.ai/citations/papers/122643499
1339,ZD-9331,"Maja JA de Jonge, B Glimelius, Jaap Verweij, C van Groening en, J Bonneterre, EGE de Vries, S Culine, J Young ,7 Rob Smith,  J Droz. E¡ects of impaired renal function on the pharmacokinetics and toxicity of i.v. ZD9331, a novel non-polyglutamated thymidylate synthase inhibitor, in adult patients with solid tumors. Anti-Cancer Drugs 2002, 13,  645–653",12172511,,139909757,100.0,0,1 of 1 distinct cited papers matched in Paperclip.,https://paperclip.gxl.ai/citations/papers/139909757
1340,Ziconotide,http://www.accessdata.fda.gov/drugsatfda_docs/nda/2004/21-060_Prialt_Biopharmr.PDF. Accessed December 18 2016.,,,,,,No identifiable paper citations; non-paper sources excluded.,
1341,Zidovudine,"Aweeka FT, Mak M, Al-Uzri A, Peter K, Dett C, Franco J, Affrime M, Guerciolini R, Cutler DL, et al.(1995)  Oral and intravenous zidovudine pharmacokinetics: The effect of granulocyte-macrophage colony stimulating factor.  J. Clin. Pharmacol. 35: 856-864.  Blum MR, Liao SHT, Good SS, and deMiranda P (1988) Pharmacokinetics and bioavailability of zidovudine in human.  Am. J. Med. 85(Suppl 2A): 189-194.  Morse GD, Shelton MJ, and O'Donnell AM (1993) Comparative pharmacokinetics of antiviral nucleoside analogues.  Clin. Pharmacokinet. 24: 101-123.  ",8786245;3165603,,81890780;184934071,66.67,0,2 of 3 distinct cited papers matched in Paperclip. Unmatched citations: Comparative pharmacokinetics of antiviral nucleoside analogues.,https://paperclip.gxl.ai/citations/papers/81890780;https://paperclip.gxl.ai/citations/papers/184934071
1342,Zimelidine,"Love B L; Moore R G; Thomas J; Chaturvedi S. Pharmacokinetics of zimelidine in humans-​-​plasma levels and urinary excretion of zimelidine and norzimelidine after intravenous and oral administration of zimelidine. European journal of clinical pharmacology. 1981, 20, 135-139.//ppb: Calil H M; Jostell K G; Cowdry R W; Potter W Z   (1982) Zimelidine and norzimelidine protein binding measured by equilibrium dialysis and cerebrospinal fluid   Clin. Pharmacol Ther. 31: 522-527",6455297;6460587,,133771893;100053105,100.0,0,2 of 2 distinct cited papers matched in Paperclip.,https://paperclip.gxl.ai/citations/papers/133771893;https://paperclip.gxl.ai/citations/papers/100053105
1343,Ziprasidone,"Miceli JJ, Wilner KD, Swan SK, and Tensfeldt TG (2005) Pharmacokinetics, safety, and tolerability of intramuscular Ziprasidone in healthy volunteers. J.Clin. Pharmacol.  45:  620-630.   Aweeka F, Jayesekara D, Horton M, Swan S, Lambrecht L, Wilner KD, Sherwood J, Anziano RJ, Smolarek TA, and Turncliff RZ (2000)  The pharmacokinetics of ziprasidone in subjects with normal and impaired renal function.  Br. J. Clin. Pharmacol. 49(Suppl 1): 27s-33s. ",15901743;10771451,PMC2015058,129156160;140509523,100.0,0,2 of 2 distinct cited papers matched in Paperclip.,https://paperclip.gxl.ai/citations/papers/129156160;https://paperclip.gxl.ai/citations/papers/140509523
1344,Ziracin,"Kozawa O. et al. Antimicr. Agents Chemother. 2001, 45, 917-921. Pharmacokinetics of a new parenteral oligosaccharide antibiotic, SCH27899 (ziracin) in healthy subjects. Ppb: G. L. DRUSANO, S. L. PRESTON, C. HARDALO, R. HARE, C. BANFIELD,
D. ANDES, O. VESGA, W. A. CRAIG. Use of Preclinical Data for Selection of a Phase II/III Dose for Evernimicin and Identification of a Preclinical MIC Breakpoint. Antimicrob. Agents Chemother.  2001, 45 (1)13-22 ",11181380;11120938,PMC90393;PMC90233,10878522;18988534,100.0,0,2 of 2 distinct cited papers matched in Paperclip.,https://paperclip.gxl.ai/citations/papers/10878522;https://paperclip.gxl.ai/citations/papers/18988534
1345,Zoledronic Acid,"Skerjanec A, Berenson J, Hsu C, Major P, Miller WH, Ravera C, Schran H, Seaman J, and Waldmeier F (2003) The pharmacokinetics and pharmacodynamics of zoledronic acid in cancer patients with varying degrees of renal function.  J. Clin. Pharmacol. 43: 154-162.  Reclast Product Label.",12616668,,139892944,100.0,0,1 of 1 distinct cited papers matched in Paperclip. 1 non-paper source segment(s) excluded.,https://paperclip.gxl.ai/citations/papers/139892944
1346,Zolmitriptan,"Seaber EJ, Peck RW, Smith DA, Allanson J, Hefting NR, Van Lier JJm Sollie FAE, Wemer J, and Jonkman JHG (1998) The absolute bioavailability and effect of food on the pharmacokinetics of zolmitriptan in healthy volunteers. Br. J. Clin. Pharmacol. 46: 433-439.   Dixon R and Warrander A  (1997) The clinical pharmacokinetics of zolmitriptan.  Cephalalgia 17(Suppl 18): 15-20.",9833595;9399013,PMC1873688,140395888;48067172,100.0,0,2 of 2 distinct cited papers matched in Paperclip.,https://paperclip.gxl.ai/citations/papers/140395888;https://paperclip.gxl.ai/citations/papers/48067172
1347,Zolpidem,"Thenot JP, Hermann P, Durand A, Burke JT, Allen J, Garrigou D, Vajta S, Albin H, Thebault JJ, Olive G, and Warrington SJ (1988) Pharmacokinetics and metabolism of zolpidem in various animal species and humans.  In Imidazopyridines in Sleep Disorders (ed Sauvanet JP, Langer SZ, and Morselli PL).  Raven Press, New York, pp 139-153.",,,,0.0,0,0 of 1 distinct cited papers matched in Paperclip. Unmatched citations: Pharmacokinetics and metabolism of zolpidem in various animal species and humans.,
1348,Zonampanel,"Minematsu T, Sohida KY, Hashimoto T, Imai H, Usui T, and Kamimura H (2005) Identification of metabolites of [14C]zonampanel, an alpha-amino-3-hydroxy-5-methylisoxazole-4-propionate receptor antagonist, following intravenous infusion in healthy volunteers.  Xenobiotica  35: 359-371.",16019957,,128436253,100.0,0,1 of 1 distinct cited papers matched in Paperclip.,https://paperclip.gxl.ai/citations/papers/128436253
1349,Zoniporide,"Cross-Species Comparison of the Metabolism and Excretion of Zoniporide: Contribution of Aldehyde Oxidase to Interspecies Differences. Deepak Dalvie, Chenghong Zhang, Weichao Chen, Teresa Smolarek, R. Scott Obach, and Cho-Ming Loi. DRUG METABOLISM AND DISPOSITION, 2010,38:641–654.// ppb: Zientek M, Jiang Y, Youdim, K, and Obach RS (2010) In vitro-in vivo correlation for intrinsic clearance for drugs metabolized by human aldehyde oxidase.  Drug Metab. Dispos. 38: 1322-1327.",20040581;20444863,,104003108;102348245,100.0,0,2 of 2 distinct cited papers matched in Paperclip.,https://paperclip.gxl.ai/citations/papers/104003108;https://paperclip.gxl.ai/citations/papers/102348245
1350,Zopiclone,"Gaillot J, Heusse D, Hougton GW, Marc Aurele J, Dreyfus JF (1983) Pharmacokinetics and metabolism of zopiclone.  Pharmacology 27(suppl. 2): 76-91.  Fernandez C, Gimenez F, Thuillier A, and Farinotti R (1999) Stereoselective binding of zopiclone to human plasma proteins.  Chirality 11: 129-132.",6669634;9951403,,112281523;143766548,100.0,0,2 of 2 distinct cited papers matched in Paperclip.,https://paperclip.gxl.ai/citations/papers/112281523;https://paperclip.gxl.ai/citations/papers/143766548
1351,Zoptarelin doxorubicin,"Günter Emons, Manfred Kaufmann, Grigor Gorchev, Valentina Tsekova, Carsten Gründker, Andreas R. Günthert, Lars C. Hanker, Maya Velikova, Herbert Sindermann, Jürgen Engel, Andrew V. Schally. Dose escalation and pharmacokinetic study of AEZS-108 (AN-152), an LHRH agonist linked to doxorubicin, in women with LHRH receptor-positive tumors. Gynecol. Oncol. 2010, 119, 457–461.",20828803,,99112931,100.0,0,1 of 1 distinct cited papers matched in Paperclip.,https://paperclip.gxl.ai/citations/papers/99112931
1352,Zotarolimus,"Palaparthy R, Pradhan R, Chan J, Wang Q, Ji Q, Achari R, Chira T, Schwartz LB, O'Dea R (2005) Pharmacokinetics and safety of ABT-578, a sirolimus (rapamycin) analogue, after single intravenous bolus injection in healthy male volunteers.  Clin. Drug. Invest. 25: 491-498.//ppb: https://www.accessdata.fda.gov/drugsatfda_docs/label/2010/022334s6lbl.pdf.Accessed May 28 2017.",17532692,,127009722,100.0,0,1 of 1 distinct cited papers matched in Paperclip. 1 non-paper source segment(s) excluded.,https://paperclip.gxl.ai/citations/papers/127009722
